text,label,subcategory,method
Bugün 5 kilometre koşacağım,0,sport,original
şimdi bugün 5 kilometre koşacam.!,0,sport,time_modifier+future_tense+punctuation
Bugün 5 kilometre koşacağım bu gece,0,sport,time_modifier
akşam olunca bugün 5 kilometre koşacağım,0,sport,time_modifier
az sonra bugün 5 kilometre koşıcam,0,sport,future_tense+case_variant+time_modifier
ben de bugün 5 kilometre koşacağım,0,sport,subject_prefix
Bugün 5 kilometre koşacağım bugün içinde,0,sport,case_variant+time_modifier
yakında bugün 5 kilometre koşacağım,0,sport,time_modifier
Bugün 5 kilometre tempo yapacam bugün içinde,0,sport,time_modifier+synonym_swap+future_tense
Bugün 5 kilometre tempo yapacağım,0,sport,synonym_swap
Bugün 5 kilometre tempo yapacağım.!,0,sport,synonym_swap+punctuation
Bu hafta bugün 5 kilometre koşacağım.,0,sport,time_modifier+case_variant+punctuation
Sabah 30 dakika yürüyüş yapacağım,0,sport,original
kesin olarak sabah 30 dakika yürüyüş yapacağım,0,sport,typo+subject_prefix
ben sabah 30 dakika gezinti yapacağım.,0,sport,synonym_swap+punctuation+subject_prefix
ben de sabah 30 dakika yuruyüş yapacağım,0,sport,typo+subject_prefix
karar verdim artık sabah 30 dakika yürüyüş yapacağım az sonra,0,sport,filler+time_modifier+subject_prefix
ben sabah 30 dakika yürüyüş yapacağim,0,sport,typo+subject_prefix
Sabah 30 dakika yürüyüş yapacağım az sonra,0,sport,time_modifier
ya sabah 30 dakika yürüyüş yapacam...,0,sport,punctuation+future_tense+subject_prefix
saatler içinde sabah 30 dakika yürüyüş yapacağım.,0,sport,time_modifier+typo+punctuation
Sabah 30 dakika yürüyüş yapacağım.,0,sport,punctuation
bugün ben sabah 30 dakika yürüyüş yapıcam,0,sport,future_tense+case_variant+subject_prefix
gece olunca sabah 30 dakika yürüyüş yapacağım,0,sport,case_variant+time_modifier
Akşam yoga seansı yapacağım,0,sport,original
Akşam yoga seansı yapacağım yarın,0,sport,time_modifier
ya akşam yoga seansı yapacağım akşama..,0,sport,subject_prefix+time_modifier+punctuation
Akşam yoga seansı yapacağım az sonra,0,sport,typo+time_modifier+case_variant
akşam yoga seansı yapacağım...,0,sport,punctuation+synonym_swap+case_variant
saatler içinde akşam yoga seansı yapacağım,0,sport,synonym_swap+case_variant+time_modifier
Akşam yoga seansı yapıcam,0,sport,future_tense
valla akşam yoga seansı yapacağım yakında,0,sport,filler+time_modifier
Akşam yoga seansı yapacağım artık,0,sport,filler
Akşam yoga seansı yapacağım bugün içinde,0,sport,time_modifier
bu hafta akşam yoga seansı yapacağım,0,sport,time_modifier
akşam olunca akşam yoga seansı yapacağım artık,0,sport,time_modifier+filler
Haftada 3 gün spor salonuna gideceğim,0,sport,original
aslında ya haftada 3 gün spor salonuna gideceğim,0,sport,subject_prefix+filler
yani haftada 3 gün spor salonuna gideceğim,0,sport,filler
bugün haftada 3 gün spor salonuna gidecem galiba,0,sport,future_tense+filler+time_modifier
ben de haftada 3 gün spor salonuna gideceğim,0,sport,subject_prefix
Haftada 3 gün spor salonuna gideceğim!,0,sport,typo+punctuation
Haftada 3 gün spor salonuna gideceğim artık bu gece,0,sport,filler+time_modifier+typo
Haftada 3 gün spor salonuna gidicem,0,sport,future_tense
bugün ben haftada 3 gün spor salonuna gidecem,0,sport,subject_prefix+future_tense+case_variant
kesin gece olunca haftada 3 gün spor salonuna gideceğim.,0,sport,time_modifier+punctuation+filler
bugün bence haftada 3 gün spor salonuna gideceğim.!,0,sport,punctuation+subject_prefix+time_modifier
gece olunca haftada 3 gün spor salonuna gidecem,0,sport,time_modifier+future_tense
30 dakika bisiklete bineceğim,0,sport,original
sanırım 30 dakika bisiklete bineceğim bugün içinde,0,sport,case_variant+time_modifier+subject_prefix
30 dakika bisiklete bineceğim kesin,0,sport,filler
30 dakika bisiklete binicem.!,0,sport,future_tense+punctuation+case_variant
sanırım 30 dakika bisiklete bineceğim,0,sport,subject_prefix
30 dakika bisiklete bineceğim..,0,sport,synonym_swap+punctuation
30 dakika bisiklete binicem yani,0,sport,future_tense+filler
30 dakika bisiklete bineceğim.,0,sport,punctuation
30 dakika bisiklete bineceğim bu hafta!,0,sport,case_variant+time_modifier+punctuation
bu hafta 30 dakika bisiklete bineceğim,0,sport,time_modifier
30 dakika bisiklete binicem,0,sport,future_tense
bu gece ben 30 dakika bisiklete bineceğim,0,sport,subject_prefix+synonym_swap+time_modifier
ip atlayacağım 100 kere,0,sport,original
ip zıplayacağım 100 kere.!,0,sport,synonym_swap+punctuation
ip atlayacağım 100 kere!,0,sport,punctuation
kararımı verdim ip atlayacağım 100 kere akşama,0,sport,subject_prefix+time_modifier
ip atlayıcam 100 kere bu hafta,0,sport,future_tense+time_modifier
ben de ip zıplayacağım 100 kere yakında,0,sport,synonym_swap+subject_prefix+time_modifier
ip kendimi bırakacağım 100 kere,0,sport,synonym_swap
ip atlayacam 100 kere..,0,sport,punctuation+future_tense+typo
ip atlayıcam 100 kere valla,0,sport,future_tense+filler
ben de ip zıplayacağım 100 kere,0,sport,synonym_swap+subject_prefix
ip atlayacağım 100 kere bugün içinde.!,0,sport,time_modifier+punctuation
ip atlayacağim 100 kere.!,0,sport,typo+punctuation
Yüzme antrenmanına gideceğim,0,sport,original
karar verdim yüzme Antrenmanına gideceğim,0,sport,subject_prefix+case_variant
ben de yüzme antrenmanına gidecem,0,sport,future_tense+subject_prefix+typo
Yüzme antrenmanına uğrayacağım,0,sport,punctuation+synonym_swap+typo
sanırım yüzme antrenmanına gidicem!,0,sport,subject_prefix+punctuation+future_tense
Yüzme antrenmanına gidecem,0,sport,future_tense
saatler içinde yüzme antrenmanına uğrayacağım,0,sport,time_modifier+synonym_swap
aslında yüzme antrenmanına uğrayacağım,0,sport,typo+synonym_swap+filler
şimdi yüzme antrenmanına uğrayacağım,0,sport,synonym_swap+time_modifier
aslında yüzme antrenmanına gideceğim,0,sport,filler
Yüzme antrenmanına gideceğim...,0,sport,punctuation+typo
valla yüzme antrenmanına gideceğim,0,sport,typo+filler+case_variant
Basketbol oynayacağım arkadaşlarla,0,sport,original
sanırım basketbol oynayacağım arkadaşlarla...,0,sport,filler+punctuation
bugün ben basketbol oynayacağım arkadaşlarla!,0,sport,punctuation+subject_prefix
artık basketbol oynayacağım arkadaşlarla,0,sport,subject_prefix
ben de basketbol oynayacağım arkadaşlarla,0,sport,typo+subject_prefix
aslında basketbol oynayacağım arkadaşlarla,0,sport,typo+filler
Basketbol oynayıcam arkadaşlarla,0,sport,typo+synonym_swap+future_tense
Basketbol oynayacağım arkadaşlarla. bu gece,0,sport,typo+punctuation+time_modifier
aslında basketbol oynayıcam arkadaşlarla,0,sport,future_tense+filler
sanırım basketbol oynayıcam arkadaşlarla,0,sport,subject_prefix+future_tense
Basketbol oynayacağım arkadaşlarla sanırım,0,sport,synonym_swap+filler
Basketbol oynayacagım arkadaşlarla,0,sport,case_variant+typo
Pilates dersine katılacağım,0,sport,original
bu gece kesin olarak pilates dersine katılacam,0,sport,future_tense+subject_prefix+time_modifier
artık pilates dersine katılacağım,0,sport,subject_prefix
kesin pilates dersine katılacağım,0,sport,filler
Pilates dersine katılacağım aslında,0,sport,filler
karar verdim pilates dersine katılacağım,0,sport,subject_prefix+case_variant
Ben de pilates dersine katılıcam,0,sport,future_tense+subject_prefix+case_variant
Kesin olarak pilates dersine katılıcam,0,sport,future_tense+subject_prefix+case_variant
Pilates dersine katılacam...,0,sport,punctuation+future_tense+synonym_swap
galiba pilates dersine katılacağım...,0,sport,punctuation+filler
Pilates dersine katılacağım sanırım,0,sport,typo+filler
yarın sabah pilates dersine katılacağım,0,sport,time_modifier
Şınav çekeceğim 20 tane,0,sport,original
Şınav çekeceğim 20 tane sanırım,0,sport,filler
Şınav çekeceğim 20 tane artık,0,sport,filler
sanırım şınav çekeceğim 20 tane,0,sport,synonym_swap+subject_prefix
yani şınav çekeceğim 20 tane,0,sport,case_variant+filler
Şınav çekeceğim 20 tane galiba,0,sport,filler
bugün şınav çekeceğim 20 tane,0,sport,time_modifier
karar verdim şınav çekeceğim 20 tane..,0,sport,synonym_swap+subject_prefix+punctuation
Şınav çekeceğim 20 tane.!,0,sport,punctuation+synonym_swap
sanırım şınav çekeceğim 20 tane... sanırım,0,sport,punctuation+subject_prefix+filler
Şınav çekeceğim 20 tane bugün içinde,0,sport,time_modifier
artık şınav çekeceğim 20 tane,0,sport,subject_prefix
mekik çekicem 50 tane,0,sport,original
mekik çekicem 50 tane valla,0,sport,filler
az sonra mekik Çekicem 50 tane,0,sport,case_variant+future_tense+time_modifier
sanırım mekik çekicem 50 tane,0,sport,subject_prefix
mekik çekicem 50 tane az sonra,0,sport,case_variant+punctuation+time_modifier
mekik çekicem 50 tane artık,0,sport,filler+synonym_swap
bu akşam mekik çekicem 50 tane,0,sport,time_modifier
ben mekik çekicem 50 tane,0,sport,typo+subject_prefix
artık mekik çekicem 50 tane az sonra,0,sport,time_modifier+typo+filler
bugün mekik çekicem 50 tane,0,sport,time_modifier
sanırım artık mekik çekicem 50 tane,0,sport,filler+subject_prefix
mekik çekicem 50 tane.!,0,sport,case_variant+punctuation+synonym_swap
Akşam koşusuna çıkacağım parkta,0,sport,original
yarın Akşam koşusuna çıkacağım parkta,0,sport,time_modifier+case_variant
Akşam koşusuna çıkacam parkta,0,sport,future_tense
Akşam koşusuna çıkacağım parkta..,0,sport,case_variant+punctuation
galiba akşam koşusuna çıkıcam parkta,0,sport,filler+synonym_swap+future_tense
Akşam koşusuna çıkıcam parkta kesin,0,sport,case_variant+filler+future_tense
ben de akşam koşusuna çıkacağım parkta,0,sport,subject_prefix+case_variant
Akşam koşusuna çıkacağım parkta galiba,0,sport,filler
sanırım akşam koşusuna çıkacağım parkta,0,sport,punctuation+filler
evet akşam koşusuna çıkacağım parkta aslında,0,sport,filler+subject_prefix
Akşam koşusuna çıkacam parkta...,0,sport,punctuation+future_tense
kesin akşam koşusuna çıkıcam parkta,0,sport,filler+synonym_swap+future_tense
voleybol antrenmanım var bugün,0,sport,original
artık voleybol antrenmanım var bugün..,0,sport,filler+punctuation+synonym_swap
yani ya voleybol antrenmanım var bugün,0,sport,subject_prefix+filler+synonym_swap
voleybol antrenmanım var bugün.. bu hafta,0,sport,synonym_swap+punctuation+time_modifier
valla voleybol antrenmanım var bugün,0,sport,filler
voleybol antrenmanım var bugün kesin,0,sport,filler
voleybol antrenmanım var bugun,0,sport,case_variant+synonym_swap+typo
bugün ben voleybol antrenmanım var bugün,0,sport,subject_prefix
evet voleybol antrenmanım var bugün,0,sport,typo+subject_prefix
sanırım voleybol antrenmanım var bugün,0,sport,future_tense+subject_prefix
akşam olunca voleybol antrenmanım var bugün kesin,0,sport,filler+typo+time_modifier
artık valla voleybol antrenmanım var bugün,0,sport,filler+subject_prefix
Sabah esneme hareketleri yapacağım,0,sport,original
bugün sabah esneme hareketleri yapacağım,0,sport,typo+time_modifier+synonym_swap
ben sabah esneme hareketleri yapacağım,0,sport,subject_prefix+synonym_swap
Sabah esneme hareketleri yapacağım bu gece,0,sport,time_modifier+case_variant
ya sabah esneme hareketleri yapıcam,0,sport,subject_prefix+future_tense
Sabah esneme hareketleri yapacağım.!,0,sport,typo+punctuation
ya sabah esneme hareketleri yapacağım!,0,sport,typo+subject_prefix+punctuation
saatler içinde sabah esneme hareketleri yapacağım,0,sport,time_modifier
Sabah esneme hareketleri yapacağım yarın,0,sport,time_modifier+typo
Sabah esneme hareketleri yapıcam,0,sport,case_variant+future_tense+typo
saatler içinde evet sabah esneme hareketleri yapacağım,0,sport,subject_prefix+time_modifier
kararımı verdim sabah esneme hareketleri yapacağım,0,sport,subject_prefix
Tenis dersine başlayacağım,0,sport,original
artık tenis dersine başlayacağım,0,sport,filler
Tenis dersine başlayacağım valla,0,sport,filler
bence tenis dersine başlayıcam,0,sport,subject_prefix+future_tense+synonym_swap
artık tenis dersine başlayacağım..,0,sport,typo+punctuation+subject_prefix
galiba tenis dersine başlayıcam,0,sport,filler+future_tense
ben de tenis dersine başlayacağım.!,0,sport,case_variant+punctuation+subject_prefix
Tenis dersine başlayacam,0,sport,future_tense+case_variant
kesin olarak tenis dersine başlayacağım,0,sport,synonym_swap+case_variant+subject_prefix
Tenis dersine başlayıcam,0,sport,future_tense
kararımı verdim tenis dersine başlayacağım bugün içinde,0,sport,subject_prefix+time_modifier
yakında tenis Dersine başlayacağım,0,sport,case_variant+typo+time_modifier
Bugün dağa tırmanacağım arkadaşlarla,0,sport,original
artık bugün dağa tırmanacağım arkadaşlarla,0,sport,filler
Bugün dağa tırmanıcam arkadaşlarla,0,sport,punctuation+future_tense+synonym_swap
karar verdim bugün dağa tırmanacağım arkadaşlarla az sonra,0,sport,time_modifier+synonym_swap+subject_prefix
Bugün dağa tırmanacam arkadaşlarla.!,0,sport,punctuation+future_tense
Bugün dağa tırmanacağım arkadaşlarla az sonra.!,0,sport,time_modifier+punctuation+synonym_swap
bu gece bugün dağa tırmanacağım arkadaşlarla galiba,0,sport,time_modifier+filler
akşam olunca bugün dağa tırmanacağım arkadaşlarla,0,sport,time_modifier
Bugün dağa tırmanacağım arkadaşlarla.!,0,sport,typo+case_variant+punctuation
Bugün dağa tırmanacağım arkadaşlarla sanırım,0,sport,filler
Bugün dağa tırmanacağım arkadaşlarla.,0,sport,punctuation
Bugün dağa tırmanacağım arkadaşlarla yani bugün içinde,0,sport,filler+time_modifier
Yarın sabah erken kalkıp koşuya çıkacağım,0,sport,original
Yarın sabah erken kalkıp koşuya çıkacam..,0,sport,punctuation+future_tense+synonym_swap
valla yarın sabah erken kalkıp koşuya çıkacağım,0,sport,filler
Yarın sabah erken kalkıp koşuya çıkacam,0,sport,future_tense
Yarın sabah erken kalkıp koşuya çıkacağım sabaha,0,sport,synonym_swap+time_modifier
gece olunca yarın sabah erken kalkıp koşuya çıkacağım,0,sport,synonym_swap+typo+time_modifier
Yarın sabah erken kalkıp koşuya çıkacağım.,0,sport,punctuation
bugün yarın sabah erken kalkıp koşuya çıkacam..,0,sport,punctuation+future_tense+time_modifier
yakında yarın sabah erken kalkıp koşuya çıkacam!,0,sport,time_modifier+punctuation+future_tense
sanırım yarın sabah erken kalkıp koşuya çıkacam,0,sport,filler+future_tense
sanırım yarın sabah erken kalkıp koşuya çıkacağım,0,sport,subject_prefix
Yarın sabah erken Kalkıp koşuya çıkacağım!,0,sport,punctuation+synonym_swap+case_variant
Plates yapıcam evde,0,sport,original
Plates yapıcam evde.!,0,sport,typo+future_tense+punctuation
galiba plates yapıcam evde,0,sport,synonym_swap+filler+typo
bence plates yapıcam evde,0,sport,typo+subject_prefix
yani plates yapıcam evde,0,sport,filler
bu hafta plates yapıcam evde,0,sport,time_modifier
Plates yapıcam evde! yarın,0,sport,punctuation+typo+time_modifier
karar verdim plates yapıcam evde,0,sport,future_tense+subject_prefix
Plates yapıcam evde!,0,sport,punctuation+future_tense
bu akşam plates yapıcam evde..,0,sport,synonym_swap+time_modifier+punctuation
artık plates yapıcam evde!,0,sport,punctuation+future_tense+subject_prefix
Plates yapıcam evde bu hafta,0,sport,future_tense+time_modifier
Akşamları yürüyüşe çıkma alışkanlığı edineceğim,0,sport,original
kesin olarak akşamları yürüyüşe çıkma alışkanlığı edineceğim,0,sport,subject_prefix
Akşamları yürüyüşe çıkma alışkanlığı edineceğim sabaha,0,sport,time_modifier
Akşamları yürüyüşe çıkma alışkanlığı Edineceğim!,0,sport,case_variant+punctuation
Akşamları yürüyüşe çıkma alışkanlığı edinecem,0,sport,future_tense
Akşamları yürüyüşe çıkma alışkanlığı edineceğim galiba!,0,sport,filler+punctuation
ben de akşamları yüruyüşe çıkma alışkanlığı edineceğim,0,sport,typo+subject_prefix
az sonra akşamları yürüyüşe çıkma alışkanlığı edinecem,0,sport,case_variant+future_tense+time_modifier
sanırım akşamları yürüyüşe çıkma alışkanlığı edineceğim,0,sport,subject_prefix
Akşamları yürüyüşe çıkma alışkanlığı edinicem,0,sport,punctuation+future_tense
galiba akşamları yürüyüşe çıkma alışkanlığı edineceğim bugün içinde,0,sport,typo+time_modifier+filler
aslında akşamları yürüyüşe çıkma alışkanlığı edinicem,0,sport,future_tense+synonym_swap+filler
Crossfit antrenmanına gideceğim,0,sport,original
yakında crossfit antrenmanına uğrayacağım,0,sport,time_modifier+synonym_swap
Crossfit antrenmanına gideceğim yani,0,sport,filler+typo+punctuation
kararımı verdim crossfit antrenmanına uğrayacağım sabaha,0,sport,time_modifier+synonym_swap+subject_prefix
Crossfit antrenmanına gideceğim sabaha,0,sport,time_modifier
artık crossfit antrenmanına gideceğim.!,0,sport,punctuation+filler
sanırım crossfit antrenmanına gideceğim,0,sport,subject_prefix
karar verdim crossfit antrenmanına gideceğim,0,sport,subject_prefix
saatler içinde crossfit antrenmanına gideceğim,0,sport,time_modifier
Crossfit antrenmanına gideceğim valla,0,sport,filler+typo
Crossfit antrenmanına gidecegim.. aslında,0,sport,punctuation+typo+filler
sanırım crossfit antrenmanına gidecem,0,sport,future_tense+subject_prefix
Sabah 6 da kalkıp egzersiz yapacağım,0,sport,original
sanırım sabah 6 da kalkıp egzersiz yapıcam,0,sport,filler+future_tense
Sabah 6 da kalkıp egzersiz yapacağım bu hafta,0,sport,time_modifier
Sabah 6 da kalkıp egzersiz yapacam,0,sport,future_tense+synonym_swap
yani sabah 6 da kalkıp egzersiz yapacağım,0,sport,filler+case_variant
Sabah 6 da kalkıp egzersiz yapacağım.!,0,sport,punctuation
ben sabah 6 da kalkıp egzersiz yapacağım,0,sport,subject_prefix
Sabah 6 da kalkıp egzersiz yapacağım kesin,0,sport,filler
sanırım sabah 6 da kalkıp egzersiz yapacağım galiba,0,sport,subject_prefix+filler+typo
Sabah 6 da kalkıp egzersiz yapıcam!,0,sport,future_tense+typo+punctuation
sanırım kesin olarak sabah 6 da kalkıp egzersiz yapacağım,0,sport,typo+subject_prefix+filler
bence sabah 6 da kalkıp egzersiz yapacağım,0,sport,subject_prefix
Bugün 10000 adım atmaya çalışacağım,0,sport,original
Bugün 10000 adım atmaya çalışacağım az sonra,0,sport,typo+time_modifier
kesin olarak bugün 10000 adım atmaya çalışacağım.!,0,sport,typo+punctuation+subject_prefix
yakında bugün 10000 adım atmaya çalışacağım,0,sport,time_modifier+punctuation+typo
az sonra artık bugün 10000 adım atmaya çalışacağım,0,sport,filler+time_modifier
Bugün 10000 adım atmaya çalışıcam,0,sport,future_tense
Kararımı verdim bugün 10000 adım atmaya çalışacağım,0,sport,subject_prefix+case_variant+synonym_swap
ya bugün 10000 adım atmaya çalışacağım,0,sport,subject_prefix
Bugün 10000 adım atmaya çalışacağım aslında,0,sport,synonym_swap+filler+case_variant
sanırım bugün 10000 adım atmaya çalışacağım,0,sport,filler+typo
evet bugün 10000 adım atmaya çalışacağım kesin,0,sport,filler+synonym_swap+subject_prefix
artık bugün 10000 adım atmaya çalışacağım,0,sport,subject_prefix+typo
Hafta sonu doğa yürüyüşüne gideceğim,0,sport,original
bugün ben valla hafta sonu doğa yürüyüşüne gideceğim,0,sport,filler+typo+subject_prefix
yarın sabah hafta sonu doğa yürüyüşüne gideceğim,0,sport,time_modifier+typo
Hafta sonu doğa yürüyüşüne gidecem...,0,sport,punctuation+future_tense
Hafta sonu doğa yürüyüşüne gideceğim... bugün içinde,0,sport,punctuation+time_modifier
Hafta sonu doğa yürüyüşüne gidicem,0,sport,future_tense
Hafta sonu doğa yürüyüşüne gideceğim.,0,sport,punctuation
ya hafta sonu doğa yürüyüşüne gideceğim,0,sport,subject_prefix+typo
şimdi hafta sonu doğa yürüyüşüne gideceğim,0,sport,time_modifier
Hafta sonu doğa yürüyüsüne gideceğim,0,sport,typo
Hafta sonu doğa yürüyüşüne gidecem,0,sport,future_tense
aslında hafta sonu doğa yürüyüşüne gidicem,0,sport,filler+future_tense
Pazartesi günü spor salonuna kayıt yaptıracağım,0,sport,original
Pazartesi günü spor salonuna kayıt yaptıracam.!,0,sport,future_tense+punctuation+case_variant
Pazartesi günü spor salonuna kayıt yaptıracam,0,sport,typo+future_tense
Pazartesi günü spor salonuna kayıt yaptıracağım bugün içinde,0,sport,typo+time_modifier+punctuation
pazartesi günü spor salonuna kayıt yaptıracağım..,0,sport,case_variant+punctuation
Pazartesi günü spor salonuna kayıt yaptıracağım.,0,sport,punctuation
aslında pazartesi günü spor salonuna kayıt yaptıracağım.,0,sport,filler+punctuation+synonym_swap
sanırım pazartesi günü spor salonuna kayıt yaptıracağım,0,sport,filler
Aslında pazartesi günü spor salonuna kayıt yaptıracağım,0,sport,typo+filler+case_variant
Pazartesi günü spor Salonuna kayıt yaptırıcam,0,sport,case_variant+future_tense
ya galiba pazartesi günü spor salonuna kayıt yaptıracağım,0,sport,filler+synonym_swap+subject_prefix
Pazartesi günü spor salonuna kayıt yaptıracağım.!,0,sport,punctuation
Trambolinde 15 dakika zıplayacağım,0,sport,original
Trambolinde 15 dakika zıplayacağım galiba,0,sport,filler
Trambolinde 15 dakika zıplayacağım!,0,sport,punctuation
Kesin olarak trambolinde 15 dakika zıplayacağım,0,sport,typo+subject_prefix+case_variant
karar verdim trambolinde 15 dakika zıplayacağım,0,sport,subject_prefix
gece olunca artık trambolinde 15 dakika zıplayıcam,0,sport,filler+future_tense+time_modifier
bugün ben trambolinde 15 dakika zıplayacağım...,0,sport,punctuation+subject_prefix
ben de trambolinde 15 dakika Zıplayacağım artık,0,sport,subject_prefix+case_variant+filler
Trambolinde 15 dakika zıplayacam,0,sport,future_tense
bu akşam trambolinde 15 dakika zıplayacağım,0,sport,time_modifier
ya trambolinde 15 dakika zıplayacağım,0,sport,subject_prefix+punctuation
evet kesin trambolinde 15 dakika zıplayacağım.!,0,sport,punctuation+filler+subject_prefix
Sahile gidip yürüyüş yapacağım,0,sport,original
evet sahile gidip yürüyüş yapacağim yani,0,sport,subject_prefix+typo+filler
Sahile gidip gezinti yapacağım!,0,sport,punctuation+synonym_swap
evet bu hafta sahile gidip yürüyüş yapıcam,0,sport,time_modifier+future_tense+subject_prefix
sanırım sahile gidip yürüyüş yapacağım,0,sport,typo+filler
Sahile gidip gezinti yapacağım bugün içinde,0,sport,time_modifier+synonym_swap+typo
ben de sahile gidip yürüyüş yapacağım yarın,0,sport,subject_prefix+typo+time_modifier
akşam olunca kararımı verdim sahile gidip yürüyüş yapacağım valla,0,sport,subject_prefix+filler+time_modifier
sanırım akşam olunca sahile gidip yürüyüş yapacağım,0,sport,time_modifier+subject_prefix
Kararımı verdim sahile gidip yürüyüş yapacağım,0,sport,subject_prefix+case_variant+typo
Sahile gidip yürüyüş yapıcam,0,sport,future_tense
sahile gidip gezinti yapacağım,0,sport,synonym_swap+typo+case_variant
Sabah egzersizine başlayacağım,0,sport,original
Sabah Egzersizine başlayacağım.,0,sport,case_variant+punctuation
ben de sabah egzersizine başlayacagım,0,sport,typo+subject_prefix+synonym_swap
bu hafta sabah egzersizine başlayacağım kesin,0,sport,filler+time_modifier
sanırım bu akşam sabah egzersizine başlayacağım,0,sport,time_modifier+subject_prefix
az sonra sabah egzersizine başlayacağım,0,sport,synonym_swap+time_modifier
Sabah egzersizine başlayacağım bugün içinde,0,sport,typo+time_modifier
Sabah egzersizine başlayacağım... yakında,0,sport,punctuation+time_modifier+typo
galiba sabah egzersizine başlayıcam,0,sport,filler+future_tense
Sabah egzersizine başlayıcam..,0,sport,punctuation+future_tense+typo
bugün ben aslında sabah egzersizine başlayacağım,0,sport,filler+subject_prefix+case_variant
Sabah egzersizine başlayacam,0,sport,future_tense+synonym_swap
Düzenli yürüyüşe çıkmaya başlayacağım,0,sport,original
sanırım düzenli yürüyüşe çıkmaya başlayacağım,0,sport,synonym_swap+subject_prefix+case_variant
Düzenli yürüyüşe çıkmaya başlayacağım aslında,0,sport,filler+typo
yakında düzenli yürüyüşe çıkmaya başlayacam aslında,0,sport,time_modifier+filler+future_tense
Düzenli yürüyüşe çıkmaya başlayacam,0,sport,future_tense
Düzenli yürüyüşe çıkmaya başlayacağım!,0,sport,punctuation+typo+synonym_swap
galiba bence düzenli yürüyüşe Çıkmaya başlayacağım,0,sport,subject_prefix+filler+case_variant
Düzenli yürüyüşe çıkmaya başlayacağım galiba,0,sport,filler+punctuation
Düzenli yürüyüşe çıkmaya başlayacağım kesin,0,sport,punctuation+filler
Düzenli Yürüyüşe çıkmaya başlayıcam,0,sport,future_tense+case_variant
yarın sabah düzenli yürüyüşe çıkmaya başlayacağım,0,sport,time_modifier
akşam olunca düzenli yürüyüşe çıkmaya başlayacağım,0,sport,typo+time_modifier
İlk maratonuma hazırlanacağım,0,sport,original
valla ilk maratonuma hazirlanacağim..,0,sport,filler+typo+punctuation
İlk maratonuma hazırlanacağım kesin,0,sport,filler
artık ilk maratonuma hazırlanacağım,0,sport,case_variant+filler
İlk Maratonuma hazırlanacağım yakında,0,sport,case_variant+time_modifier
bugün ben i̇lk maratonuma hazırlanacağım sanırım,0,sport,filler+subject_prefix
kararımı verdim i̇lk maratonuma hazırlanacağım,0,sport,typo+synonym_swap+subject_prefix
bence i̇lk maratonuma hazırlanacam,0,sport,future_tense+subject_prefix
İlk maratonuma hazırlanacağım.,0,sport,case_variant+punctuation
İlk maratonuma hazırlanacam,0,sport,future_tense
İlk maratonuma hazırlanıcam,0,sport,synonym_swap+future_tense+typo
İlk maratonuma hazırlanacağım bu gece!,0,sport,time_modifier+punctuation
Halı sahaya gideceğim arkadaşlarla,0,sport,original
aslında halı sahaya gideceğim arkadaşlarla..,0,sport,filler+punctuation
Halı sahaya uğrayacağım arkadaşlarla...,0,sport,synonym_swap+case_variant+punctuation
Halı sahaya gidicem arkadaşlarla,0,sport,future_tense
sanırım halı sahaya gideceğim arkadaşlarla,0,sport,subject_prefix+punctuation
Halı sahaya uğrayacağım arkadaşlarla,0,sport,case_variant+synonym_swap
kararımı verdim sanırım halı sahaya gideceğim arkadaşlarla az sonra,0,sport,filler+subject_prefix+time_modifier
bence halı sahaya gidicem arkadaşlarla!,0,sport,subject_prefix+future_tense+punctuation
halı sahaya uğrayacağım arkadaşlarla bugün içinde,0,sport,synonym_swap+time_modifier+case_variant
Halı sahaya gideceğim arkadaşlarla yakında artık,0,sport,time_modifier+filler
Halı sahaya gideceğim arkadaşlarla sanırım,0,sport,filler
artık halı sahaya gidicem arkadaşlarla,0,sport,future_tense+subject_prefix
Daha çok bol bol egzersiz yapacağım,0,sport,original
yarın daha çok bol bol egzersiz yapacağım,0,sport,time_modifier
daha çok bol bol egzersiz yapacağım.!,0,sport,case_variant+punctuation
Daha çok bol bol egzersiz yapacağım.,0,sport,punctuation+case_variant
galiba daha çok bol bol egzersiz yapacağım,0,sport,filler
Daha çok bol bol egzersiz yapacağım! aslında,0,sport,punctuation+synonym_swap+filler
Daha çok bol bol egzersiz yapacağım yarın,0,sport,synonym_swap+typo+time_modifier
daha çok bol bol egzersiz yapacağım yani,0,sport,filler+case_variant+punctuation
gece olunca daha çok bol bol egzersiz yapacağım...,0,sport,time_modifier+punctuation
Daha çok bol bol egzersiz yapacağım valla,0,sport,filler
Daha çok bol bol egzersiz yapacagım,0,sport,typo
Daha çok bol bol egzersiz yapacam,0,sport,future_tense
Bugün Python çalışacağım,0,study,original
kararımı verdim bugün Python çalışıcam,0,study,future_tense+subject_prefix
Bugün Python çalışacağım galiba,0,study,filler+typo
bugün ben bugün Python çalışacağım. kesin,0,study,subject_prefix+punctuation+filler
Bugün Python çalışıcam,0,study,future_tense
Bugün Python çalışacağım artık,0,study,filler
bu gece bugün Python çalışacağım,0,study,time_modifier
şimdi bugün Python çalışacam,0,study,future_tense+time_modifier
Bugün Python çalısıcam,0,study,synonym_swap+typo+future_tense
evet bugün Python çalışacağım yani,0,study,synonym_swap+filler+subject_prefix
ben de bugün Python çalışacağım!,0,study,subject_prefix+punctuation+typo
aslında bugün Python çalışacağım,0,study,filler
2 saat kitap okuyacağım,0,study,original
2 saat kitap okuyıcam,0,study,future_tense+case_variant
bu akşam sanırım 2 saat kitap inceleyeceğim,0,study,subject_prefix+synonym_swap+time_modifier
2 saat kitap okuyacam!,0,study,punctuation+future_tense
galiba 2 saat kitap okuyacam,0,study,future_tense+typo+filler
2 saat kitap okuyacağım..,0,study,punctuation
2 saat kitap inceleyeceğim,0,study,synonym_swap
2 saat kitap inceleyeceğim sabaha...,0,study,time_modifier+punctuation+synonym_swap
kesin olarak 2 saat kitap okuyacağım...,0,study,punctuation+typo+subject_prefix
ya 2 saat kitap Okuyacağım,0,study,case_variant+subject_prefix
2 saat kitap okuyacağım artık,0,study,filler
evet 2 saat kitap okuyıcam artık,0,study,subject_prefix+future_tense+filler
Matematik soruları çözeceğim,0,study,original
Matematik soruları çözeceğim.,0,study,punctuation
Matematik soruları çözeceğim sanırım,0,study,synonym_swap+filler
valla matematik soruları çözeceğim,0,study,filler+synonym_swap
akşam olunca evet matematik soruları çözeceğim,0,study,subject_prefix+time_modifier
galiba matematik soruları çözecem,0,study,future_tense+case_variant+filler
ben matematik soruları çözeceğim,0,study,subject_prefix
Matematik soruları çözeceğim yani,0,study,filler
yani matematik soruları çözeceğim!,0,study,filler+punctuation+synonym_swap
Matematik soruları çözicem yani,0,study,typo+future_tense+filler
kesin matematik soruları çözecegim bugün içinde,0,study,typo+filler+time_modifier
Matematik soruları çözicem,0,study,typo+future_tense
İngilizce kelime ezberleyeceğim,0,study,original
İngilizce kelime ezberleyeceğim.,0,study,synonym_swap+punctuation
İngilizce kelime ezberleyeceğim bu gece,0,study,time_modifier+punctuation
İngilizce kelime ezberleyecem,0,study,future_tense
İngilizce kelime ezberleyeceğim valla,0,study,filler
İngilizce kelime ezberleyeceğim sabaha,0,study,time_modifier+case_variant
sanırım valla ingilizce kelime ezberleyecem,0,study,filler+subject_prefix+future_tense
ben de i̇ngilizce kelime ezberleyeceğim,0,study,subject_prefix
aslında ingilizce Kelime ezberleyeceğim,0,study,synonym_swap+case_variant+filler
i̇ngilizce kelime ezberleyeceğim bu gece...,0,study,time_modifier+case_variant+punctuation
gece olunca ingilizce kelime ezberleyeceğim,0,study,time_modifier
artık i̇ngilizce kelime ezberleyeceğim galiba,0,study,typo+filler+subject_prefix
Online kursa devam edeceğim,0,study,original
online kursa devam edecem,0,study,typo+future_tense+case_variant
kesin olarak online kursa devam edeceğim,0,study,subject_prefix+synonym_swap
az sonra online kursa devam edeceğim,0,study,time_modifier
Online kursa devam edecegim..,0,study,punctuation+typo
kararımı verdim online kursa devam edeceğim.,0,study,subject_prefix+punctuation+synonym_swap
kararımı verdim online kursa devam edeceğim,0,study,case_variant+subject_prefix
ben de online kursa devam edeceğim,0,study,subject_prefix
bugün ben online kursa devam edeceğim,0,study,typo+subject_prefix
Online kursa devam edeceğim sabaha,0,study,case_variant+time_modifier
bugün online kursa devam edeceğim aslında,0,study,time_modifier+filler
kesin olarak online kursa devam edeceğim aslında,0,study,typo+filler+subject_prefix
Tezimi yazmaya devam edeceğim,0,study,original
galiba karar verdim tezimi yazmaya devam edeceğim,0,study,subject_prefix+filler+typo
kesin olarak tezimi yazmaya devam edeceğim.!,0,study,punctuation+subject_prefix
ben de tezimi yazmaya devam edeceğim,0,study,synonym_swap+subject_prefix
artık tezimi yazmaya devam edeceğim,0,study,typo+subject_prefix
ben tezimi yazmaya devam edeceğim.!,0,study,subject_prefix+punctuation+case_variant
ben de aslında tezimi yazmaya devam edeceğim,0,study,synonym_swap+filler+subject_prefix
yarın tezimi yazmaya devam edeceğim artık.!,0,study,filler+time_modifier+punctuation
Tezimi yazmaya devam edicem,0,study,typo+future_tense
aslında tezimi yazmaya devam edeceğim,0,study,typo+case_variant+filler
Tezimi yazmaya devam edecem bugün içinde,0,study,time_modifier+future_tense
akşam olunca tezimi yazmaya devam edeceğim,0,study,time_modifier
Algoritma çalışacam bugün,0,study,original
kesin olarak algoritma çalışacam bugün galiba,0,study,synonym_swap+filler+subject_prefix
sanırım ya algoritma çalışacam bugün,0,study,subject_prefix+filler+future_tense
Algoritma çalışacam bugün akşama,0,study,time_modifier+future_tense
artık algoritma çalışacam bugün,0,study,case_variant+subject_prefix
ya galiba algoritma çalışacam bugün,0,study,filler+subject_prefix+synonym_swap
bugün ben bu hafta algoritma çalışacam bugün,0,study,time_modifier+subject_prefix
Algoritma çalışacam bugün.!,0,study,punctuation
bence algoritma çalışacam bugün sabaha,0,study,subject_prefix+case_variant+time_modifier
kesin olarak algoritma çalışacam bugün bu hafta,0,study,subject_prefix+time_modifier
Algoritma çalişacam bugün,0,study,typo+synonym_swap
sanırım algoritma çalışacam bugün,0,study,filler
KPSS hazırlığı yapacağım,0,study,original
KPSS hazırlığı yapacağım kesin!,0,study,filler+case_variant+punctuation
karar verdim yarın sabah kPSS hazırlığı yapacağım,0,study,time_modifier+subject_prefix
artık kPSS hazırlığı yapacam yani,0,study,subject_prefix+filler+future_tense
ben de kPSS hazırlığı yapacağım,0,study,subject_prefix+case_variant
kararımı verdim kPSS hazırlığı yapacağım,0,study,subject_prefix+case_variant
bence kPSS hazırlığı yapacağım bu gece,0,study,subject_prefix+time_modifier
KPSS hazırlığı yapacam,0,study,future_tense+synonym_swap
KPSS hazırlığı yapacağım galiba.!,0,study,filler+synonym_swap+punctuation
şimdi kesin kPSS hazırlığı yapacağım,0,study,filler+time_modifier
evet kPSS hazırlığı yapacam,0,study,future_tense+subject_prefix
ya kPSS hazırlığı yapacağım,0,study,subject_prefix+typo
Yarın sınava çalışmaya başlayacağım,0,study,original
akşam olunca yarın sınava Çalışmaya başlayacağım,0,study,time_modifier+case_variant
galiba yarın sınava çalışmaya başlayacağım,0,study,filler
Yarın sınava çalışmaya başlayıcam,0,study,future_tense+synonym_swap
Yarın sınava çalışmaya başlayacağım yarın,0,study,time_modifier+synonym_swap
kesin yarın sınava çalışmaya başlayacağım!,0,study,punctuation+typo+filler
Yarın sınava çalışmaya başlayacağım valla,0,study,case_variant+filler+typo
sanırım yarın sınava çalışmaya başlayacağım bu hafta,0,study,time_modifier+filler
artık yarın sınava çalışmaya başlayacağım. sabaha,0,study,subject_prefix+punctuation+time_modifier
bugün yarın sınava çalışmaya başlayacağım,0,study,typo+synonym_swap+time_modifier
galiba yarın sınava çalışmaya başlayıcam,0,study,filler+future_tense
Yarın sınava çalışmaya başlayacağım..,0,study,punctuation+synonym_swap+typo
Bir saat ders dinleyeceğim,0,study,original
Bir saat ders dinleyeceğim bugün içinde,0,study,time_modifier+punctuation+synonym_swap
yakında bir saat ders dinleyeceğim,0,study,typo+time_modifier+synonym_swap
Bir saat ders dinleyeceğim!,0,study,punctuation+case_variant
ben yani bir saat ders dinleyeceğim,0,study,filler+typo+subject_prefix
ya bir saat ders dinleyeceğim,0,study,subject_prefix
Bir saat ders dinleyecem,0,study,future_tense+synonym_swap
valla kararımı verdim bir saat ders dinleyeceğim..,0,study,subject_prefix+punctuation+filler
Bir saat ders dinleyeceğim...,0,study,case_variant+punctuation
yarın sabah bir saat ders dinleyecem,0,study,time_modifier+punctuation+future_tense
bugün ben bir saat ders dinleyeceğim,0,study,subject_prefix+synonym_swap
Bir saat ders dinleyecegim,0,study,typo
Kodlama egzersizleri çözeceğim,0,study,original
Kodlama egzersizleri çözeceğim akşama,0,study,case_variant+time_modifier
Karar verdim kodlama egzersizleri çözecem,0,study,subject_prefix+future_tense+case_variant
galiba kodlama egzersizleri çözeceğim.,0,study,punctuation+filler
yani kodlama egzersizleri çözecegim bugün içinde,0,study,filler+typo+time_modifier
aslında kodlama egzersizleri çözeceğim az sonra,0,study,time_modifier+filler
Kodlama egzersizleri çözeceğim yani,0,study,filler
kesin kodlama egzersizleri çözeceğim,0,study,filler
Kodlama egzersizleri çözeceğim..,0,study,punctuation
ya kodlama egzersizleri çözeceğim,0,study,typo+subject_prefix+case_variant
şimdi kodlama egzersizleri çözeceğim,0,study,time_modifier
Kodlama egzersizleri çözicem,0,study,future_tense
React öğrenmeye devam edeceğim,0,study,original
React öğrenmeye devam edeceğim...,0,study,case_variant+punctuation+typo
sanırım react öğrenmeye devam edeceğim,0,study,subject_prefix
saatler içinde react öğrenmeye devam edeceğim,0,study,synonym_swap+typo+time_modifier
ben şimdi react öğrenmeye devam edeceğim.,0,study,time_modifier+subject_prefix+punctuation
bugün ben react öğrenmeye devam edecem,0,study,future_tense+subject_prefix+punctuation
kararımı verdim react öğrenmeye devam edicem...,0,study,subject_prefix+punctuation+future_tense
bugün ben react öğrenmeye devam edeceğim az sonra,0,study,case_variant+time_modifier+subject_prefix
ya react öğrenmeye devam edeceğim yarın,0,study,time_modifier+subject_prefix
React öğrenmeye devam edecem...,0,study,punctuation+future_tense
artık bugün ben react öğrenmeye devam edeceğim,0,study,subject_prefix+filler
galiba react öğrenmeye devam edecem,0,study,future_tense+filler+typo
veri yapıları konusunu tekrar edicem,0,study,original
ben veri yapıları konusunu tekrar edicem,0,study,subject_prefix
karar verdim bu akşam veri yapıları konusunu tekrar edicem,0,study,typo+time_modifier+subject_prefix
Veri yapıları konusunu tekrar edicem bu gece,0,study,time_modifier+case_variant
veri yapıları konusunu tekrar edicem az sonra,0,study,time_modifier+synonym_swap
Yakında veri yapıları konusunu tekrar edicem,0,study,time_modifier+case_variant
Veri yapıları konusunu tekrar edicem...,0,study,case_variant+punctuation
valla veri yapıları konusunu tekrar edicem,0,study,filler+typo
bu gece veri yapıları konusunu tekrar edicem,0,study,case_variant+future_tense+time_modifier
bugün ben veri yapıları konusunu tekrar edicem.!,0,study,typo+punctuation+subject_prefix
galiba veri yapıları konusunu tekrar edicem bu hafta,0,study,time_modifier+case_variant+filler
sanırım veri yapıları konusunu tekrar edicem bu hafta sanırım,0,study,subject_prefix+time_modifier+filler
Yeni bir kitap almaya gideceğim,0,study,original
yeni bir kitap almaya gideceğim akşama,0,study,case_variant+time_modifier
yarın sabah yeni bir kitap almaya gidecem galiba,0,study,time_modifier+filler+future_tense
bu akşam yeni bir kitap almaya gideceğim...,0,study,punctuation+typo+time_modifier
kesin olarak yeni bir kitap almaya gideceğim,0,study,subject_prefix
bu hafta yeni bir kitap almaya gidicem,0,study,future_tense+time_modifier
Yeni bir kitap almaya gideceğim...,0,study,punctuation
ben yeni bir kitap almaya gidicem.,0,study,future_tense+punctuation+subject_prefix
yani yeni bir kitap almaya gideceğim,0,study,filler+case_variant
bugün ben yeni bir kitap almaya gideceğim,0,study,subject_prefix
Yeni bir kitap almaya gidecem,0,study,future_tense
Yeni bir kitap almaya uğrayacağım,0,study,synonym_swap
Akşam dersleri bitirip ödev yapacağım,0,study,original
akşam dersleri bitirip ödev yapacağım yarın,0,study,time_modifier+case_variant
bu gece aslında akşam dersleri bitirip ödev yapacağım,0,study,filler+typo+time_modifier
Akşam dersleri bitirip ödev yapıcam bu hafta,0,study,future_tense+time_modifier
Akşam dersleri bitirip ödev yapıcam,0,study,future_tense+synonym_swap
Akşam dersleri bitirip ödev yapacağım.,0,study,punctuation
Akşam dersleri bitirip ödev yapacam,0,study,future_tense
Aksam dersleri bitirip ödev yapacağım,0,study,case_variant+synonym_swap+typo
Akşam dersleri bitirip ödev yapacağım!,0,study,synonym_swap+punctuation
Akşam dersleri bitirip ödev Yapacağım...,0,study,punctuation+synonym_swap+case_variant
ben akşam dersleri bitirip ödev yapacağım.,0,study,punctuation+synonym_swap+subject_prefix
Akşam dersleri bitirip ödev yapacağım aslında,0,study,filler
Tarih konusunu özetleyeceğim,0,study,original
şimdi tarih konusunu özetleyicem,0,study,synonym_swap+time_modifier+future_tense
Tarih konusunu özetleyicem akşama,0,study,future_tense+typo+time_modifier
valla tarih konusunu özetleyeceğim.!,0,study,punctuation+typo+filler
Tarih konusunu özetleyeceğim.,0,study,punctuation+case_variant+typo
bu gece tarih konusunu özetleyeceğim,0,study,case_variant+time_modifier
sanırım tarih konusunu özetleyeceğim,0,study,filler
yakında tarih konusunu özetleyeceğim,0,study,synonym_swap+typo+time_modifier
Tarih konusunu özetleyecem,0,study,future_tense
evet tarih konusunu özetleyecem,0,study,subject_prefix+typo+future_tense
Tarih konusunu özetleyeceğim.! bugün içinde,0,study,punctuation+time_modifier
ben de tarih konusunu özetleyeceğim,0,study,subject_prefix
Fizik problemleri çözeceğim,0,study,original
Fizik problemleri çözeceğim bu hafta,0,study,case_variant+time_modifier
fizik problemleri çözicem sabaha,0,study,future_tense+time_modifier+case_variant
sanırım bugün ben fizik problemleri çözeceğim,0,study,subject_prefix+filler
bugün ben fizik problemleri çözeceğim.!,0,study,subject_prefix+punctuation
Fizik problemleri çözecem..,0,study,punctuation+synonym_swap+future_tense
bu akşam fizik problemleri çözeceğim,0,study,time_modifier
Fizik problemleri çözicem artık,0,study,future_tense+filler+synonym_swap
Fizik problemleri çözeceğim kesin,0,study,filler+synonym_swap
gece olunca fizik problemleri çözeceğim,0,study,time_modifier+typo
bu gece fizik problemleri çözeceğim yani,0,study,synonym_swap+time_modifier+filler
fizik problemleri çözicem,0,study,case_variant+future_tense
Sertifika sınavına hazırlanacağım,0,study,original
Sertifika sınavına hazırlanacagım,0,study,typo
Sertifika sınavına hazırlanıcam valla.,0,study,filler+punctuation+future_tense
Sertifika sınavına hazırlanacam,0,study,future_tense
akşam olunca sertifika sınavına hazırlanacağım,0,study,synonym_swap+time_modifier
ben sertifika sınavına hazırlanacağım,0,study,case_variant+punctuation+subject_prefix
bu akşam sanırım sertifika sınavına hazırlanacağım,0,study,filler+time_modifier
saatler içinde yani sertifika sınavına hazırlanacağım,0,study,filler+time_modifier
Sertifika sınavına hazırlanacağım az sonra,0,study,time_modifier+synonym_swap
Sertifika sınavına hazırlanacağım yani,0,study,filler+synonym_swap
ben yarın sabah sertifika sınavına hazırlanacağım,0,study,typo+time_modifier+subject_prefix
Sertifika sınavına hazırlanacağım artık,0,study,filler+synonym_swap
ingilizce listening yapcam 30 dakika,0,study,original
ingilizce listening yapcam 30 dakika yarın,0,study,future_tense+time_modifier
ingilizce listening yapcam 30 dakika!,0,study,punctuation
ben galiba ingilizce listening yapcam 30 dakika,0,study,synonym_swap+filler+subject_prefix
kararımı verdim ingilizce listening yapcam 30 dakika,0,study,subject_prefix+future_tense+synonym_swap
ben ingilizce listening yapcam 30 dakika,0,study,subject_prefix
saatler içinde ingilizce listening yapcam 30 dakika.,0,study,time_modifier+punctuation
bugün ben ingilizce listening yapcam 30 dakika...,0,study,case_variant+subject_prefix+punctuation
ingilizce listening yapcam 30 dakika az sonra,0,study,time_modifier+future_tense+case_variant
yarın ingilizce listening yapcam 30 dakika,0,study,future_tense+time_modifier
sanırım sanırım ingilizce listening yapcam 30 dakika,0,study,filler+subject_prefix+typo
az sonra ingilizce listening yapcam 30 dakika,0,study,time_modifier+typo
Akademik makale okuyacağım,0,study,original
ben de akademik makale okuyacağım.!,0,study,punctuation+subject_prefix
bugün akademik makale inceleyeceğim aslında,0,study,time_modifier+filler+synonym_swap
bugün ben akademik makale okuyacağım,0,study,subject_prefix
Akademik makale okuyacağım bu gece,0,study,typo+time_modifier
Akademik makale inceleyeceğim,0,study,synonym_swap
sanırım akademik makale okuyacam,0,study,future_tense+subject_prefix
akademik makale okuyacağım valla,0,study,filler+case_variant
ya akademik makale okuyıcam akşama,0,study,future_tense+time_modifier+subject_prefix
bugün bugün ben akademik makale okuyacağım..,0,study,punctuation+subject_prefix+time_modifier
karar verdim akademik makale okuyacağım,0,study,subject_prefix
evet akademik makale inceleyeceğim,0,study,synonym_swap+subject_prefix+punctuation
Yeni bir programlama dili öğrenmeye başlayacağım,0,study,original
Yeni bir programlama dili öğrenmeye başlayacam bu gece,0,study,future_tense+synonym_swap+time_modifier
ya yeni bir programlama dili öğrenmeye başlayacağım,0,study,case_variant+subject_prefix+punctuation
Yeni bir Programlama dili öğrenmeye başlayacağım..,0,study,case_variant+punctuation
Yeni bir programlama dili öğrenmeye başlayacağım bu hafta,0,study,case_variant+time_modifier+typo
kesin olarak yeni bir programlama dili öğrenmeye başlayıcam...,0,study,subject_prefix+punctuation+future_tense
Yeni bir programlama dili öğrenmeye başlayacağım!,0,study,synonym_swap+punctuation
kesin olarak yeni bir programlama dili öğrenmeye başlayacağım aslında.,0,study,filler+punctuation+subject_prefix
valla ya yeni bir programlama dili öğrenmeye başlayıcam,0,study,subject_prefix+filler+future_tense
sanırım kesin olarak yeni bir programlama dili öğrenmeye başlayacağım,0,study,subject_prefix+punctuation+filler
sanırım yeni bir programlama dili öğrenmeye başlayacağım!,0,study,punctuation+subject_prefix
saatler içinde yeni bir programlama dili öğrenmeye başlayacağım,0,study,time_modifier+synonym_swap
Kütüphaneye gidip kitap alacağım,0,study,original
Kütüphaneye gidip kitap edineceğim bu hafta yani,0,study,time_modifier+synonym_swap+filler
artık kütüphaneye gidip kitap alacağım,0,study,subject_prefix
Kütüphaneye gidip kitap alacağım.!,0,study,punctuation
saatler içinde kütüphaneye gidip kitap alacağım,0,study,time_modifier
Kütüphaneye gidip kitap alıcam,0,study,future_tense
Kütüphaneye gidip kitap edineceğim,0,study,synonym_swap+typo
Kütüphaneye gidip kitap alacam,0,study,future_tense
ben kütüphaneye gidip kitap alacam!,0,study,punctuation+future_tense+subject_prefix
Kütüphaneye gidip kitap alacam.,0,study,future_tense+punctuation+typo
gece olunca kütüphaneye gidip kitap alacağım,0,study,case_variant+time_modifier
ben kütüphaneye gidip kitap alıcam,0,study,subject_prefix+future_tense
Online ders dinleyeceğim,0,study,original
Online ders dinleyeceğim galiba.!,0,study,filler+punctuation
Online ders dinleyeceğim...,0,study,punctuation
Online ders dinleyeceğim bu hafta,0,study,synonym_swap+time_modifier
artık online ders dinleyeceğim,0,study,subject_prefix
online ders dinleyecem,0,study,future_tense+case_variant+typo
Online ders dinleyicem!,0,study,future_tense+synonym_swap+punctuation
valla online ders dinleyecem,0,study,future_tense+case_variant+filler
kesin olarak online ders dinleyeceğim az sonra...,0,study,subject_prefix+time_modifier+punctuation
Gece olunca online ders dinleyeceğim.!,0,study,time_modifier+punctuation+case_variant
Online ders dinleyeceğim yarın,0,study,time_modifier+case_variant
kesin online ders dinleyeceğim,0,study,filler
Çalışmaktan kaçındığım konuya başlayacağım,0,study,original
ya çalışmaktan kaçındığım konuya başlayacağım,0,study,typo+subject_prefix
Çalışmaktan kaçındığım konuya başlayacağım artık,0,study,filler
Çalışmaktan kaçındığım konuya başlayacam,0,study,future_tense
yani çalışmaktan kaçındığım konuya başlayacağım,0,study,filler
az sonra çalısmaktan kaçındığım konuya baslayacağım.!,0,study,time_modifier+punctuation+typo
ben çalışmaktan kaçındığım konuya başlayacağım,0,study,subject_prefix
Çalışmaktan kaçındığım konuya başlayacağım.!,0,study,punctuation+typo
yarın çalışmaktan kaçındığım konuya başlayacam,0,study,time_modifier+future_tense+typo
çalışmaktan kaçındığım konuya başlayacağım..,0,study,case_variant+punctuation
ben de çalışmaktan kaçındığım konuya başlayıcam,0,study,subject_prefix+future_tense
Çalışmaktan kaçındığım konuya başlayacağım.,0,study,typo+punctuation
Hatasız 20 İngilizce cümle kurmaya çalışacağım,0,study,original
ben hatasız 20 İngilizce cümle kurmaya çalışacağım,0,study,subject_prefix
gece olunca hatasız 20 İngilizce cümle kurmaya çalışacağım,0,study,time_modifier
bu gece hatasız 20 İngilizce cümle kurmaya çalışacağım aslında,0,study,filler+time_modifier
bugün ben hatasız 20 İngilizce cümle kurmaya çalışacağım,0,study,subject_prefix+synonym_swap+typo
Hatasız 20 İngilizce cümle kurmaya çalışıcam yani,0,study,future_tense+filler
evet hatasız 20 İngilizce cümle kurmaya çalışacağım!,0,study,synonym_swap+punctuation+subject_prefix
Hatasız 20 İngilizce cümle kurmaya çalışacağım yakında..,0,study,time_modifier+synonym_swap+punctuation
Hatasız 20 i̇ngilizce cümle kurmaya çalışacağım bu gece,0,study,typo+time_modifier+case_variant
yani hatasız 20 İngilizce cümle kurmaya çalışacağım,0,study,filler+typo+synonym_swap
sanırım hatasız 20 İngilizce cümle kurmaya çalışacağım,0,study,synonym_swap+subject_prefix
Hatasız 20 İngilizce cümle kurmaya calışacağım yakında,0,study,typo+synonym_swap+time_modifier
Patron ile toplantıya hazırlanacağım,0,study,original
Patron ile toplantıya hazırlanacağım bu gece,0,study,time_modifier+synonym_swap
valla patron ile toplantıya hazırlanıcam,0,study,future_tense+typo+filler
artık aslında patron ile toplantıya hazırlanacağım,0,study,filler+subject_prefix+typo
Patron ile toplantıya hazırlanacağım valla...,0,study,filler+punctuation
Patron ile toplantıya hazırlanacağım sabaha,0,study,time_modifier
Patron ile toplantıya hazırlanacağım..,0,study,punctuation
artık patron ile toplantıya hazırlanacağım,0,study,case_variant+filler+typo
bugün ben patron ile toplantıya hazırlanacam,0,study,typo+future_tense+subject_prefix
valla patron ile toplantıya hazırlanacağım,0,study,synonym_swap+filler
saatler içinde patron ile toplantıya hazırlanacağım,0,study,time_modifier+typo
gece olunca patron ile toplantıya hazırlanacağım,0,study,time_modifier+typo+synonym_swap
Yeni bir dil öğrenmeye başlayacağım,0,study,original
kesin yeni bir dil öğrenmeye başlayacağım,0,study,filler
Yeni bir dil öğrenmeye başlayıcam,0,study,future_tense+case_variant+synonym_swap
bugün ben yeni bir dil öğrenmeye başlayacağım... bugün içinde,0,study,subject_prefix+punctuation+time_modifier
ya yeni bir dil öğrenmeye başlayacağım,0,study,typo+subject_prefix
ben de yeni bir dil öğrenmeye başlayacağım,0,study,subject_prefix
Yeni bir dil öğrenmeye Başlayacağım.,0,study,case_variant+typo+punctuation
kesin olarak yeni bir dil Öğrenmeye baslayacağım,0,study,subject_prefix+case_variant+typo
Yeni bir dil oğrenmeye başlayacağım,0,study,typo
kesin olarak yeni bir dil öğrenmeye başlayacağım artık,0,study,subject_prefix+filler
karar verdim yeni bir dil öğrenmeye başlayacam,0,study,future_tense+subject_prefix+synonym_swap
Yeni bir dil öğrenmeye başlayacağım!,0,study,synonym_swap+punctuation+typo
İspanyolca dersi almaya gideceğim,0,study,original
i̇spanyolca dersi almaya gideceğim...,0,study,case_variant+punctuation+typo
İspanyolca Dersi almaya gidicem,0,study,punctuation+case_variant+future_tense
İspanyolca dersi almaya gideceğim!,0,study,punctuation
İspanyolca dersi almaya uğrayacağim.,0,study,synonym_swap+typo+punctuation
akşam olunca ispanyolca dersi almaya uğrayacam,0,study,time_modifier+synonym_swap+future_tense
yani ispanyolca dersi almaya gideceğim.,0,study,filler+punctuation
kesin ispanyolca dersi almaya gidecem..,0,study,punctuation+future_tense+filler
ben de i̇spanyolca dersi almaya gideceğim,0,study,subject_prefix
bence i̇spanyolca dersi almaya gidicem,0,study,typo+future_tense+subject_prefix
İspanyolca dersi almaya gideceğim bu gece,0,study,case_variant+time_modifier
İspanyolca dersi almaya uğrayacağım,0,study,synonym_swap
Almanca pratik yapıcam,0,study,original
Almanca pratik yapıcam...,0,study,punctuation+synonym_swap+future_tense
Almanca pratik yapıcam valla,0,study,filler+synonym_swap+future_tense
Almanca pratik yapıcam!,0,study,punctuation
akşam olunca almanca pratik yapıcam,0,study,time_modifier
aslında almanca pratik yapıcam.,0,study,future_tense+punctuation+filler
ben almanca pratik yapıcam,0,study,subject_prefix
ben de almanca pratik yapıcam valla,0,study,synonym_swap+subject_prefix+filler
bugün ben almanca pratik yapıcam,0,study,typo+subject_prefix
sanırım almanca pratik yapıcam..,0,study,future_tense+punctuation+filler
Almanca Pratik yapıcam galiba,0,study,case_variant+filler+future_tense
Almanca pratik yapıcam akşama,0,study,future_tense+synonym_swap+time_modifier
Yeni bir uygulama yazmaya başlayacağım,0,study,original
Sanırım yeni bir uygulama yazmaya başlayacağım,0,study,typo+filler+case_variant
ben yeni bir uygulama yazmaya başlayıcam,0,study,subject_prefix+future_tense+typo
Yeni bir uygulama yazmaya başlayacağım.! akşama,0,study,punctuation+time_modifier+synonym_swap
artık yeni bir uygulama yazmaya başlayacağım,0,study,subject_prefix
Yeni bir uygulama yazmaya başlayıcam bu gece,0,study,case_variant+time_modifier+future_tense
artık bu akşam yeni bir uygulama yazmaya başlayacağım.!,0,study,time_modifier+subject_prefix+punctuation
kesin olarak valla yeni bir uygulama yazmaya baslayacağım,0,study,filler+subject_prefix+typo
Yeni bir uygulama yazmaya başlayacağım kesin,0,study,filler+synonym_swap
Yeni bir uygulama yazmaya başlayacağım! aslında,0,study,case_variant+punctuation+filler
yakında yeni bir uygulama yazmaya başlayacağim,0,study,typo+time_modifier
Yeni bir uygulama yazmaya başlayacağım...,0,study,punctuation
Github e kod push edicem,0,study,original
evet github e kod push edicem galiba,0,study,filler+subject_prefix
kesin olarak github e kod push edicem,0,study,subject_prefix
artık github e kod push edicem akşama,0,study,time_modifier+typo+subject_prefix
bu gece github e kod push edicem!,0,study,time_modifier+punctuation
artık github e kod push edicem artık,0,study,subject_prefix+filler+synonym_swap
bu gece github e kod push edicem,0,study,time_modifier+synonym_swap
karar verdim github e kod push edicem akşama,0,study,subject_prefix+time_modifier
ya aslında github e kod push edicem,0,study,filler+subject_prefix+future_tense
şimdi github e kod push edicem,0,study,time_modifier
Github e kod push edicem...,0,study,punctuation+synonym_swap+typo
Github e kod push Edicem.,0,study,case_variant+typo+punctuation
Açık kaynak projeye katkı vereceğim,0,study,original
bugün ben açık kaynak projeye katkı vereceğim,0,study,typo+subject_prefix
yakında açık kaynak projeye katkı vereceğim,0,study,case_variant+synonym_swap+time_modifier
Kesin açık kaynak projeye katkı vereceğim,0,study,filler+case_variant
bugün ben açık kaynak projeye katkı vereceğim az sonra,0,study,subject_prefix+time_modifier
kararımı verdim açık kaynak projeye katkı vereceğim,0,study,subject_prefix
Açık kaynak projeye katkı vereceğim!,0,study,punctuation
galiba yakında açık kaynak projeye katkı vereceğim.!,0,study,time_modifier+punctuation+filler
valla açık kaynak projeye katkı vereceğim bu gece,0,study,filler+synonym_swap+time_modifier
Açık kaynak projeye katkı verecem,0,study,future_tense
gece olunca evet açık kaynak projeye katkı vereceğim.,0,study,subject_prefix+time_modifier+punctuation
sanırım açık kaynak projeye katkı vereceğim,0,study,subject_prefix
Online forumda soru cevaplayacağım,0,study,original
Online forumda soru cevaplayıcam,0,study,future_tense+punctuation+typo
yarın aslında online forumda soru cevaplayacağım,0,study,filler+time_modifier
evet Online forumda soru cevaplayacağım.!,0,study,subject_prefix+case_variant+punctuation
online forumda soru cevaplayacağım!,0,study,punctuation+synonym_swap+case_variant
Online forumda soru cevaplayacam,0,study,future_tense
galiba online forumda soru cevaplayacağım bu gece,0,study,typo+filler+time_modifier
Online forumda soru cevaplayıcam bu gece,0,study,time_modifier+future_tense+synonym_swap
ben de online forumda soru cevaplayacam,0,study,typo+subject_prefix+future_tense
karar verdim online forumda soru cevaplayacağım,0,study,typo+subject_prefix
akşam olunca online forumda soru cevaplayacağım,0,study,time_modifier
online forumda soru cevaplayacağım bu gece,0,study,case_variant+time_modifier
Mülakata hazırlanacağım,0,study,original
şimdi Mülakata hazırlanıcam,0,study,time_modifier+case_variant+future_tense
ben de mülakata hazırlanacağım,0,study,subject_prefix
karar verdim mülakata hazırlanacağım kesin,0,study,case_variant+subject_prefix+filler
Mulakata hazırlanacağım kesin,0,study,typo+filler
ben de mülakata hazırlanacağım aslında,0,study,filler+subject_prefix+typo
artık bu hafta mülakata hazırlanacağım.,0,study,time_modifier+punctuation+filler
ben de artık mülakata hazırlanacağım,0,study,typo+filler+subject_prefix
Mülakata hazırlanacam yani,0,study,future_tense+typo+filler
bugün mülakata hazırlanacağım,0,study,time_modifier+case_variant
mülakata hazırlanacağım. galiba,0,study,case_variant+punctuation+filler
Mülakata hazırlanıcam bu gece,0,study,case_variant+time_modifier+future_tense
Yarın mülakatım var hazırlık yapacağım,0,study,original
Yarın mülakatım var hazırlık yapacam,0,study,future_tense
karar verdim yarın mülakatım var hazırlık yapacağım.,0,study,punctuation+subject_prefix+typo
yarin mülakatım var hazırlık yapacağim,0,study,typo+case_variant
karar verdim yarın mülakatım var hazırlık Yapıcam,0,study,case_variant+subject_prefix+future_tense
Yarın mülakatım var hazırlık yapacağım aslında,0,study,filler+synonym_swap+case_variant
Yarın mülakatım var hazırlık yapacağım kesin,0,study,filler+punctuation
artık saatler içinde yarın mülakatım var hazırlık yapacağım,0,study,time_modifier+subject_prefix
bence yarın mülakatım var hazırlık yapacağım,0,study,synonym_swap+typo+subject_prefix
bugün ben yarın mülakatım var hazırlık yapacam..,0,study,future_tense+punctuation+subject_prefix
Yarın mülakatım var hazırlık yapacam!,0,study,punctuation+future_tense
kesin olarak yarın mülakatım var hazırlık yapacağım.,0,study,subject_prefix+punctuation
Hedefe odaklanıp çalışacağım,0,study,original
Hedefe odaklanıp çalışacağım az sonra,0,study,synonym_swap+time_modifier
Hedefe odaklanıp çalışacam yakında,0,study,punctuation+time_modifier+future_tense
Hedefe odaklanıp çalışıcam,0,study,future_tense+typo+synonym_swap
bugün hedefe odaklanıp çalışacağım,0,study,case_variant+synonym_swap+time_modifier
evet hedefe odaklanıp çalışıcam,0,study,subject_prefix+synonym_swap+future_tense
Hedefe odaklanıp çalışacam kesin,0,study,future_tense+filler
Hedefe odaklanıp çalışacağım..,0,study,punctuation
gece olunca hedefe odaklanıp çalışacağım sanırım,0,study,case_variant+time_modifier+filler
Hedefe odaklanıp çalışacağım artık,0,study,filler
sanırım hedefe odaklanıp çalışacağım...,0,study,punctuation+subject_prefix
Kararımı verdim hedefe odaklanıp çalışacağım,0,study,subject_prefix+case_variant
Gitar çalışacağım bugün,0,hobby,original
galiba gitar çalışacağım bugün,0,hobby,typo+filler+synonym_swap
ben de gitar çalışacağım bugün,0,hobby,subject_prefix
kesin olarak gitar çalışacağım bugün,0,hobby,subject_prefix+typo
Gitar çalışacağım bugun..,0,hobby,punctuation+typo+synonym_swap
ben gitar çalışacağım bugün,0,hobby,subject_prefix
yakında gitar çalışacağım bugün..,0,hobby,time_modifier+synonym_swap+punctuation
bugün ben gitar çalışıcam bugün,0,hobby,case_variant+subject_prefix+future_tense
evet gitar çalışacağım bugün.!,0,hobby,punctuation+subject_prefix
Gitar çalışıcam bugün kesin,0,hobby,filler+future_tense
kararımı verdim gitar çalışacağım bugün,0,hobby,subject_prefix+typo
Gitar çalışacağım bugün...,0,hobby,typo+punctuation
Resim yapacağım akşam,0,hobby,original
şimdi resim yapacağım akşam,0,hobby,time_modifier
Resim yapacağım akşam.. kesin,0,hobby,punctuation+filler
bence resim yapacağım akşam,0,hobby,typo+subject_prefix+synonym_swap
bu hafta aslında resim yapacağım akşam,0,hobby,filler+synonym_swap+time_modifier
ben de resim yapacağım akşam,0,hobby,subject_prefix
yarın sabah resim yapacağım akşam,0,hobby,time_modifier
sanırım resim yapacam akşam,0,hobby,future_tense+filler+synonym_swap
ben de resim yapıcam akşam.,0,hobby,subject_prefix+future_tense+punctuation
saatler içinde kararımı verdim resim yapacağım Akşam,0,hobby,subject_prefix+time_modifier+case_variant
Resim yapacağım akşam kesin,0,hobby,filler+synonym_swap
evet resim yapacağım akşam.,0,hobby,subject_prefix+punctuation
Yeni bir tarif deneyeceğim mutfakta,0,hobby,original
Yeni bir tarif deneyeceğim mutfakta kesin.!,0,hobby,filler+punctuation+typo
Yeni bir tarif deneyeceğim mutfakta!,0,hobby,punctuation+synonym_swap
yakında yeni bir tarif deneyeceğim mutfakta,0,hobby,time_modifier
yarın yeni bir tarif deneyeceğim mutfakta,0,hobby,case_variant+time_modifier
Yeni bir tarif deneyeceğim mutfakta yani,0,hobby,filler+typo+synonym_swap
Yeni bir tarif deneyeceğim mutfakta bu hafta,0,hobby,typo+time_modifier
az sonra yeni bir tarif deneyeceğim mutfakta,0,hobby,case_variant+synonym_swap+time_modifier
Yeni bir tarif deneyeceğim mutfakta sanırım,0,hobby,filler
ben akşam olunca artık yeni bir tarif deneyeceğim mutfakta,0,hobby,filler+time_modifier+subject_prefix
yani yeni bir tarif deneyecem mutfakta.,0,hobby,filler+punctuation+future_tense
ben de yeni bir tarif deneyeceğim mutfakta,0,hobby,synonym_swap+subject_prefix
Bahçeyi sulayacağım,0,hobby,original
ben bahçeyi sulayacağım valla,0,hobby,filler+subject_prefix
Bahceyi sulayacağım akşama,0,hobby,time_modifier+typo
galiba bahçeyi sulayacağım,0,hobby,typo+filler
kesin bahçeyi sulayacağım,0,hobby,filler
Bahçeyi sulayacağım sanırım,0,hobby,synonym_swap+filler+typo
saatler içinde bahçeyi sulayacağım,0,hobby,time_modifier
ben bahçeyi sulayacağım,0,hobby,synonym_swap+subject_prefix
yarın bahçeyi sulayıcam,0,hobby,synonym_swap+future_tense+time_modifier
Bahçeyi sulayacağım bu gece,0,hobby,time_modifier+synonym_swap
sanırım bahçeyi sulayacağım,0,hobby,filler
valla bahçeyi sulayacağım,0,hobby,filler
Örgü öreceğim,0,hobby,original
galiba örgü oreceğim,0,hobby,punctuation+typo+filler
Örgü öreceğim!,0,hobby,punctuation
Örgü oreceğim.!,0,hobby,punctuation+typo+synonym_swap
ya örgü öricem kesin,0,hobby,subject_prefix+filler+future_tense
bu hafta kesin örgü öreceğim,0,hobby,filler+time_modifier+case_variant
evet örgü örecem,0,hobby,subject_prefix+future_tense
Örgü öricem,0,hobby,future_tense+typo
Örgü öreceğim.!,0,hobby,punctuation
Örgü oreceğim,0,hobby,typo
bugün ben örgü öreceğim,0,hobby,case_variant+subject_prefix+synonym_swap
yarın örgü öreceğim,0,hobby,time_modifier
Fotoğraf çekmeye gideceğim,0,hobby,original
Fotoğraf çekmeye gidecem,0,hobby,future_tense
yani fotoğraf çekmeye gideceğim,0,hobby,filler
ben fotoğraf çekmeye gidecem,0,hobby,case_variant+future_tense+subject_prefix
galiba fotoğraf çekmeye gideceğim,0,hobby,filler
bence fotoğraf çekmeye gidicem,0,hobby,future_tense+subject_prefix+case_variant
fotoğraf çekmeye gidecem yani,0,hobby,case_variant+filler+future_tense
bugün fotoğraf çekmeye gidecem.,0,hobby,time_modifier+future_tense+punctuation
Fotoğraf çekmeye uğrayacağım.!,0,hobby,synonym_swap+case_variant+punctuation
Fotoğraf çekmeye gideceğim.!,0,hobby,punctuation
Fotoğraf çekmeye gidicem,0,hobby,typo+future_tense
Fotoğraf çekmeye gideceğim! sanırım bugün içinde,0,hobby,punctuation+filler+time_modifier
Yeni film izleyeceğim akşam,0,hobby,original
Yeni film izleyeceğim akşam kesin,0,hobby,typo+filler
Yeni film seyredeceğim akşam,0,hobby,synonym_swap
ben de yeni film seyredeceğim akşam,0,hobby,case_variant+subject_prefix+synonym_swap
Evet yeni film izleyecem akşam,0,hobby,future_tense+subject_prefix+case_variant
artık yeni film izleyecem akşam,0,hobby,future_tense+subject_prefix
Yeni film izleyicem akşam,0,hobby,future_tense+typo
ya yeni film izleyicem aksam,0,hobby,subject_prefix+future_tense+typo
bu hafta yeni film izleyeceğim Akşam,0,hobby,typo+case_variant+time_modifier
Yeni film izleyeceğim akşam..,0,hobby,punctuation
valla yeni film izleyeceğim akşam,0,hobby,typo+filler
evet yeni film izleyicem akşam,0,hobby,typo+future_tense+subject_prefix
Podcast dinleyeceğim,0,hobby,original
yani artık podcast dinleyeceğim,0,hobby,subject_prefix+filler+case_variant
artık bugün podcast dinleyeceğim,0,hobby,time_modifier+filler
Podcast dinleyeceğim bu gece,0,hobby,time_modifier+synonym_swap
ben de podcast dinleyecem,0,hobby,typo+subject_prefix+future_tense
galiba podcast dinleyeceğim,0,hobby,filler
bugün podcast dinleyeceğim,0,hobby,time_modifier
Podcast dinleyicem bu hafta,0,hobby,time_modifier+future_tense
bence podcast dinleyeceğim,0,hobby,synonym_swap+subject_prefix
karar verdim podcast dinleyecem,0,hobby,future_tense+typo+subject_prefix
ben podcast dinleyeceğim,0,hobby,subject_prefix+synonym_swap
kesin bu gece podcast dinleyeceğim,0,hobby,punctuation+time_modifier+filler
Bulmaca çözeceğim,0,hobby,original
bence bu gece bulmaca çözeceğim,0,hobby,time_modifier+subject_prefix
kesin olarak bulmaca çözeceğim,0,hobby,subject_prefix+punctuation+typo
bu hafta sanırım bulmaca çözecem,0,hobby,future_tense+subject_prefix+time_modifier
bulmaca çözecem,0,hobby,case_variant+future_tense+synonym_swap
kararımı verdim bulmaca çözeceğim yarın,0,hobby,time_modifier+subject_prefix+synonym_swap
yani bulmaca çözeceğim,0,hobby,filler
Bulmaca çözeceğim.!,0,hobby,typo+punctuation
kesin bulmaca çözeceğim..,0,hobby,punctuation+filler
Bulmaca çözicem...,0,hobby,future_tense+punctuation
Bulmaca çözeceğim...,0,hobby,punctuation
ben de bulmaca çözecem...,0,hobby,subject_prefix+future_tense+punctuation
Satranç oynayacağım,0,hobby,original
ben de satranç oynayacağım,0,hobby,subject_prefix
Satranç oynayacağım!,0,hobby,punctuation+synonym_swap
Kesin olarak satranç oynayacağım,0,hobby,subject_prefix+case_variant+typo
kararımı verdim satranç oynayacağım,0,hobby,subject_prefix+synonym_swap
artık evet satranç oynayıcam,0,hobby,subject_prefix+filler+future_tense
Satranç oynayıcam,0,hobby,future_tense
bu gece satranç oynayacağım,0,hobby,case_variant+time_modifier+typo
artık satranç oynayacağım,0,hobby,case_variant+filler+typo
Satranç oynayacağım akşama!,0,hobby,time_modifier+punctuation
Satranç oynayacağım artık...,0,hobby,filler+punctuation+typo
yarın sabah satranç oynayacağım,0,hobby,time_modifier
piano calmaya basliyorum,0,hobby,original
ben de piano calmaya basliyorum artık...,0,hobby,filler+punctuation+subject_prefix
artık piano calmaya basliyorum,0,hobby,filler+typo
sanırım az sonra piano calmaya basliyorum,0,hobby,future_tense+time_modifier+subject_prefix
sanırım piano calmaya basliyorum,0,hobby,subject_prefix+synonym_swap
piano calmaya basliyorum.,0,hobby,future_tense+punctuation+case_variant
artık piano calmaya basliyorum!,0,hobby,filler+future_tense+punctuation
bence piano calmaya basliyorum,0,hobby,subject_prefix+synonym_swap+typo
galiba piano calmaya basliyorum,0,hobby,filler
bugün ben piano calmaya basliyorum,0,hobby,subject_prefix+punctuation+typo
piano calmaya basliyorum.!,0,hobby,punctuation+future_tense+case_variant
ben de piano calmaya basliyorum,0,hobby,subject_prefix+synonym_swap+case_variant
Evdeki bitkilere bakım yapacağım,0,hobby,original
Evdeki bitkilere bakım yapacağım!,0,hobby,punctuation
kararımı verdim evdeki bitkilere bakım yapacağım bu gece,0,hobby,subject_prefix+time_modifier+typo
kararımı verdim yani evdeki bitkilere bakım yapacağım,0,hobby,filler+subject_prefix
Evdeki bitkilere bakım yapıcam,0,hobby,future_tense
Evdeki bitkilere bakım yapacağım aslında,0,hobby,filler
Evdeki bitkilere bakım yapacağım galiba,0,hobby,filler
Evdeki bitkilere bakım yapacağım Sabaha,0,hobby,time_modifier+case_variant
yakında evdeki bitkilere bakım yapacam,0,hobby,synonym_swap+future_tense+time_modifier
ben evdeki bitkilere bakım yapacağım,0,hobby,subject_prefix
bugün ben evdeki bitkilere bakım yapıcam,0,hobby,case_variant+subject_prefix+future_tense
kesin olarak evdeki bitkilere bakım yapacağım,0,hobby,subject_prefix
Yeni bir hobi edineceğim,0,hobby,original
karar verdim yeni bir hobi edineceğim,0,hobby,subject_prefix+synonym_swap
Yeni bir hobi edinicem sanırım,0,hobby,future_tense+filler
akşam olunca yeni bir hobi edineceğim,0,hobby,time_modifier+typo
Yeni bir hobi edineceğim az sonra,0,hobby,time_modifier
bu hafta yeni bir hobi edineceğim,0,hobby,time_modifier
Yeni bir Hobi edineceğim artık,0,hobby,case_variant+synonym_swap+filler
Yeni bir hobi edineceğim galiba!,0,hobby,filler+case_variant+punctuation
saatler içinde yeni bir hobi edineceğim,0,hobby,time_modifier
Yeni bir hobi edinecem,0,hobby,typo+synonym_swap+future_tense
evet yeni bir Hobi edinicem,0,hobby,case_variant+subject_prefix+future_tense
Yeni bir hobi edineceğim bugün içinde,0,hobby,time_modifier
Çizim yapacağım defterime,0,hobby,original
Çizim yapacam defterime,0,hobby,future_tense+typo
galiba çizim yapacam defterime,0,hobby,filler+synonym_swap+future_tense
Çizim yapacağım defterime galiba,0,hobby,filler+typo+case_variant
Çizim yapıcam Defterime,0,hobby,future_tense+typo+case_variant
çizim yapıcam defterime bugün içinde,0,hobby,future_tense+time_modifier+case_variant
Çizim yapacağım defterime.,0,hobby,typo+punctuation
çizim yapacağım defterime bugün içinde,0,hobby,typo+time_modifier+case_variant
Çizim yapacağım defterime artık,0,hobby,filler+typo
bu gece çizim yapacağım defterime,0,hobby,time_modifier
bence çizim yapacağım defterime az sonra,0,hobby,subject_prefix+time_modifier
bugün ben çizim yapacağım defterime,0,hobby,subject_prefix+typo
Müzik aletim ile pratik yapacağım,0,hobby,original
bu hafta ben müzik aletim ile pratik yapacağım!,0,hobby,subject_prefix+time_modifier+punctuation
Müzik aletim ile pratik yapıcam,0,hobby,future_tense
bu gece müzik aletim ile pratik yapacağım,0,hobby,time_modifier
akşam olunca müzik Aletim ile pratik yapacağım.,0,hobby,case_variant+punctuation+time_modifier
sanırım müzik aletim ile pratik yapacağım.,0,hobby,filler+punctuation
yakında müzik aletim ile pratik yapacağım,0,hobby,time_modifier
sanırım müzik aletim ile pratik yapacağım.! akşama,0,hobby,punctuation+subject_prefix+time_modifier
saatler içinde müzik aletim ile pratik yapacam,0,hobby,future_tense+time_modifier
bu akşam müzik aletim ile pratik yapacağım,0,hobby,time_modifier
Müzik aletim ile pratik yapacağım yakında,0,hobby,typo+time_modifier
kesin olarak müzik aletim ile pratik yapacağım.,0,hobby,punctuation+subject_prefix+typo
Şarkı söyleyeceğim,0,hobby,original
yani şarkı söyleyeceğim,0,hobby,filler
Şarkı söyleyicem valla,0,hobby,filler+future_tense+synonym_swap
gece olunca şarkı söyleyeceğim,0,hobby,synonym_swap+time_modifier
Şarkı söyleyeceğim.,0,hobby,punctuation+synonym_swap
bugün ben şarkı söyleyeceğim...,0,hobby,punctuation+typo+subject_prefix
sanırım yarın şarkı söyleyeceğim,0,hobby,time_modifier+subject_prefix
bugün ben şarkı söyleyeceğim,0,hobby,subject_prefix+case_variant
evet şarkı söyleyeceğim az sonra,0,hobby,time_modifier+subject_prefix+case_variant
Şarkı söyleyeceğim yakında,0,hobby,typo+time_modifier
karar verdim bu hafta şarkı söyleyeceğim,0,hobby,time_modifier+subject_prefix
Şarkı söyleyeceğim kesin,0,hobby,filler
Origami yapacağım,0,hobby,original
sanırım origami yapacağım,0,hobby,filler
gece olunca origami yapacağım,0,hobby,time_modifier+case_variant
yani origami yapacağım.,0,hobby,filler+punctuation
Origami yapacam,0,hobby,future_tense
Origami yapacağım sanırım az sonra,0,hobby,filler+time_modifier+typo
Origami yapacam!,0,hobby,punctuation+future_tense
sanırım origami yapacağım bu gece,0,hobby,typo+filler+time_modifier
Origami yapıcam bu hafta,0,hobby,future_tense+time_modifier
Origami yapacağım... galiba,0,hobby,punctuation+filler+synonym_swap
akşam olunca origami yapacağım...,0,hobby,synonym_swap+punctuation+time_modifier
Origami yapacağım...,0,hobby,punctuation+typo
Kek yapacağım bugün,0,hobby,original
ben kek yapacağım bugün,0,hobby,subject_prefix
Kek yapacam bugün,0,hobby,future_tense
yani kek yapacağım bugün.,0,hobby,filler+punctuation+synonym_swap
Kek yapacağım bugün kesin,0,hobby,typo+filler+synonym_swap
karar verdim kek yapacağım bugün,0,hobby,typo+subject_prefix
valla kek yapacağım bugün,0,hobby,filler
kesin kek yapacağım bugün,0,hobby,case_variant+synonym_swap+filler
Kek yapıcam bugün!,0,hobby,punctuation+future_tense
Kek yapacağım bugün az sonra kesin,0,hobby,time_modifier+filler+punctuation
Kek yapacağım bugün yarın kesin,0,hobby,time_modifier+filler+synonym_swap
Kek yapacağım bugün!,0,hobby,punctuation
Roman okuyacağım uyumadan önce,0,hobby,original
Roman okuyacağım uyumadan önce kesin,0,hobby,filler
Roman inceleyeceğim uyumadan önce..,0,hobby,punctuation+synonym_swap
karar verdim roman okuyıcam uyumadan önce,0,hobby,subject_prefix+future_tense
Roman okuyacam uyumadan önce!,0,hobby,case_variant+future_tense+punctuation
kesin roman okuyacam uyumadan önce,0,hobby,filler+future_tense
Roman okuyacağım Uyumadan önce bu gece,0,hobby,case_variant+time_modifier
Roman okuyacağım uyumadan önce akşama aslında,0,hobby,time_modifier+case_variant+filler
evet roman okuyacağım uyumadan önce,0,hobby,subject_prefix+typo
Roman okuyacağım uyumadan önce akşama,0,hobby,typo+time_modifier
roman okuyıcam uyumadan önce,0,hobby,case_variant+typo+future_tense
galiba roman okuyacağım uyumadan önce.!,0,hobby,filler+punctuation
Belgesel izleyeceğim,0,hobby,original
sanırım belgesel seyredeceğim,0,hobby,typo+synonym_swap+subject_prefix
Belgesel izleyeceğim!,0,hobby,typo+punctuation
Belgesel Izleyicem kesin,0,hobby,future_tense+filler+case_variant
valla belgesel izleyeceğim,0,hobby,filler+typo
Belgesel izleyeceğim.!,0,hobby,punctuation
aslında ben belgesel izleyeceğim,0,hobby,subject_prefix+filler+case_variant
Belgesel izleyecegim,0,hobby,typo
Belgesel izleyecem,0,hobby,future_tense
belgesel izleyecem sabaha,0,hobby,time_modifier+future_tense+case_variant
ben de belgesel izleyeceğim,0,hobby,subject_prefix
kararımı verdim belgesel izleyicem..,0,hobby,subject_prefix+future_tense+punctuation
ahşap oymacılığı denicem,0,hobby,original
az sonra ahşap oymacılığı denicem...,0,hobby,time_modifier+punctuation
sanırım ahşap oymacılığı denicem bu hafta,0,hobby,punctuation+subject_prefix+time_modifier
ahşap oymacılığı denicem..,0,hobby,punctuation+future_tense
bugün ben ahşap oymacılığı denicem,0,hobby,subject_prefix+synonym_swap
artık ahşap oymacılığı denicem,0,hobby,filler
ahşap oymacılığı denicem az sonra,0,hobby,typo+time_modifier+case_variant
bu hafta ahşap oymacılığı denicem,0,hobby,time_modifier
ahşap oymacılığı denicem artık,0,hobby,filler+future_tense
ahşap oymacılığı denicem sanırım.,0,hobby,future_tense+filler+punctuation
ahşap oymacılığı Denicem bugün içinde,0,hobby,time_modifier+case_variant
ahşap oymacılığı denicem.!,0,hobby,future_tense+punctuation
Yeni bir oyun deneyeceğim,0,hobby,original
Yeni bir oyun deneyeceğim!,0,hobby,punctuation
az sonra yeni bir oyun deneyeceğim,0,hobby,time_modifier+typo
Yeni bir oyun deneyicem,0,hobby,future_tense
ben de yeni bir oyun deneyeceğim,0,hobby,synonym_swap+subject_prefix+punctuation
Yeni bir oyun deneyicem.!,0,hobby,punctuation+synonym_swap+future_tense
bu hafta yeni bir oyun deneyecem,0,hobby,synonym_swap+time_modifier+future_tense
sanırım yeni bir oyun deneyecem,0,hobby,filler+future_tense
Yeni bir oyun deneyecem,0,hobby,future_tense+synonym_swap
valla yeni bir oyun deneyeceğim,0,hobby,filler
artık yeni bir oyun deneyeceğim,0,hobby,filler
kesin olarak yeni bir oyun deneyecem yarın,0,hobby,subject_prefix+future_tense+time_modifier
Boyama kitabı dolduracağım,0,hobby,original
karar verdim boyama kitabı dolduracagım,0,hobby,subject_prefix+typo
bu hafta boyama kitabı doldurıcam,0,hobby,synonym_swap+future_tense+time_modifier
karar verdim boyama kitabı dolduracam,0,hobby,typo+subject_prefix+future_tense
Boyama kitabi dolduracağim,0,hobby,synonym_swap+typo
ben de boyama kitabı dolduracağım,0,hobby,subject_prefix+typo
bu akşam karar verdim boyama kitabı dolduracağım,0,hobby,subject_prefix+synonym_swap+time_modifier
bu akşam yani boyama kitabı dolduracağım,0,hobby,typo+filler+time_modifier
Boyama kitabı dolduracağım.!,0,hobby,case_variant+synonym_swap+punctuation
Boyama kitabı dolduracağım bu gece,0,hobby,synonym_swap+time_modifier
karar verdim boyama kitabı dolduracağım,0,hobby,subject_prefix+punctuation+synonym_swap
evet boyama kitabı dolduracağım,0,hobby,case_variant+subject_prefix+synonym_swap
Lego ile bir şeyler inşa edeceğim,0,hobby,original
Lego ile bir şeyler inşa edeceğim sabaha,0,hobby,time_modifier
ben lego ile bir şeyler inşa edeceğim,0,hobby,synonym_swap+subject_prefix
Lego ile bir şeyler inşa edeceğim yakında,0,hobby,time_modifier
kesin olarak lego ile bir şeyler inşa edeceğim bu gece,0,hobby,subject_prefix+time_modifier
yarın sabah sanırım lego ile bir şeyler inşa edeceğim...,0,hobby,punctuation+subject_prefix+time_modifier
Lego ile bir şeyler inşa edeceğim akşama,0,hobby,time_modifier
Lego ile bir şeyler inşa edicem,0,hobby,future_tense
valla lego ile bir şeyler inşa edicem bugün içinde,0,hobby,time_modifier+future_tense+filler
şimdi lego ile bir şeyler inşa edicem..,0,hobby,punctuation+time_modifier+future_tense
Lego ile bir şeyler inşa edeceğim yani,0,hobby,filler
bugün karar verdim lego ile bir şeyler inşa edeceğim,0,hobby,subject_prefix+time_modifier
Yeni bir resim çizeceğim akşam,0,hobby,original
artık yeni bir resim çizeceğim akşam,0,hobby,subject_prefix+synonym_swap
gece olunca kararımı verdim yeni bir resim çizeceğim akşam..,0,hobby,punctuation+subject_prefix+time_modifier
Yeni bir resim çizeceğim akşam galiba,0,hobby,filler
Yeni bir resim çizeceğim akşam.,0,hobby,punctuation
kesin olarak yeni bir resim çizeceğim akşam,0,hobby,subject_prefix+typo
Yeni bir resim çizecem akşam,0,hobby,case_variant+future_tense
Yeni bir resim çizeceğim akşam...,0,hobby,punctuation
bu gece yeni bir resim çizeceğim akşam,0,hobby,synonym_swap+case_variant+time_modifier
galiba yeni bir resim çizeceğim akşam,0,hobby,filler
galiba bu akşam yeni bir resim çizeceğim akşam,0,hobby,typo+time_modifier+filler
Yeni bir resim çizeceğim akşam bu gece...,0,hobby,case_variant+time_modifier+punctuation
Bahçedeki çiçekleri sulamaya çıkacağım,0,hobby,original
ben de bahçedeki çiçekleri sulamaya çıkacağım,0,hobby,subject_prefix+typo
aslında bahçedeki çiçekleri sulamaya çıkacağım.!,0,hobby,filler+punctuation+typo
sanırım bahçedeki çiçekleri sulamaya çıkıcam,0,hobby,future_tense+subject_prefix
Bahçedeki çiçekleri sulamaya çıkacağım.!,0,hobby,synonym_swap+typo+punctuation
kesin olarak bahçedeki çiçekleri sulamaya çıkacam,0,hobby,future_tense+subject_prefix+typo
Bahçedeki çiçekleri sulamaya çıkacağım.,0,hobby,punctuation
Bahçedeki çiçekleri sulamaya çıkacağım sabaha.!,0,hobby,time_modifier+punctuation+synonym_swap
Bahçedeki çiçekleri sulamaya çıkacağım..,0,hobby,punctuation
bence bahçedeki çiçekleri sulamaya çıkacağım,0,hobby,typo+subject_prefix
galiba bahçedeki çiçekleri Sulamaya çıkacağım,0,hobby,filler+case_variant
artık bahçedeki çiçekleri sulamaya çıkacağım.!,0,hobby,punctuation+typo+filler
Yeni şarkılar dinleyeceğim spotify da,0,hobby,original
yarın yeni şarkılar dinleyicem spotify da,0,hobby,time_modifier+future_tense
bu akşam yeni şarkılar dinleyeceğim spotify da,0,hobby,time_modifier
artık yeni şarkılar dinleyeceğim spotify da bu gece,0,hobby,subject_prefix+synonym_swap+time_modifier
Yeni şarkılar dinleyeceğim spotify da.,0,hobby,typo+punctuation
Yeni şarkılar dinleyeceğim spotify da...,0,hobby,punctuation+synonym_swap
ben yeni şarkılar dinleyecem spotify da sabaha,0,hobby,future_tense+subject_prefix+time_modifier
Yeni şarkılar dinleyeceğim Spotify da..,0,hobby,punctuation+synonym_swap+case_variant
sanırım aslında yeni şarkılar dinleyeceğim spotify da,0,hobby,filler+synonym_swap+subject_prefix
kararımı verdim yeni şarkılar dinleyeceğim spotify da,0,hobby,punctuation+subject_prefix
Sanırım yeni şarkılar dinleyeceğim spotify da.,0,hobby,subject_prefix+punctuation+case_variant
yakında bugün ben yeni şarkılar dinleyeceğim spotify da,0,hobby,subject_prefix+time_modifier+typo
Şiir okuyacağım bu akşam,0,hobby,original
artık şiir okuyacağım bu akşam,0,hobby,case_variant+subject_prefix
bence şiir okuyıcam bu akşam.,0,hobby,future_tense+punctuation+subject_prefix
sanırım şiir okuyacağım bu akşam,0,hobby,subject_prefix+case_variant
Şiir okuyacağım bu akşam artık,0,hobby,filler
Şiir okuyacağım bu akşam.!,0,hobby,punctuation
bence şiir inceleyeceğim bu akşam,0,hobby,case_variant+synonym_swap+subject_prefix
Şiir inceleyeceğim bu akşam akşama.!,0,hobby,time_modifier+punctuation+synonym_swap
Şiir okuyacam bu akşam,0,hobby,future_tense+synonym_swap
Şiir okuyacam bu akşam..,0,hobby,punctuation+future_tense
Şiir Inceleyeceğim bu akşam,0,hobby,synonym_swap+case_variant+typo
yarın sabah şiir okuyacağım Bu akşam,0,hobby,time_modifier+case_variant
Yazma egzersizi yapacağım,0,hobby,original
ben de yazma egzersizi yapıcam.,0,hobby,future_tense+punctuation+subject_prefix
bence yazma egzersizi yapacağım,0,hobby,typo+subject_prefix
artık yazma egzersizi yapacağım,0,hobby,filler+typo
aslında yazma egzersizi yapacağım,0,hobby,typo+filler
Yazma egzersizi yapacağım!,0,hobby,typo+punctuation+synonym_swap
Yazma egzersizi yapacağım yani,0,hobby,filler+typo
Yazma egzersizi yapıcam artık,0,hobby,typo+future_tense+filler
artık yazma egzersizi yapacağım.,0,hobby,filler+punctuation+case_variant
Yazma egzersizi yapıcam aslında,0,hobby,filler+future_tense
az sonra aslında yazma egzersizi yapacağım,0,hobby,filler+time_modifier
Yazma egzersizi yapacam galiba,0,hobby,filler+future_tense
Eski fotoğraflara bakıp anılarımı tazeleyeceğim,0,hobby,original
Eski fotoğraflara bakıp anılarımı tazeleyecem,0,hobby,synonym_swap+future_tense
Eski fotoğraflara bakıp anılarımı tazeleyicem kesin,0,hobby,filler+future_tense
bugün ben eski fotoğraflara bakıp anılarımı tazeleyeceğim valla,0,hobby,typo+filler+subject_prefix
Eski fotograflara bakıp anılarımı tazeleyicem,0,hobby,future_tense+typo
sanırım kararımı verdim eski fotoğraflara bakıp anılarımı tazeleyeceğim,0,hobby,subject_prefix+filler
Eski fotoğraflara bakıp anılarımı tazeleyeceğim..,0,hobby,typo+punctuation
kesin eski fotoğraflara bakıp anılarımı tazeleyeceğim akşama,0,hobby,time_modifier+case_variant+filler
Eski fotoğraflara bakıp anılarımı tazeleyeceğim.!,0,hobby,punctuation+typo
Eski fotoğraflara bakıp anılarımı tazeleyicem!,0,hobby,punctuation+future_tense
bence eski fotoğraflara bakıp anılarımı tazeleyeceğim,0,hobby,case_variant+subject_prefix+synonym_swap
akşam olunca eski fotoğraflara bakıp anılarımı tazeleyeceğim,0,hobby,time_modifier
Eski albümleri dinleyeceğim,0,hobby,original
Eski albümleri dinleyeceğim yarın,0,hobby,time_modifier+synonym_swap+typo
Eski albümleri dinleyeceğim sanırım,0,hobby,filler
Eski albümleri dinleyeceğim! bugün içinde,0,hobby,punctuation+time_modifier+synonym_swap
sanırim eski albümleri dinleyeceğim akşama,0,hobby,time_modifier+filler+typo
Eski albümleri dinleyecem bu hafta,0,hobby,time_modifier+future_tense+typo
yani eski albümleri dinleyicem,0,hobby,future_tense+synonym_swap+filler
Eski albümleri dinleyecem,0,hobby,future_tense+typo
Eski albümleri dinleyeceğim bu gece,0,hobby,synonym_swap+case_variant+time_modifier
sanırım eski albümleri dinleyeceğim,0,hobby,subject_prefix
gece olunca karar verdim eski albümleri dinleyeceğim!,0,hobby,punctuation+subject_prefix+time_modifier
akşam olunca eski albümleri dinleyeceğim..,0,hobby,synonym_swap+punctuation+time_modifier
Sahil kenarında oturup kitap okuyacağım,0,hobby,original
Sahil kenarında oturup kitap okuyacağım yakında,0,hobby,time_modifier
kesin olarak sahil kenarında oturup kitap inceleyeceğim,0,hobby,subject_prefix+synonym_swap
Sahil kenarında oturup kitap okuyacağım...,0,hobby,punctuation
Sahil kenarında oturup kitap inceleyeceğim,0,hobby,synonym_swap+case_variant
yakında sahil kenarında oturup Kitap okuyacağım,0,hobby,time_modifier+case_variant
sanırım galiba sahil kenarında oturup kitap okuyıcam,0,hobby,future_tense+filler+subject_prefix
Sahil kenarında oturup kitap okuyacağım.,0,hobby,case_variant+punctuation
kararımı verdim sahil kenarında oturup kitap okuyacagım,0,hobby,typo+subject_prefix+synonym_swap
galiba sahil kenarında oturup kitap okuyacağım,0,hobby,filler
bugün sahil kenarında oturup kitap okuyacam,0,hobby,time_modifier+future_tense
kesin artık sahil kenarında oturup kitap okuyıcam,0,hobby,subject_prefix+future_tense+filler
Saksı bitkilerime gübre vereceğim,0,hobby,original
Saksı bitkilerime gübre vereceğim yakında aslında,0,hobby,time_modifier+filler
Saksı bitkilerime gübre vereceğim.!,0,hobby,case_variant+typo+punctuation
Saksı bitkilerime gübre vereceğim.,0,hobby,synonym_swap+punctuation
Saksı bitkilerime gübre vereceğim yarın,0,hobby,time_modifier
Saksı bitkilerime gübre vericem bugün içinde,0,hobby,future_tense+time_modifier
Saksı bitkilerime gübre vereceğim artık,0,hobby,filler
Saksı bitkilerime gübre vereceğim kesin,0,hobby,filler+synonym_swap
Saksı bitkilerime gübre verecem,0,hobby,future_tense+typo
yani saksı bitkilerime gübre vereceğim,0,hobby,filler+synonym_swap
bu akşam saksı bitkilerime gübre vereceğim,0,hobby,typo+time_modifier
Saksı bitkilerime gübre vereceğim galiba!,0,hobby,filler+punctuation+case_variant
Yeni bir podcast keşfedeceğim,0,hobby,original
karar verdim yeni bir podcast keşfedicem,0,hobby,future_tense+synonym_swap+subject_prefix
Yeni bir podcast keşfedeceğim..,0,hobby,punctuation+typo
Yeni bir podcast keşfedecem,0,hobby,future_tense
Yeni bir podcast keşfedeceğim.!,0,hobby,punctuation+typo
Yeni bir podcast keşfedicem...,0,hobby,punctuation+synonym_swap+future_tense
artık yeni bir podcast keşfedeceğim,0,hobby,typo+subject_prefix
kesin olarak yarın yeni bir podcast kesfedeceğim,0,hobby,time_modifier+typo+subject_prefix
karar verdim yeni bir podcast keşfedeceğim,0,hobby,typo+subject_prefix
Yeni bir podcast keşfedeceğim...,0,hobby,punctuation
Bugün ben yeni bir podcast keşfedeceğim,0,hobby,typo+subject_prefix+case_variant
Yeni bir Podcast keşfedeceğim artık,0,hobby,filler+case_variant
Manzara resmi çizeceğim,0,hobby,original
aslında manzara resmi çizeceğim,0,hobby,synonym_swap+filler
ben manzara resmi çizeceğim,0,hobby,synonym_swap+subject_prefix+typo
ben de gece olunca manzara resmi çizeceğim,0,hobby,time_modifier+case_variant+subject_prefix
ben de manzara resmi çizeceğim artık,0,hobby,case_variant+filler+subject_prefix
yani manzara resmi çizeceğim,0,hobby,case_variant+filler
artık manzara resmi çizeceğim,0,hobby,subject_prefix+case_variant+synonym_swap
artık kararımı verdim manzara resmi çizeceğim,0,hobby,synonym_swap+subject_prefix+filler
şimdi artık manzara resmi çizeceğim,0,hobby,synonym_swap+filler+time_modifier
Manzara resmi çizeceğim galiba,0,hobby,filler+synonym_swap
az sonra manzara resmi çizicem,0,hobby,future_tense+time_modifier+typo
ben manzara resmi çizeceğim.!,0,hobby,subject_prefix+punctuation
Suluboya tablo yapacağım,0,hobby,original
Suluboya tablo yapacam kesin,0,hobby,future_tense+filler
Suluboya tablo yapacağım yarın,0,hobby,time_modifier+synonym_swap
bugün ben suluboya tablo yapacağım yarın,0,hobby,subject_prefix+time_modifier
Suluboya tablo yapacam,0,hobby,case_variant+synonym_swap+future_tense
Suluboya tablo yapacağım!,0,hobby,punctuation+typo
az sonra yani suluboya tablo yapacağım,0,hobby,synonym_swap+filler+time_modifier
ben suluboya tablo yapacağım,0,hobby,typo+subject_prefix
Suluboya tablo yapacağım kesin,0,hobby,punctuation+filler
sanırım suluboya tablo yapacağım.,0,hobby,filler+punctuation
Suluboya tablo yapacağım aslında..,0,hobby,filler+punctuation
ben de Suluboya tablo yapacağım,0,hobby,synonym_swap+subject_prefix+case_variant
Yatakta uzanıp kitap okuyacağım,0,hobby,original
yatakta uzanıp kitap okuyacağım bu hafta sanırım,0,hobby,time_modifier+case_variant+filler
Yatakta uzanip kitap okuyacağim az sonra,0,hobby,time_modifier+typo
Yatakta uzanıp kitap okuyacağım aslında..,0,hobby,filler+punctuation
Yatakta uzanıp kitap okuyacam kesin,0,hobby,typo+filler+future_tense
yani yatakta uzanıp kitap okuyacam,0,hobby,future_tense+typo+filler
Yatakta uzanıp kitap inceleyeceğim..,0,hobby,synonym_swap+punctuation
bu hafta yatakta uzanıp kitap okuyacam aslında,0,hobby,time_modifier+future_tense+filler
sanırım yatakta uzanıp kitap inceleyeceğim,0,hobby,filler+synonym_swap
kararımı verdim yatakta uzanıp kitap okuyacağım.,0,hobby,punctuation+typo+subject_prefix
yani yatakta uzanıp kitap okuyacağım,0,hobby,typo+filler
Yatakta uzanıp kitap inceleyeceğim,0,hobby,synonym_swap
Bol su içeceğim bugün,0,health,original
kararımı verdim bol su içeceğim bugün,0,health,synonym_swap+subject_prefix
Bol Su içecem bugün yarın,0,health,case_variant+time_modifier+future_tense
Bol su içeceğim bugün yani,0,health,typo+filler+synonym_swap
artık bol su içeceğim bugün,0,health,subject_prefix+synonym_swap
bence yarın bol su içeceğim bugün yani,0,health,filler+time_modifier+subject_prefix
gece olunca bol su içeceğim bugün.!,0,health,typo+punctuation+time_modifier
Bol su içicem bugün bu gece,0,health,time_modifier+future_tense
Bol su içeceğim bugün kesin,0,health,filler
kesin olarak bol su içicem bugün galiba,0,health,future_tense+filler+subject_prefix
Ben bol su içeceğim bugün,0,health,subject_prefix+case_variant
ya bol su Içeceğim bugün,0,health,subject_prefix+case_variant
Sağlıklı beslenmeye başlayacağım,0,health,original
akşam olunca sağlıklı beslenmeye başlayacağım,0,health,time_modifier
bugün ben sağlıklı beslenmeye başlayacağım yani,0,health,subject_prefix+filler
Sağlıklı beslenmeye başlayacağım valla,0,health,filler
sanırım sağlıklı beslenmeye başlayacağım,0,health,typo+subject_prefix
ya sanırım sağlıklı beslenmeye başlayacağım,0,health,case_variant+filler+subject_prefix
artık sağlıklı beslenmeye başlayacağım,0,health,filler
Sağlıklı beslenmeye başlayacam,0,health,future_tense
Sağlıklı beslenmeye başlayıcam,0,health,future_tense
ya sağlıklı beslenmeye başlayacağım...,0,health,subject_prefix+punctuation
galiba sağlıklı beslenmeye başlayacağım,0,health,filler
Sağlıklı beslenmeye başlayacağım yani,0,health,filler+synonym_swap
Erken yatacağım bu gece,0,health,original
bugün ben erken yatacam bu gece artık,0,health,subject_prefix+future_tense+filler
Erken yatacam bu gece,0,health,future_tense+case_variant+typo
sanırım erken yatacağım bu gece,0,health,filler
bu hafta erken yatacağım bu gece,0,health,time_modifier
Erken yatacağım bu gece kesin.!,0,health,filler+synonym_swap+punctuation
ben artık erken yatacağım bu gece.!,0,health,filler+subject_prefix+punctuation
Erken yatacağim bu gece,0,health,typo+future_tense+synonym_swap
sanırım erken yatıcam bu gece,0,health,subject_prefix+future_tense
Erken yatacağım bu gece..,0,health,case_variant+punctuation
ben de erken yatacağım bu gece yakında,0,health,time_modifier+typo+subject_prefix
aslında erken yatacağım bu gece,0,health,case_variant+filler
8 saat uyumaya çalışacağım,0,health,original
8 saat uyumaya çalışacağım.,0,health,punctuation+case_variant
valla 8 saat uyumaya çalışıcam,0,health,typo+future_tense+filler
kesin olarak 8 saat uyumaya çalışacağım,0,health,subject_prefix+synonym_swap+case_variant
aslında 8 saat uyumaya çalışacağım,0,health,filler+synonym_swap
8 saat uyumaya çalışacağım az sonra,0,health,case_variant+time_modifier
8 saat uyumaya çalışacagım,0,health,typo
yarın sabah 8 saat uyumaya çalışacağım,0,health,time_modifier+case_variant+synonym_swap
8 saat uyumaya çalışacağım yarın,0,health,time_modifier+typo
kararımı verdim 8 saat uyumaya çalışacağım,0,health,subject_prefix+typo
bu hafta 8 saat uyumaya çalışacağım,0,health,time_modifier
8 saat uyumaya çalışacağım.!,0,health,punctuation+case_variant
Vitamin ilaçlarımı alacağım,0,health,original
artık vitamin ilaçlarımı alacağım aslında,0,health,filler+case_variant+subject_prefix
Vitamin ilaçlarımı alacağım az sonra,0,health,time_modifier
bugün vitamin ilaçlarımı edineceğim,0,health,time_modifier+synonym_swap+case_variant
Vitamin ilaçlarımı alacağım valla,0,health,filler
kesin olarak vitamin ilaçlarımı alacağım valla,0,health,filler+subject_prefix
ben aslında vitamin ilaçlarimı alacağım,0,health,typo+filler+subject_prefix
Vitamin ilaçlarımı edinecem,0,health,synonym_swap+typo+future_tense
sanırım vitamin ilaçlarımı edineceğim...,0,health,synonym_swap+filler+punctuation
Vitamin ilaçlarımı alacağım yani,0,health,filler
kararımı verdim vitamin ilaçlarımı alacağım,0,health,subject_prefix
aslında vitamin ilaçlarımı edineceğim,0,health,filler+synonym_swap+typo
Doktor randevusuna gideceğim,0,health,original
Doktor randevusuna gidicem,0,health,case_variant+future_tense
gece olunca kesin doktor randevusuna gideceğim,0,health,filler+time_modifier
ya doktor randevusuna gideceğim bu hafta,0,health,time_modifier+subject_prefix
Doktor randevusuna gideceğim galiba,0,health,filler
şimdi doktor randevusuna gidicem,0,health,typo+future_tense+time_modifier
Doktor randevusuna uğrayacağım.,0,health,synonym_swap+case_variant+punctuation
Doktor randevusuna uğrayacağım,0,health,typo+synonym_swap
Artık doktor randevusuna gideceğim,0,health,subject_prefix+case_variant
artık doktor randevusuna gideceğim yarın,0,health,filler+time_modifier+typo
Doktor randevusuna gideceğim bu gece,0,health,case_variant+time_modifier
kararımı verdim doktor randevusuna gideceğim,0,health,case_variant+subject_prefix
Diş hekimine gideceğim kontrol için,0,health,original
yani diş hekimine gidicem kontrol için,0,health,future_tense+typo+filler
ben diş hekimine uğrayacağım kontrol için aslında,0,health,synonym_swap+filler+subject_prefix
diş hekimine gideceğim kontrol için yakında...,0,health,case_variant+time_modifier+punctuation
Diş hekimine gideceğim kontrol için yarın,0,health,time_modifier
sanırım diş hekimine gidecem kontrol için,0,health,future_tense+case_variant+filler
valla diş hekimine gidicem kontrol için..,0,health,filler+punctuation+future_tense
Diş hekimine gideceğim kontrol için yakında,0,health,time_modifier
akşam olunca diş hekimine gidicem kontrol için,0,health,future_tense+time_modifier
bu hafta diş hekimine gideceğim kontrol için,0,health,time_modifier
artık diş hekimine gideceğim kontrol için.!,0,health,punctuation+filler
Diş hekimine gideceğim kontrol icin aslında bugün içinde,0,health,typo+filler+time_modifier
Meditasyon yapacağım 15 dakika,0,health,original
aslında meditasyon yapacağım 15 dakika,0,health,filler
yakında meditasyon yapacağım 15 dakika,0,health,time_modifier
ben meditasyon yapacağım 15 dakika,0,health,subject_prefix+synonym_swap
Meditasyon yapacam 15 dakika!,0,health,future_tense+punctuation
ben de meditasyon yapacağım 15 dakika...,0,health,subject_prefix+punctuation
yani meditasyon yapacağım 15 dakika bu hafta,0,health,typo+filler+time_modifier
Sanırım meditasyon yapacağım 15 dakika,0,health,subject_prefix+case_variant+typo
Meditasyon yapacagım 15 dakika.!,0,health,punctuation+typo
Meditasyon yapacagım 15 dakika,0,health,typo+case_variant
gece olunca meditasyon yapacağım 15 dakika,0,health,time_modifier
karar verdim meditasyon yapacam 15 dakika,0,health,future_tense+synonym_swap+subject_prefix
Sigarayı bırakmaya çalışacağım,0,health,original
sanırım sigarayı bırakmaya çalışacağım,0,health,synonym_swap+subject_prefix+typo
evet sigarayı bırakmaya çalışacağım.!,0,health,subject_prefix+punctuation+synonym_swap
gece olunca sigarayı bırakmaya çalışacağım,0,health,time_modifier
Sigarayı bırakmaya çalışacağım...,0,health,punctuation
ben de sigarayı bırakmaya çalışacağım,0,health,subject_prefix
yarın sigarayı bırakmaya çalışıcam,0,health,time_modifier+future_tense
Sigarayı bırakmaya çalışacağım kesin,0,health,typo+case_variant+filler
galiba sigarayı bırakmaya çalışacağım,0,health,typo+filler
yarın sabah valla sigarayı bırakmaya çalışacağım,0,health,filler+time_modifier+punctuation
yani bugün ben sigarayı bırakmaya çalışacağım,0,health,subject_prefix+case_variant+filler
Sigarayı bırakmaya çalışacam,0,health,case_variant+future_tense
Daha az kafein tüketeceğim,0,health,original
ya daha az Kafein tüketeceğim,0,health,case_variant+subject_prefix
kararımı verdim daha az kafein tüketeceğim,0,health,subject_prefix
kararımı verdim daha az kafein tüketecem,0,health,typo+future_tense+subject_prefix
Daha az kafein tüketecem yani,0,health,filler+future_tense+typo
Daha az kafein Tüketeceğim aslında,0,health,case_variant+filler+synonym_swap
evet daha az kafein tüketeceğim yakında,0,health,subject_prefix+typo+time_modifier
bu gece daha az kafein tüketeceğim,0,health,typo+synonym_swap+time_modifier
ben aslında daha az kafein tüketeceğim.,0,health,filler+punctuation+subject_prefix
artık daha az kafein tüketeceğim!,0,health,case_variant+filler+punctuation
Daha az kafein tüketecem,0,health,future_tense+case_variant+typo
Daha az kafein tüketeceğim akşama,0,health,time_modifier
Sebze ve meyve tüketimimi artıracağım,0,health,original
aslında sebze ve meyve tüketimimi artıracağım,0,health,filler
Sebze ve meyve tüketimimi artıracağım...,0,health,punctuation
Sebze ve meyve tuketimimi artıracağım,0,health,typo
Sebze ve meyve tüketimimi artırıcam akşama,0,health,time_modifier+future_tense
sanırım sebze ve meyve tüketimimi artıracağım,0,health,subject_prefix
karar verdim sebze ve meyve tüketimimi artırıcam,0,health,subject_prefix+future_tense
Sebze ve meyve tüketimimi artıracam,0,health,future_tense
Sebze ve meyve tüketimimi artırıcam,0,health,typo+future_tense
Sebze ve meyve tüketimimi artıracağım!,0,health,punctuation
Sebze ve meyve tüketimimi artıracağım.!,0,health,punctuation
Sebze ve meyve tüketimimi artıracağım... bugün içinde,0,health,punctuation+time_modifier
Günde 2 litre su içme alışkanlığı edineceğim,0,health,original
kesin olarak günde 2 litre su içme alışkanlığı edineceğim,0,health,subject_prefix
yani günde 2 litre su içme alışkanlığı edineceğim,0,health,filler
ya günde 2 litre su içme alışkanlığı edineceğim,0,health,subject_prefix+synonym_swap+case_variant
Günde 2 litre su içme alışkanlığı edineceğim bu gece.!,0,health,time_modifier+typo+punctuation
karar verdim günde 2 litre su içme alışkanlığı edineceğim bu hafta,0,health,time_modifier+subject_prefix
Günde 2 litre su içme alışkanlığı edineceğim bu gece,0,health,typo+time_modifier
Günde 2 litre su içme alışkanlığı edineceğim artık,0,health,filler
Günde 2 litre su içme alışkanlığı edinecem bugün içinde,0,health,future_tense+time_modifier
Günde 2 litre su içme alışkanlığı edineceğim az sonra,0,health,time_modifier
Günde 2 litre su içme alışkanlığı edineceğim bu gece galiba,0,health,synonym_swap+time_modifier+filler
az sonra günde 2 litre su içme alışkanlığı edinicem,0,health,synonym_swap+future_tense+time_modifier
Stres yönetimi tekniklerini deneyeceğim,0,health,original
valla stres yönetimi tekniklerini deneyeceğim akşama,0,health,filler+time_modifier+case_variant
kararımı verdim stres yönetimi tekniklerini deneyecem..,0,health,subject_prefix+punctuation+future_tense
stres yönetimi tekniklerini deneyeceğim az sonra.!,0,health,case_variant+time_modifier+punctuation
aslında stres yönetimi tekniklerini deneyicem,0,health,filler+future_tense+synonym_swap
ya stres yönetimi tekniklerini deneyeceğim,0,health,typo+subject_prefix
bence stres yönetimi tekniklerini deneyecem artık,0,health,filler+subject_prefix+future_tense
Stres yönetimi tekniklerini deneyicem sabaha,0,health,future_tense+punctuation+time_modifier
Stres yönetimi tekniklerini deneyeceğim..,0,health,punctuation
bugün stres yönetimi tekniklerini deneyeceğim,0,health,time_modifier
yakında stres yönetimi tekniklerini deneyeceğim,0,health,time_modifier
Stres yönetimi tekniklerini deneyeceğim!,0,health,punctuation
Nefes egzersizleri yapacağım,0,health,original
Nefes egzersizleri yapacağım yakında,0,health,time_modifier
yani nefes egzersizleri yapacağım,0,health,filler
Nefes egzersizleri yapıcam,0,health,future_tense
yarın sabah nefes egzersizleri yapacağım,0,health,time_modifier+typo
Nefes egzersizleri yapacam aslında,0,health,typo+future_tense+filler
Nefes egzersizleri yapacağım kesin,0,health,filler+typo
Nefes egzersizleri yapacam,0,health,synonym_swap+future_tense+typo
sanırım nefes egzersizleri yapacağım..,0,health,subject_prefix+punctuation+case_variant
artık nefes egzersizleri yapacağım bu gece,0,health,filler+time_modifier
Kararımı verdim nefes egzersizleri yapacağım!,0,health,punctuation+subject_prefix+case_variant
Nefes Egzersizleri yapacağım yani,0,health,case_variant+filler
yogadan sonra dus alıcam,0,health,original
evet yogadan sonra dus alıcam bu gece,0,health,subject_prefix+future_tense+time_modifier
yogadan sonra dus alıcam. sabaha,0,health,punctuation+time_modifier
yogadan sonra dus alıcam.,0,health,punctuation
yogadan sonra dus alıcam kesin.!,0,health,filler+punctuation+typo
bugün ben yogadan Sonra dus alıcam...,0,health,punctuation+case_variant+subject_prefix
yogadan sonra dus alıcam... sabaha,0,health,synonym_swap+punctuation+time_modifier
yogadan sonra dus alıcam.!,0,health,punctuation+typo
ben yogadan sonra dus alıcam,0,health,subject_prefix+typo
ben saatler içinde yogadan sonra dus alıcam yani,0,health,time_modifier+filler+subject_prefix
sanırım yogadan sonra dus alıcam bugün içinde,0,health,subject_prefix+time_modifier
az sonra yogadan sonra dus alıcam,0,health,synonym_swap+time_modifier+typo
Düzenli check-up yaptıracağım,0,health,original
ben de düzenli check-up yaptıracağım,0,health,subject_prefix
bence şimdi düzenli check-up yaptıracağım valla,0,health,time_modifier+subject_prefix+filler
yarın düzenli check-up yaptıracağım,0,health,time_modifier
kesin olarak düzenli check-up yaptıracağım...,0,health,typo+punctuation+subject_prefix
Düzenli check-up yaptıracam,0,health,future_tense
Düzenli check-up yaptıracağım yakında,0,health,case_variant+typo+time_modifier
Düzenli check-up yaptıracağım yarın,0,health,time_modifier
Düzenli check-up yaptıracağım...,0,health,punctuation+synonym_swap+case_variant
Düzenli check-up yaptıracağım.!,0,health,punctuation+case_variant
karar verdim düzenli check-up yaptıracağım valla,0,health,filler+synonym_swap+subject_prefix
şimdi düzenli check-up yaptıracam,0,health,future_tense+time_modifier+typo
Şeker tüketimimi azaltacağım,0,health,original
aslında şeker tüketimimi azaltacağım,0,health,case_variant+filler
gece olunca şeker Tüketimimi azaltacağım,0,health,punctuation+time_modifier+case_variant
Şeker tüketimimi azaltacağım sanırım,0,health,filler+synonym_swap
ben şeker tüketimimi azaltacağım...,0,health,punctuation+subject_prefix
sanırım şeker tüketimimi azaltacağım,0,health,filler
evet akşam olunca şeker tüketimimi azaltacam,0,health,time_modifier+subject_prefix+future_tense
Şeker tüketimimi azaltacam,0,health,synonym_swap+future_tense
az sonra kesin olarak şeker tüketimimi azaltacağım,0,health,synonym_swap+subject_prefix+time_modifier
Şeker tüketimimi azaltacağım az sonra,0,health,case_variant+time_modifier+punctuation
Şeker tüketimimi azaltacam...,0,health,future_tense+synonym_swap+punctuation
Şeker tüketimimi azaltacağım valla bugün içinde,0,health,synonym_swap+filler+time_modifier
Daha sağlıklı atıştırmalıklar tercih edeceğim,0,health,original
Daha sağlıklı atıştırmalıklar tercih edeceğim.,0,health,punctuation
Daha sağlıklı atıştırmalıklar tercih edeceğim bu gece,0,health,typo+time_modifier
kararımı verdim daha sağlıklı atıştırmalıklar Tercih edeceğim,0,health,subject_prefix+case_variant
Daha sağlıklı atıştırmalıklar tercih edeceğim sanırım,0,health,filler
karar verdim daha sağlıklı atıştırmalıklar tercih edeceğim,0,health,case_variant+subject_prefix
Daha saglıklı atıştırmalıklar tercih edecegim,0,health,typo
bugün ben daha sağlıklı atıştırmalıklar tercih edeceğim,0,health,subject_prefix
karar verdim daha sağlıklı atıştırmalıklar tercih edicem,0,health,subject_prefix+future_tense+punctuation
Daha sağliklı atıştırmaliklar tercih edeceğim,0,health,typo
kararımı verdim daha sağlıklı atıştırmalıklar tercih edecem,0,health,future_tense+subject_prefix
Daha sağlıklı atıştırmalıklar tercih edecegim,0,health,typo+synonym_swap
Akşam yemeğini erken yiyeceğim,0,health,original
Akşam yemeğini erken yiyeceğim sabaha,0,health,time_modifier+synonym_swap
Akşam yemeğini erken yiyeceğim artık,0,health,typo+filler
yarın akşam yemeğini erken yiyeceğim artık,0,health,case_variant+filler+time_modifier
şimdi akşam yemeğini erken yiyeceğim,0,health,time_modifier+typo
valla akşam yemeğini erken yiyeceğim,0,health,filler+synonym_swap+typo
Akşam yemeğini erken yiyeceğim.! galiba,0,health,punctuation+filler
kararımı verdim akşam yemeğini erken yiyeceğim bu hafta,0,health,subject_prefix+synonym_swap+time_modifier
saatler içinde akşam yemeğini erken yiyecem,0,health,future_tense+time_modifier
Akşam yemeğini erken yiyicem...,0,health,case_variant+punctuation+future_tense
ben de akşam yemeğini erken yiyicem bugün içinde,0,health,time_modifier+subject_prefix+future_tense
Akşam yemeğini erken yiyecem galiba,0,health,future_tense+synonym_swap+filler
Vücudumu dinlendireceğim bugün,0,health,original
valla vücudumu dinlendirecegim bugün,0,health,typo+filler
Vücudumu dinlendireceğim bugün.!,0,health,punctuation
yani vücudumu dinlendireceğim bugün,0,health,filler+synonym_swap+typo
galiba vücudumu dinlendireceğim bugün,0,health,filler
ben vücudumu dinlendireceğim bugün akşama,0,health,subject_prefix+time_modifier
vücudumu dinlendireceğim bugün akşama,0,health,time_modifier+case_variant
bence vücudumu dinlendirecem bugün...,0,health,future_tense+punctuation+subject_prefix
vücudumu dinlendirecem bugün...,0,health,future_tense+punctuation+case_variant
bu gece vücudumu dinlendireceğim bugün!,0,health,time_modifier+synonym_swap+punctuation
Vücudumu dinlendiricem bugün,0,health,future_tense
bugün vücudumu dinlendireceğim bugün,0,health,synonym_swap+time_modifier
Banyo yapıp rahatlayacağım,0,health,original
Banyo yapıp rahatlayıcam,0,health,future_tense
bu akşam banyo yapıp rahatlayacağım,0,health,time_modifier
ben banyo yapıp rahatlayacağım... bugün içinde,0,health,subject_prefix+punctuation+time_modifier
Banyo yapıp rahatlayacagım,0,health,typo+synonym_swap+future_tense
Banyo yapıp rahatlayıcam.,0,health,punctuation+future_tense+synonym_swap
Banyo yapıp rahatlayacağım az sonra,0,health,time_modifier
sanırım banyo yapıp rahatlayacam!,0,health,filler+future_tense+punctuation
Banyo yapıp rahatlayacağım.!,0,health,typo+punctuation
Banyo yapıp rahatlayacağım.,0,health,punctuation
kesin banyo yapıp rahatlayacagım...,0,health,punctuation+typo+filler
bu hafta banyo yapıp rahatlayacam aslında,0,health,future_tense+time_modifier+filler
Cilt bakımı yapacağım,0,health,original
yakında cilt bakımı yapacağım,0,health,time_modifier
saatler içinde cilt bakımı yapacağım,0,health,case_variant+time_modifier
kesin olarak sanırım cilt bakımı yapacağım..,0,health,filler+punctuation+subject_prefix
şimdi cilt bakımı yapıcam,0,health,future_tense+time_modifier
Cilt bakımı yapacam! bugün içinde,0,health,future_tense+punctuation+time_modifier
yani cilt bakımı yapacağım,0,health,filler
artık yarın cilt bakımı yapacağım,0,health,time_modifier+filler
karar verdim cilt bakımı yapacağım,0,health,subject_prefix
bu hafta cilt bakımı yapacağım,0,health,synonym_swap+time_modifier+case_variant
artık cilt bakımı yapacağım.,0,health,subject_prefix+punctuation
artık cilt Bakımı yapacağım,0,health,subject_prefix+case_variant
Tırnaklarımı keseceğim,0,health,original
yakında tırnaklarımı keseceğim aslında...,0,health,filler+punctuation+time_modifier
gece olunca tırnaklarımı keseceğim,0,health,typo+time_modifier
Tırnaklarımı keseceğim yani bu hafta,0,health,typo+filler+time_modifier
ya tırnaklarımı doğrayacağım galiba,0,health,subject_prefix+filler+synonym_swap
Tırnaklarımı kesicem artık,0,health,filler+future_tense
artık tırnaklarımı keseceğim,0,health,subject_prefix
Tırnaklarımı kesicem,0,health,future_tense
Tırnaklarımı biçeceğim,0,health,typo+synonym_swap
Tırnaklarımı doğrayacağım,0,health,synonym_swap
Tırnaklarımı keseceğim.!,0,health,punctuation+case_variant
Tırnaklarımı kesecem.! galiba,0,health,punctuation+filler+future_tense
saçlarımı yıkıcam,0,health,original
aslında saçlarımı yıkıcam,0,health,filler
saçlarımı yıkıcam.!,0,health,future_tense+punctuation
Sanırım ya saçlarımı yıkıcam,0,health,subject_prefix+filler+case_variant
bugün ben saçlarımı yıkıcam,0,health,subject_prefix+future_tense+typo
saçlarımı yıkıcam sanırım bu hafta,0,health,synonym_swap+filler+time_modifier
saçlarımı yıkıcam.. bu hafta,0,health,punctuation+typo+time_modifier
bu akşam saçlarımı yıkıcam,0,health,case_variant+future_tense+time_modifier
bence saçlarımı yıkıcam,0,health,subject_prefix
artık saçlarımı yıkıcam,0,health,subject_prefix
yarın saçlarımı yıkıcam,0,health,synonym_swap+time_modifier+typo
saclarımı yıkıcam yarın,0,health,time_modifier+typo
Yüz maskesi yapacağım,0,health,original
yani yüz maskesi yapacagım,0,health,synonym_swap+filler+typo
Yüz maskesi yapıcam,0,health,future_tense
bence yüz maskesi yapacağım.,0,health,punctuation+subject_prefix
Yüz maskesi yapacağım valla,0,health,filler
Yüz maskesi yapacam,0,health,future_tense
Yüz Maskesi yapacağım! yakında,0,health,case_variant+punctuation+time_modifier
yakında yüz maskesi yapacağım..,0,health,typo+punctuation+time_modifier
Yüz maskesi yapacağım.!,0,health,punctuation
kesin olarak yarın sabah yüz maskesi yapacağım,0,health,time_modifier+subject_prefix
şimdi yüz maskesi yapacağım.!,0,health,time_modifier+punctuation+synonym_swap
kararımı verdim yüz maskesi yapacağım yakında,0,health,time_modifier+subject_prefix
Aroma terapi deneyeceğim,0,health,original
Aroma terapi deneyeceğim sabaha,0,health,time_modifier+synonym_swap
bu hafta aroma terapi deneyeceğim,0,health,time_modifier
bence aroma terapi deneyeceğim,0,health,subject_prefix
saatler içinde aroma terapi Deneyeceğim,0,health,case_variant+time_modifier
evet aroma terapi deneyeceğim,0,health,subject_prefix
Aroma terapi deneyecem aslında!,0,health,filler+future_tense+punctuation
ben de bu hafta aroma terapi deneyeceğim.!,0,health,time_modifier+punctuation+subject_prefix
gece olunca yani aroma terapi deneyecegim,0,health,typo+filler+time_modifier
Aroma terapi deneyeceğim akşama,0,health,time_modifier
Aroma terapi deneyeceğim aslında,0,health,synonym_swap+typo+filler
Kesin olarak aroma terapi deneyeceğim,0,health,subject_prefix+case_variant
Bir saat uyumaya çalışacağım öğleden sonra,0,health,original
Bir saat uyumaya calışacağım öğleden sonra,0,health,typo
Bir saat uyumaya çalışacağım öğleden sonra artık,0,health,synonym_swap+filler
bir saat uyumaya çalışacağım öğleden sonra az sonra!,0,health,case_variant+time_modifier+punctuation
ya bir saat uyumaya çalışacağım öğleden sonra sabaha..,0,health,time_modifier+subject_prefix+punctuation
kararımı verdim bir saat uyumaya çalışacam oğleden sonra,0,health,typo+future_tense+subject_prefix
kesin olarak bir saat uyumaya çalışacağım öğleden sonra,0,health,typo+subject_prefix
Bir saat uyumaya çalışıcam öğleden sonra,0,health,future_tense
Bir saat uyumaya çalışacağım öğleden sonra..,0,health,typo+punctuation
Bir saat uyumaya çalışacağım öğleden sonra!,0,health,synonym_swap+punctuation
aslında gece olunca bir saat uyumaya çalışacağım öğleden sonra,0,health,time_modifier+filler
Bir saat uyumaya çalışacağım öğleden sonra sanırım,0,health,filler
İşten erken çıkıp dinleneceğim,0,health,original
kesin olarak i̇şten erken çıkıp dinlenecem.,0,health,future_tense+subject_prefix+punctuation
İşten erken çıkıp dinleneceğim...,0,health,punctuation
İşten erken çıkıp dinlenecem,0,health,future_tense
İşten erken çıkıp dinleneceğim.,0,health,punctuation+case_variant+synonym_swap
ben de i̇şten erken çıkıp dinleneceğim.!,0,health,subject_prefix+punctuation+typo
İşten erken çıkıp dinleneceğim bu hafta,0,health,time_modifier+typo+synonym_swap
saatler içinde işten erken çıkıp dinleneceğim,0,health,time_modifier
İşten erken çıkıp dinlenicem,0,health,synonym_swap+future_tense+case_variant
kesin olarak i̇şten erken çıkıp dinleneceğim,0,health,subject_prefix+synonym_swap+typo
bence i̇şten erken çıkıp dinlenecem,0,health,subject_prefix+future_tense
ben i̇şten erken çıkıp dinleneceğim...,0,health,subject_prefix+synonym_swap+punctuation
Akşam meditasyon yapıp uyuyacağım,0,health,original
aslında akşam meditasyon yapıp uyuyacam,0,health,filler+future_tense+case_variant
ben akşam meditasyon yapıp uyuyacağım,0,health,subject_prefix
evet yani akşam meditasyon yapip uyuyacağım,0,health,filler+typo+subject_prefix
Akşam meditasyon yapıp uyuyacam sanırım,0,health,future_tense+filler
ben akşam meditasyon yapıp uyuyacağım.,0,health,subject_prefix+synonym_swap+punctuation
Akşam meditasyon yapıp uyuyıcam,0,health,future_tense+case_variant
Akşam meditasyon yapıp uyuyacağım kesin,0,health,filler
kesin şimdi akşam meditasyon yapıp uyuyacam,0,health,future_tense+time_modifier+filler
karar verdim akşam Meditasyon yapıp uyuyacağım,0,health,synonym_swap+case_variant+subject_prefix
Bugün akşam meditasyon yapıp uyuyacağım,0,health,time_modifier+case_variant
Akşam meditasyon yapıp uyuyıcam valla,0,health,filler+future_tense
Sabah erken kalkıp güneşi izleyeceğim,0,health,original
bugün ben sabah erken kalkıp Güneşi izleyeceğim sabaha,0,health,subject_prefix+case_variant+time_modifier
Sabah erken kalkıp güneşi izleyeceğim.! aslında,0,health,punctuation+case_variant+filler
Sabah erken kalkıp güneşi izleyeceğim...,0,health,punctuation
sabah erken kalkıp güneşi izleyecem,0,health,future_tense+case_variant
akşam olunca sabah erken kalkıp güneşi izleyeceğim,0,health,time_modifier+case_variant
Sabah erken kalkıp güneşi izleyeceğim.!,0,health,punctuation
Sabah erken kalkıp güneşi izleyeceğim..,0,health,punctuation
artık sabah erken kalkıp güneşi izleyecegim,0,health,subject_prefix+typo
Sabah erken kalkıp güneşi izleyeceğim akşama,0,health,time_modifier+typo
Sabah erken kalkıp güneşi izleyicem valla,0,health,filler+future_tense
sanırım sabah erken kalkıp güneşi izleyicem,0,health,case_variant+filler+future_tense
Bugün biraz dinlenmek istiyorum,0,health,original
Bugün biraz dinlenmek istiyorum.!,0,health,punctuation
karar verdim bugün biraz dinlenmek istiyorum bu gece,0,health,subject_prefix+time_modifier+synonym_swap
yarın sabah bugün biraz dinlenmek istiyorum.! valla,0,health,punctuation+filler+time_modifier
Bugün biraz dinlenmek istiyorum sanırım,0,health,filler+case_variant
bugün ben bugün biraz dinlenmek istiyorum..,0,health,synonym_swap+subject_prefix+punctuation
karar verdim bugün biraz dinlenmek istiyorum,0,health,subject_prefix
Bugün biraz dinlenmek istiyorum yakında,0,health,time_modifier
evet bugün biraz dinlenmek istiyorum,0,health,subject_prefix+synonym_swap+typo
Bugün biraz dinlenmek istiyorum bu gece,0,health,time_modifier+synonym_swap+future_tense
bugün biraz dinlenmek istiyorum.,0,health,typo+punctuation+case_variant
yarın artık bugün biraz dinlenmek istiyorum!,0,health,filler+time_modifier+punctuation
Daha az ekran karşısında kalacağım,0,health,original
Daha az ekran karşısında kalıcam,0,health,future_tense+synonym_swap
bugün ben daha az ekran karşısında kalacağım valla,0,health,subject_prefix+filler
yarın sabah daha az ekran karşısında kalacağım,0,health,time_modifier
daha az ekran karşısında kalacağım bu hafta,0,health,case_variant+time_modifier
Daha az ekran karşısında kalıcam yani,0,health,filler+future_tense
ben daha az ekran karşısında kalacağım,0,health,case_variant+subject_prefix
bence daha az ekran karşısında kalacağım,0,health,subject_prefix+synonym_swap
şimdi daha az ekran karşısında kalacağım,0,health,time_modifier
ben de daha az ekran karşısında kalacağım,0,health,subject_prefix
artık daha az ekran karşısında kalacağım,0,health,filler
yakında daha az ekran karşısında kalacağım,0,health,case_variant+time_modifier+synonym_swap
Kendime karşı nazik olacağım,0,health,original
sanırım kendime karşı nazik olacağım,0,health,subject_prefix+case_variant
sanırım kendime karşı nazik olacağım bu gece,0,health,filler+time_modifier
Kendime karşı nazik olacam,0,health,synonym_swap+future_tense
yakında kendime karşı nazik olıcam,0,health,future_tense+time_modifier
kesin olarak kendime karşı nazik olacağım,0,health,subject_prefix
Kendime karşı nazik olacağım yani,0,health,filler
Kendime karşı nazik olacağım aslında,0,health,filler+case_variant
Kendime karşı nazik olacağım bu gece,0,health,time_modifier
bence kendime karşı nazik olacağım,0,health,subject_prefix
Kendime karsı nazik olacam...,0,health,future_tense+typo+punctuation
bugün ben kendime karşı nazik olacağım,0,health,case_variant+subject_prefix
Yatak başında dua edip uyuyacağım,0,health,original
bugün ben yatak başında dua edip uyuyacağım sabaha artık,0,health,subject_prefix+time_modifier+filler
Yatak başında dua edip uyuyacağım akşama.,0,health,time_modifier+punctuation
az sonra kararımı verdim yatak başında dua edip uyuyacam,0,health,subject_prefix+time_modifier+future_tense
Yatak başinda dua edip uyuyacağım,0,health,typo
Yatak başında dua edip uyuyacağım...,0,health,punctuation
yatak başında dua edip uyuyıcam,0,health,future_tense+case_variant
ben de yakında yatak başında dua edip uyuyacağım,0,health,time_modifier+subject_prefix
Yatak başında dua edip uyuyacam,0,health,future_tense
Yatak başında dua edip uyuyacağım.,0,health,punctuation
kararımı verdim galiba yatak başında dua edip uyuyacağım,0,health,filler+subject_prefix
bugün ben yatak başında dua edip uyuyacağım sanırım,0,health,filler+subject_prefix
Su şişemi yanıma alıp her yere götüreceğim,0,health,original
Su şişemi yanıma alıp her yere götürecem,0,health,future_tense
Su şişemi yanıma alıp her yere götüreceğim.. artık,0,health,punctuation+filler
valla bu akşam su şişemi yanıma alıp her yere götüreceğim,0,health,case_variant+time_modifier+filler
Su şişemi yanıma alıp her yere götürecem sabaha,0,health,time_modifier+future_tense+case_variant
Su şişemi yanıma alıp her yere götüreceğim bugün içinde,0,health,time_modifier
kesin su şişemi yanıma alıp her yere götüreceğim,0,health,filler+typo
artık su şişemi yanıma alıp her yere götüreceğim,0,health,subject_prefix
akşam olunca su şişemi yanıma alıp her yere götürecem,0,health,time_modifier+synonym_swap+future_tense
Su şişemi yanıma alıp her yere götüreceğim!,0,health,typo+synonym_swap+punctuation
ya su şişemi yanıma alıp her yere götüreceğim,0,health,subject_prefix
sanırım su şişemi yanıma alıp her yere götüreceğim,0,health,case_variant+subject_prefix
Erken yatıp erken kalkma alışkanlığı kazanacağım,0,health,original
yani erken yatıp erken kalkma alışkanlığı kazanacam,0,health,case_variant+filler+future_tense
Erken yatıp erken kalkma alışkanlığı kazanacam..,0,health,future_tense+punctuation
yakında erken yatıp erken kalkma alışkanlığı kazanacağım,0,health,synonym_swap+typo+time_modifier
evet erken yatıp erken kalkma alışkanlığı kazanıcam.!,0,health,punctuation+subject_prefix+future_tense
Sanırım erken yatıp erken kalkma alışkanlığı kazanacağım,0,health,subject_prefix+synonym_swap+case_variant
sanırım erken yatıp erken kalkma alışkanlığı kazanacam,0,health,future_tense+typo+subject_prefix
Erken yatıp erken kalkma alışkanlığı kazanacağım az sonra.!,0,health,time_modifier+punctuation+typo
galiba erken yatıp erken kalkma alıskanlığı kazanacağım,0,health,synonym_swap+typo+filler
yarın erken yatıp erken kalkma alışkanlığı kazanacağım,0,health,time_modifier+synonym_swap
yarın erken yatıp erken kalkma alışkanlığı kazanacağım yani..,0,health,filler+punctuation+time_modifier
Erken yatıp erken kalkma alışkanlığı kazanacam,0,health,synonym_swap+future_tense
Daha çok şükretmeye başlayacağım,0,health,original
Daha çok şükretmeye başlayacağım bu gece!,0,health,time_modifier+punctuation
Daha çok şükretmeye başlayacam,0,health,future_tense
Daha çok şükretmeye başlayacam aslında,0,health,future_tense+typo+filler
gece olunca daha çok sükretmeye baslayacağım aslında,0,health,time_modifier+filler+typo
artık daha çok şükretmeye başlayacam,0,health,case_variant+future_tense+filler
saatler içinde daha çok şükretmeye başlayacağım,0,health,typo+time_modifier
bu akşam daha çok şükretmeye başlayacağım,0,health,time_modifier+synonym_swap
Daha çok şükretmeye başlayacağım az sonra,0,health,time_modifier
yakında daha çok şükretmeye başlayacağım,0,health,time_modifier+case_variant
kararımı verdim daha çok şükretmeye başlayacağım,0,health,subject_prefix
Daha çok şükretmeye başlayacağım.,0,health,punctuation+case_variant
Daha az şikayet etmeyi öğreneceğim,0,health,original
aslında ben daha az şikayet etmeyi öğreneceğim,0,health,punctuation+subject_prefix+filler
ben de daha az şikayet etmeyi öğreneceğim valla yakında,0,health,subject_prefix+filler+time_modifier
Daha az şikayet etmeyi öğreneceğim az sonra,0,health,time_modifier
yarın daha az şikayet etmeyi öğreneceğim,0,health,time_modifier
Daha az şikayet etmeyi öğreneceğim.! bu hafta,0,health,punctuation+time_modifier
Daha az şikayet etmeyi öğreneceğim kesin,0,health,filler+case_variant
daha az şikayet etmeyi öğreneceğim sabaha,0,health,time_modifier+case_variant
Daha az şikayet etmeyi öğrenicem,0,health,future_tense
yarın sanırım daha az şikayet etmeyi öğrenicem,0,health,filler+time_modifier+future_tense
evet daha az şikayet etmeyi öğreneceğim,0,health,subject_prefix+typo
Daha az şikayet etmeyi öğreneceğim bu gece,0,health,synonym_swap+time_modifier
Saatlerce uyumamayı bırakacağım sağlıklı yaşayacağım,0,health,original
kararımı verdim saatlerce uyumamayı bırakıcam sağlıklı yaşayacağım.!,0,health,subject_prefix+future_tense+punctuation
gece olunca saatlerce uyumamayı bırakacağım sağlıklı yaşayacağım.,0,health,time_modifier+punctuation+case_variant
Saatlerce uyumamayı bırakacağım sağlıklı yaşayacağım.,0,health,punctuation
Saatlerce uyumamayı bırakıcam sağlıklı yaşayacağım,0,health,future_tense
ya saatlerce uyumamayı bırakacağım sağlıklı yaşayacağım,0,health,subject_prefix
sanırım saatlerce uyumamayı bırakacağım sağlıklı yaşayacağım...,0,health,subject_prefix+punctuation+case_variant
sanırım saatlerce uyumamayı bırakacağım sağlıklı yaşayacağım.!,0,health,punctuation+synonym_swap+filler
ben saatlerce uyumamayı bırakacağım sağlıklı yaşayacağım,0,health,subject_prefix
bugün saatlerce uyumamayı bırakacam sağlıklı yaşayacağım,0,health,future_tense+case_variant+time_modifier
Saatlerce uyumamayı bırakacağım sağlıklı yaşayacağım Kesin.,0,health,filler+case_variant+punctuation
bugün ben saatlerce uyumamayı bırakacağım sağlıklı yaşayacağım artık,0,health,subject_prefix+filler
Erken yatmayı alışkanlık haline getireceğim,0,health,original
artık erken yatmayı alışkanlık haline getireceğim,0,health,synonym_swap+filler+case_variant
Erken yatmayı alışkanlık haline getireceğim yakında,0,health,time_modifier
Erken yatmayı alışkanlık haline getireceğim.! aslında,0,health,punctuation+filler
bence erken yatmayı alışkanlık haline getiricem,0,health,subject_prefix+future_tense
yakında erken yatmayı alışkanlık haline getireceğim,0,health,time_modifier
bugün ben erken yatmayı alışkanlık haline getireceğim,0,health,subject_prefix+case_variant
Erken yatmayı alışkanlık haline getiricem,0,health,future_tense
karar verdim erken yatmayı alışkanlık haline getirecem bu gece,0,health,future_tense+time_modifier+subject_prefix
sanırım erken yatmayı alışkanlık haline getiricem,0,health,future_tense+filler
Erken yatmayı alışkanlık haline getireceğim..,0,health,punctuation
ben de erken yatmayı alışkanlık haline getireceğim,0,health,synonym_swap+subject_prefix
Telefonumu yatak odasına sokmamaya başlayacağım,0,health,original
kesin bugün telefonumu yatak odasına sokmamaya başlayacağım.!,0,health,punctuation+time_modifier+filler
Telefonumu yatak odasına sokmamaya başlayıcam,0,health,future_tense
kararımı verdim telefonumu yatak odasına sokmamaya başlayacam,0,health,future_tense+subject_prefix
valla telefonumu yatak odasına sokmamaya başlayacam.,0,health,filler+future_tense+punctuation
kararımı verdim telefonumu yatak odasına sokmamaya başlayacağım!,0,health,subject_prefix+typo+punctuation
gece olunca telefonumu yatak odasına sokmamaya başlayacağım..,0,health,punctuation+synonym_swap+time_modifier
Telefonumu yatak odasına sokmamaya başlayıcam.,0,health,future_tense+punctuation
Telefonumu yatak odasına sokmamaya başlayacağım yakında,0,health,time_modifier
Telefonumu yatak odasına sokmamaya başlayacam,0,health,future_tense
yakında telefonumu yatak odasına sokmamaya başlayacağım,0,health,time_modifier+synonym_swap
yarın sabah telefonumu yatak odasına sokmamaya başlayacağım,0,health,time_modifier
Kendime iyi davranmaya odaklanacağım,0,health,original
kararımı verdim kendime iyi davranmaya odaklanacağım valla,0,health,filler+subject_prefix
sanırım kendime iyi davranmaya odaklanacağım,0,health,filler
evet kendime iyi davranmaya odaklanacağım sanırım,0,health,subject_prefix+synonym_swap+filler
Kendime iyi davranmaya odaklanacam,0,health,future_tense+case_variant
gece olunca kendime iyi davranmaya odaklanıcam aslında,0,health,future_tense+time_modifier+filler
sanırım kendime iyi davranmaya odaklanacağım...,0,health,filler+punctuation
artık kendime iyi davranmaya odaklanacam,0,health,filler+future_tense
yakında kendime iyi davranmaya odaklanacağım,0,health,typo+time_modifier
bu gece kendime iyi davranmaya odaklanacağım yani!,0,health,filler+time_modifier+punctuation
valla kendime iyi davranmaya odaklanacağım,0,health,filler
Kendime iyi davranmaya odaklanacağım!,0,health,punctuation
Olumlu düşünmeye odaklanacağım,0,health,original
Olumlu düsünmeye odaklanacağım,0,health,typo
Olumlu düşünmeye odaklanacam,0,health,future_tense
az sonra olumlu düşünmeye odaklanacağım,0,health,time_modifier
ben de olumlu düşünmeye odaklanacağım yakında,0,health,time_modifier+subject_prefix
ben olumlu düşünmeye odaklanacağım.,0,health,synonym_swap+punctuation+subject_prefix
bence olumlu düşünmeye odaklanacağım yakında,0,health,subject_prefix+time_modifier
ben de olumlu düşünmeye odaklanacağım..,0,health,subject_prefix+punctuation
yani olumlu düşünmeye odaklanacam,0,health,typo+filler+future_tense
Olumlu düşünmeye odaklanıcam.,0,health,punctuation+future_tense
Olumlu düşünmeye odaklanacağım yani,0,health,filler
Ya olumlu düşünmeye odaklanacağım,0,health,typo+subject_prefix+case_variant
Şükür günlüğü tutmaya başlayacağım,0,health,original
Yani şükür günlüğü tutmaya başlayacağım.,0,health,filler+punctuation+case_variant
Ben de şükür günlüğü tutmaya başlayacağım,0,health,subject_prefix+case_variant
Şükür günlüğü tutmaya başlayacağım bu gece,0,health,synonym_swap+time_modifier
Şükür günlüğü tutmaya başlayıcam..,0,health,punctuation+future_tense
Şükür günlüğü tutmaya başlayacağım yakında...,0,health,time_modifier+punctuation+synonym_swap
ben de şükür günlüğü tutmaya başlayacağım!,0,health,punctuation+subject_prefix
akşam olunca şükür günlüğü tutmaya başlayıcam...,0,health,punctuation+future_tense+time_modifier
bugün ben şükür günlüğü tutmaya başlayacağım,0,health,typo+punctuation+subject_prefix
Şükür günlüğü tutmaya başlayacağım bu hafta,0,health,time_modifier
valla şükür günlüğü tutmaya başlayacağım,0,health,filler
Şükür günlüğü tutmaya başlayıcam...,0,health,future_tense+punctuation
Kendime bir terapist arayacağım,0,health,original
Kendime bir terapist arayacam,0,health,typo+future_tense
Kendime bir terapist arayacağım yani,0,health,filler+synonym_swap
ben kendime bir terapist arayacağım,0,health,case_variant+subject_prefix+synonym_swap
aslında kendime bir terapist arayacam,0,health,future_tense+filler
karar verdim kendime bir terapist arayacağım.,0,health,punctuation+subject_prefix
Kendime bir terapist arayacağım bu hafta..,0,health,typo+time_modifier+punctuation
bugün ben kendime bir terapist arayacağım akşama,0,health,subject_prefix+synonym_swap+time_modifier
Kendime bir terapist arayacağım az sonra!,0,health,time_modifier+punctuation+case_variant
Kendime bir terapist arayıcam.!,0,health,typo+future_tense+punctuation
Kendime bir terapist arayacağim.! az sonra,0,health,punctuation+time_modifier+typo
valla kesin olarak kendime bir terapist arayacam,0,health,future_tense+subject_prefix+filler
Psikoloğa randevu alacağım,0,health,original
Psikoloğa randevu alacam yarın,0,health,time_modifier+future_tense+synonym_swap
yakında psikoloğa randevu alacağım,0,health,time_modifier
Psikologa randevu alacagım,0,health,typo
yakında psikoloğa randevu alacağım aslında.,0,health,time_modifier+filler+punctuation
Psikoloğa randevu alacam,0,health,future_tense
Psikoloğa randevu edineceğim,0,health,punctuation+synonym_swap
bugün ben psikoloğa randevu alacağım bu gece artık,0,health,subject_prefix+time_modifier+filler
Psikoloğa randevu alacağım akşama,0,health,time_modifier
ben de psikoloğa randevu alacağım az sonra,0,health,typo+time_modifier+subject_prefix
Psikoloğa randevu alacağım galiba,0,health,filler
yani psikoloğa randevu alacağım,0,health,filler
Mental sağlığım için adımlar atacağım,0,health,original
Mental sağlığım için adımlar Atacağım galiba,0,health,case_variant+filler+synonym_swap
yakında mental sağlığım için adımlar atacağım,0,health,time_modifier
artık artık mental sağlığım için adımlar atacağım,0,health,subject_prefix+filler
bu hafta bugün ben mental sağlığım için adımlar atacağım..,0,health,punctuation+subject_prefix+time_modifier
Mental sağlığım için adımlar atacağım.,0,health,punctuation
az sonra mental sağlığım için adımlar atacağım!,0,health,punctuation+time_modifier
mental sağlığım için adımlar atacağım yarın,0,health,synonym_swap+case_variant+time_modifier
Mental sağlığım için adımlar atacağım..,0,health,typo+punctuation+synonym_swap
Mental sağlığım için adımlar atacağım yani,0,health,filler
Mental sağliğım için adımlar atacağim,0,health,typo+future_tense
ya mental sağlığım için adımlar atacam artık,0,health,future_tense+subject_prefix+filler
Daha iyi bir insan olmaya çalışacağım,0,health,original
Daha iyi bir insan olmaya Çalışacam,0,health,future_tense+case_variant
bugün daha iyi bir insan olmaya çalışacağım,0,health,time_modifier
bugün ben daha iyi bir Insan olmaya çalışacağım,0,health,case_variant+subject_prefix+typo
galiba daha iyi bir insan Olmaya çalışacağım,0,health,filler+case_variant
aslında daha iyi bir insan olmaya çalışacağım,0,health,filler+typo
sanırım bu gece daha iyi bir insan olmaya çalışacam,0,health,time_modifier+future_tense+filler
valla daha iyi bir insan olmaya çalışacağım bugün içinde,0,health,typo+time_modifier+filler
Daha iyi bir insan olmaya çalışıcam,0,health,future_tense
bence daha iyi bir insan olmaya çalişacağim.,0,health,typo+subject_prefix+punctuation
Daha iyi bir insan olmaya çalışacağım!,0,health,typo+punctuation+synonym_swap
Daha iyi bir insan olmaya çalışacağım sanırım,0,health,synonym_swap+case_variant+filler
Affetmeye odaklanacağım bu hafta,0,health,original
bu akşam affetmeye odaklanıcam bu hafta aslında,0,health,filler+time_modifier+future_tense
Affetmeye odaklanacağım bu hafta.!,0,health,synonym_swap+punctuation+typo
bu gece affetmeye odaklanacam bu hafta,0,health,time_modifier+future_tense+synonym_swap
gece olunca affetmeye odaklanacağım bu hafta,0,health,typo+time_modifier
kararımı verdim affetmeye odaklanacağım bu hafta.!,0,health,punctuation+typo+subject_prefix
Affetmeye odaklanacağım bu hafta bu hafta aslında,0,health,time_modifier+filler+typo
sanırım affetmeye odaklanacağım bu hafta!,0,health,subject_prefix+punctuation
yani affetmeye odaklanacağım bu hafta yarın,0,health,time_modifier+filler+synonym_swap
ben affetmeye odaklanacağım bu hafta valla,0,health,subject_prefix+filler
bugün ben kesin affetmeye odaklanacağım bu hafta,0,health,filler+subject_prefix+typo
ben de affetmeye odaklanacağım bu hafta,0,health,subject_prefix
Kalbim huzurla dolsun istiyorum,0,health,original
ben kalbim huzurla dolsun istiyorum,0,health,typo+case_variant+subject_prefix
Kalbim huzurla dolsun istiyorum...,0,health,typo+punctuation+synonym_swap
bu gece kalbim huzurla dolsun istiyorum,0,health,time_modifier
gece olunca kalbim huzurla dolsun istiyorum,0,health,case_variant+time_modifier+future_tense
Kalbim huzurla dolsun istiyorum galiba,0,health,typo+synonym_swap+filler
artık kalbim huzurla dolsun istiyorum,0,health,subject_prefix
Kalbim huzurla dolsun istiyorum aslında,0,health,filler
kararımı verdim kalbim huzurla dolsun istiyorum akşama,0,health,synonym_swap+time_modifier+subject_prefix
yakında valla kalbim huzurla dolsun istiyorum,0,health,filler+time_modifier
sanırım kalbim huzurla dolsun istiyorum,0,health,subject_prefix
kesin olarak kalbim huzurla dolsun istiyorum,0,health,subject_prefix
İçimi rahatlatan müzikler dinleyeceğim,0,health,original
İçimi rahatlatan müzikler dinleyeceğim...,0,health,punctuation
bu gece içimi rahatlatan müzikler dinleyicem,0,health,future_tense+synonym_swap+time_modifier
İçimi rahatlatan müzikler dinleyeceğim yarın,0,health,case_variant+typo+time_modifier
sanırım i̇çimi rahatlatan müzikler dinleyeceğim.!,0,health,punctuation+case_variant+subject_prefix
İçimi rahatlatan müzikler dinleyicem sanırım,0,health,filler+future_tense
artık artık içimi rahatlatan müzikler dinleyicem,0,health,filler+future_tense+subject_prefix
kesin ben i̇çimi rahatlatan müzikler dinleyeceğim,0,health,subject_prefix+filler+synonym_swap
artık i̇çimi rahatlatan müzikler dinleyeceğim bu hafta,0,health,typo+subject_prefix+time_modifier
evet i̇çimi rahatlatan müzikler dinleyeceğim yakında.,0,health,time_modifier+subject_prefix+punctuation
karar verdim i̇çimi rahatlatan müzikler dinleyeceğim...,0,health,punctuation+subject_prefix
ben i̇çimi rahatlatan müzikler dinleyeceğim,0,health,case_variant+subject_prefix
Kendime küçük başarılar dileyeceğim,0,health,original
ya kendime küçük başarılar dileyecem,0,health,punctuation+subject_prefix+future_tense
Sanırım kendime küçük başarılar dileyeceğim,0,health,subject_prefix+case_variant
sanırım aslında kendime küçük başarılar dileyeceğim,0,health,filler+subject_prefix
artık kendime küçük başarılar dileyeceğim,0,health,filler
bu gece kendime küçük başarılar dileyicem,0,health,time_modifier+future_tense
sanırım kendime küçük başarılar dileyicem,0,health,future_tense+filler
sanırım kendime küçük başarılar dileyecem,0,health,subject_prefix+future_tense
Kendime küçük başarılar dileyeceğim artık,0,health,filler
Kendime küçük başarılar dileyeceğim bugün içinde,0,health,case_variant+time_modifier
şimdi sanırım kendime küçük başarılar dileyeceğim.,0,health,subject_prefix+punctuation+time_modifier
Kendime küçük başarılar Dileyecem,0,health,case_variant+future_tense
Beyaz eşyaları temizleyeceğim,0,daily,original
Beyaz eşyaları temizleyicem,0,daily,typo+future_tense
ya beyaz eşyaları temizleyeceğim...,0,daily,punctuation+synonym_swap+subject_prefix
Beyaz eşyalari temizleyeceğim,0,daily,typo
beyaz eşyaları temizleyeceğim! az sonra,0,daily,punctuation+time_modifier+case_variant
kesin olarak beyaz eşyaları temizleyeceğim,0,daily,subject_prefix+synonym_swap
Beyaz eşyaları temizleyeceğim aslında,0,daily,filler
saatler içinde beyaz eşyaları temizleyeceğim,0,daily,time_modifier
Beyaz eşyaları temizleyeceğim!,0,daily,punctuation
Beyaz eşyaları temizleyecem,0,daily,punctuation+typo+future_tense
aslında sanırım beyaz eşyaları temizleyeceğim...,0,daily,subject_prefix+filler+punctuation
bu gece beyaz eşyaları temizleyecegim galiba,0,daily,time_modifier+filler+typo
Ev temizliği yapacağım,0,daily,original
artık ev temizliği yapacağım,0,daily,subject_prefix+typo
galiba ev temizliği yapacağım,0,daily,case_variant+typo+filler
Ev temizliği yapacam,0,daily,future_tense
bugün ben ev temizliği yapacağım valla,0,daily,filler+subject_prefix
ben de ev temizliği yapacağım galiba.!,0,daily,filler+subject_prefix+punctuation
Ev temizliği yapacağım aslında,0,daily,filler
sanırım ev temizliği yapıcam,0,daily,subject_prefix+future_tense
sanırım ev temizliği yapacağım,0,daily,filler
Ev temizliği yapacağım sanırım,0,daily,filler
bence ev temizliği yapacağım,0,daily,subject_prefix
evet ev temizliği yapacağım...,0,daily,synonym_swap+subject_prefix+punctuation
Çamaşır yıkayacağım,0,daily,original
saatler içinde çamaşır yıkayacağım galiba.!,0,daily,time_modifier+filler+punctuation
Çamaşır yıkayacağım bu hafta,0,daily,time_modifier+typo
Evet çamaşır yıkayacağım.!,0,daily,subject_prefix+case_variant+punctuation
Çamaşır yıkayacağım!,0,daily,punctuation+case_variant
Çamaşır yıkayacam,0,daily,future_tense
saatler içinde kesin olarak çamaşır yıkayıcam,0,daily,subject_prefix+time_modifier+future_tense
Çamaşır yıkayıcam bu hafta,0,daily,synonym_swap+future_tense+time_modifier
Çamaşır yıkayıcam,0,daily,future_tense
çamaşır yıkayacağım.!,0,daily,punctuation+case_variant
yarın sabah artık çamaşır yıkayacağım,0,daily,filler+synonym_swap+time_modifier
akşam olunca çamaşır yıkayacağım,0,daily,case_variant+time_modifier+typo
Bulaşıkları yıkayacağım,0,daily,original
Bulaşıkları yıkayacağım yarın,0,daily,time_modifier
Bulaşıkları yıkayacam,0,daily,future_tense
Bulaşıkları yıkayacağım...,0,daily,punctuation
kesin artık bulaşıkları yıkayacağım yakında,0,daily,time_modifier+subject_prefix+filler
evet bulaşıkları yıkayacağım!,0,daily,punctuation+subject_prefix
saatler içinde bulaşıkları yıkayacağım,0,daily,time_modifier
Akşam olunca bulaşıkları yıkayacağım,0,daily,time_modifier+case_variant
yani bulaşıkları yıkayacağım,0,daily,filler
yakında bulaşıkları yıkayıcam..,0,daily,punctuation+future_tense+time_modifier
sanırım bulaşıkları yıkayacağım,0,daily,subject_prefix
kesin bulaşıkları yıkayacağım,0,daily,case_variant+synonym_swap+filler
Yatak odasını düzenleyeceğim,0,daily,original
evet yatak odasını düzenleyecegim,0,daily,typo+subject_prefix
galiba yatak odasını düzenleyecegim,0,daily,punctuation+typo+filler
yatak odasını düzenleyeceğim az sonra,0,daily,time_modifier+case_variant+synonym_swap
Yatak odasını düzenleyicem,0,daily,future_tense
ya yatak odasını düzenleyeceğim...,0,daily,synonym_swap+punctuation+subject_prefix
Yatak odasını düzenleyecem,0,daily,synonym_swap+future_tense
Yatak odasını düzenleyeceğim! yani,0,daily,typo+punctuation+filler
Yatak odasını düzenleyeceğim...,0,daily,typo+punctuation
bugün ben yatak odasını düzenleyicem,0,daily,subject_prefix+future_tense+synonym_swap
ben de yatak odasını düzenleyeceğim,0,daily,synonym_swap+subject_prefix
Yatak odasını düzenleyeceğim sabaha,0,daily,time_modifier
Markete gideceğim,0,daily,original
Markete gidecem,0,daily,future_tense+typo
ya markete gideceğim,0,daily,subject_prefix
Markete gideceğim.!,0,daily,punctuation+case_variant
ben de markete gideceğim,0,daily,subject_prefix+case_variant
akşam olunca markete gidicem.,0,daily,time_modifier+punctuation+future_tense
Markete gideceğim... az sonra,0,daily,punctuation+typo+time_modifier
ben markete uğrayacağım,0,daily,synonym_swap+case_variant+subject_prefix
Markete gideceğim...,0,daily,typo+punctuation
Markete gideceğim sabaha valla,0,daily,time_modifier+filler
artık markete uğrayacam,0,daily,synonym_swap+future_tense+subject_prefix
yani markete uğrayacağım,0,daily,filler+punctuation+synonym_swap
Faturalarımı ödeyeceğim,0,daily,original
Faturalarımı ödeyeceğim aslında,0,daily,case_variant+filler
Faturalarımı ödeyicem,0,daily,future_tense
saatler içinde faturalarımı ödeyecem,0,daily,future_tense+time_modifier
Faturalarımı ödeyicem..,0,daily,punctuation+future_tense+case_variant
Faturalarımı ödeyeceğim.!,0,daily,punctuation
aslında faturalarımı ödeyeceğim,0,daily,typo+filler+synonym_swap
Faturalarımı ödeyeceğim artık,0,daily,case_variant+typo+filler
artık faturalarımı ödeyeceğim,0,daily,filler+punctuation
ben faturalarımı ödeyeceğim.,0,daily,punctuation+typo+subject_prefix
Faturalarımı ödeyecem,0,daily,future_tense+synonym_swap
galiba faturalarımı ödeyeceğim,0,daily,filler+punctuation
Otoyu yıkatacağım,0,daily,original
Ya otoyu yıkatacağım yarın,0,daily,time_modifier+subject_prefix+case_variant
kararımı verdim otoyu yıkatacağım,0,daily,case_variant+subject_prefix
akşam olunca otoyu yıkatacam kesin,0,daily,future_tense+time_modifier+filler
otoyu yıkatacam,0,daily,future_tense+case_variant
evet otoyu yıkatacam,0,daily,case_variant+subject_prefix+future_tense
bugün ben otoyu yıkatıcam,0,daily,synonym_swap+subject_prefix+future_tense
yakında otoyu yıkatacağım,0,daily,time_modifier
Otoyu yıkatacağım... artık,0,daily,punctuation+typo+filler
Otoyu yıkatacağım!,0,daily,punctuation
Otoyu yıkatacağım.!,0,daily,punctuation+synonym_swap
bence artık otoyu yıkatacağım,0,daily,filler+subject_prefix
Yemek listesi hazırlayacağım,0,daily,original
Yemek Listesi hazırlayacam kesin,0,daily,future_tense+filler+case_variant
Yemek listesi hazırlayacam...,0,daily,future_tense+punctuation
kesin yemek listesi hazırlayacam bu hafta,0,daily,time_modifier+future_tense+filler
karar verdim yemek listesi hazırlayacağım artık,0,daily,filler+subject_prefix
artık yemek listesi hazırlayacağım,0,daily,synonym_swap+subject_prefix
Yemek listesi hazırlayacağım valla,0,daily,synonym_swap+filler
evet yemek listesi hazırlayacağım,0,daily,typo+subject_prefix
Yemek listesi hazırlayacağım.!,0,daily,punctuation
Yemek listesi hazırlayacağım artık,0,daily,synonym_swap+filler
Ben de yemek listesi hazırlayacağım az sonra,0,daily,subject_prefix+case_variant+time_modifier
Yemek listesi hazırlayıcam,0,daily,punctuation+future_tense
Bütçemi düzenleyeceğim,0,daily,original
Ya bütçemi düzenleyeceğim,0,daily,subject_prefix+case_variant
artık bütçemi düzenleyeceğim,0,daily,filler
Butçemi duzenleyeceğim,0,daily,typo
evet bütçemi düzenleyeceğim,0,daily,subject_prefix
bütçemi düzenleyeceğim!,0,daily,punctuation+case_variant
Bütçemi düzenleyicem galiba.!,0,daily,future_tense+filler+punctuation
kararımı verdim bütçemi düzenleyeceğim,0,daily,typo+subject_prefix
Bütçemi düzenleyeceğim.!,0,daily,punctuation
evet bütçemi düzenleyeceğim artık,0,daily,filler+synonym_swap+subject_prefix
Bütçemi düzenleyecem,0,daily,case_variant+typo+future_tense
yani kararımı verdim bütçemi düzenleyeceğim,0,daily,typo+subject_prefix+filler
calışma odamı temizlicem,0,daily,original
Calışma odamı temizlicem kesin,0,daily,synonym_swap+filler+case_variant
yarın sabah calışma odamı temizlicem,0,daily,case_variant+time_modifier
az sonra calışma odamı temizlicem,0,daily,synonym_swap+time_modifier
kesin bu akşam calışma odamı temizlicem!,0,daily,time_modifier+filler+punctuation
karar verdim calışma odamı temizlicem,0,daily,synonym_swap+subject_prefix
aslında calışma odamı temizlicem,0,daily,filler+case_variant
calışma odamı temizlicem yarın...,0,daily,time_modifier+punctuation
kararımı verdim aslında calışma odamı temizlicem,0,daily,filler+subject_prefix
bugün ben calışma odamı temizlicem sabaha,0,daily,time_modifier+subject_prefix
bence calışma odamı Temizlicem,0,daily,subject_prefix+case_variant
bu gece calışma odamı temizlicem...,0,daily,time_modifier+punctuation+typo
Eski eşyaları ayıklayacağım,0,daily,original
eski eşyaları ayıklayacağım.! bu gece,0,daily,punctuation+time_modifier+case_variant
karar verdim eski eşyaları ayıklayacağım,0,daily,subject_prefix
Eski eşyaları ayıklayacağım.,0,daily,synonym_swap+punctuation
yarın sabah eski eşyaları ayıklayacağım aslında,0,daily,filler+time_modifier
kesin olarak eski eşyaları ayıklayacağım sabaha,0,daily,subject_prefix+time_modifier
az sonra eski eşyaları ayıklayacağım,0,daily,synonym_swap+punctuation+time_modifier
Eski esyaları ayıklayacağım..,0,daily,typo+punctuation+case_variant
Eski eşyaları ayıklayacağım kesin,0,daily,filler+synonym_swap
bugün ben artık eski eşyaları ayıklayacağım,0,daily,filler+subject_prefix
Eski eşyaları ayıklayıcam bugün içinde,0,daily,typo+future_tense+time_modifier
Eski eşyaları ayıklayacağım... yakında,0,daily,typo+punctuation+time_modifier
Dolaplarımı düzenleyeceğim,0,daily,original
bugün dolaplarımı düzenleyeceğim!,0,daily,typo+punctuation+time_modifier
Dolaplarımı düzenleyeceğim..,0,daily,punctuation
Dolaplarımı düzenleyeceğim...,0,daily,punctuation+synonym_swap+typo
artık dolaplarımı düzenleyicem,0,daily,future_tense+subject_prefix
ben de dolaplarımı düzenleyicem,0,daily,future_tense+subject_prefix
evet dolaplarımı düzenleyeceğim,0,daily,subject_prefix
Dolaplarımı düzenleyeceğim bugün içinde,0,daily,time_modifier
Dolaplarımı düzenleyecem,0,daily,future_tense
Dolaplarımı düzenleyecem bugün içinde!,0,daily,time_modifier+punctuation+future_tense
Dolaplarımı düzenleyeceğim.,0,daily,punctuation+synonym_swap
Dolaplarımı düzenleyeceğim bu gece,0,daily,time_modifier+case_variant+synonym_swap
Bilgisayarımdaki dosyaları temizleyeceğim,0,daily,original
Bilgisayarımdaki dosyaları temizleyecem,0,daily,case_variant+future_tense
Bilgisayarımdaki dosyaları temizleyeceğim yarın,0,daily,typo+time_modifier
Bilgisayarımdaki dosyaları temizleyeceğim bu hafta,0,daily,time_modifier
Bilgisayarımdaki dosyaları temizleyeceğim!,0,daily,punctuation+synonym_swap
artık bilgisayarımdaki dosyaları temizleyicem,0,daily,future_tense+subject_prefix+typo
artık bilgisayarımdaki dosyaları temizleyeceğim yani,0,daily,filler+synonym_swap+subject_prefix
Bilgisayarımdaki dosyaları temizleyicem valla,0,daily,synonym_swap+filler+future_tense
bu gece bilgisayarımdaki dosyaları temizleyeceğim,0,daily,time_modifier+synonym_swap
Bilgisayarımdaki dosyaları temizleyeceğim galiba,0,daily,synonym_swap+filler
bugün ben saatler içinde bilgisayarımdaki dosyaları temizleyeceğim,0,daily,time_modifier+punctuation+subject_prefix
yarın karar verdim bilgisayarımdaki dosyaları temizleyeceğim,0,daily,subject_prefix+time_modifier+synonym_swap
E-postalarımı yanıtlayacağım,0,daily,original
yani e-postalarımı yanıtlayacağım,0,daily,filler+case_variant
kararımı verdim e-postalarımı yanıtlayacağım,0,daily,typo+subject_prefix
E-postalarımı yanıtlayacağım.!,0,daily,punctuation
sanırım e-postalarımi yanıtlayacağim,0,daily,typo+filler+future_tense
artık e-postalarımı yanıtlayacağım akşama,0,daily,time_modifier+synonym_swap+filler
E-postalarımı yanıtlayacağım artık bu hafta,0,daily,filler+time_modifier
ben de e-postalarımı yanıtlayacam,0,daily,future_tense+subject_prefix
E-postalarımı yanıtlayacağım kesin,0,daily,case_variant+filler
evet e-postalarımı yanıtlayacağım bugün içinde galiba,0,daily,subject_prefix+time_modifier+filler
sanırım e-postalarımı yanıtlayacağım,0,daily,filler
bu gece ya e-postalarımı yanıtlayacağım,0,daily,subject_prefix+time_modifier
Çalışma masamı düzenleyeceğim,0,daily,original
Çalışma masamı düzenleyeceğim yakında,0,daily,synonym_swap+time_modifier
Çalışma masamı düzenleyecem akşama,0,daily,time_modifier+future_tense
kesin olarak çalışma masamı düzenleyeceğim,0,daily,synonym_swap+subject_prefix
Çalışma masamı Düzenleyeceğim...,0,daily,punctuation+case_variant
çalışma masamı düzenleyecem,0,daily,synonym_swap+future_tense+case_variant
sanırım çalışma masamı düzenleyeceğim akşama,0,daily,synonym_swap+subject_prefix+time_modifier
karar verdim çalışma masamı Düzenleyeceğim,0,daily,typo+subject_prefix+case_variant
şimdi aslında çalışma masamı duzenleyeceğim,0,daily,filler+time_modifier+typo
sanırım çalışma masamı düzenleyeceğim,0,daily,filler
Çalışma masamı düzenleyeceğim sanırım..,0,daily,filler+synonym_swap+punctuation
bugün çalışma masamı düzenleyeceğim Sanırım,0,daily,time_modifier+filler+case_variant
İşlerimi planlayacağım,0,daily,original
İşlerimi planlayacağım Akşama,0,daily,time_modifier+case_variant
i̇şlerimi planlayacağım!,0,daily,case_variant+punctuation
İşlerimi planlayacağım yakında,0,daily,punctuation+time_modifier
galiba işlerimi planlayacağım.,0,daily,punctuation+filler+synonym_swap
ben i̇şlerimi planlayacağım.,0,daily,subject_prefix+punctuation
i̇şlerimi planlayacağım.,0,daily,punctuation+case_variant
sanırım i̇şlerimi planlayacam,0,daily,case_variant+subject_prefix+future_tense
İşlerimi planlayıcam...,0,daily,case_variant+future_tense+punctuation
İşlerimi planlayıcam artık,0,daily,future_tense+case_variant+filler
gece olunca işlerimi planlayacam,0,daily,time_modifier+future_tense
bugün ben i̇şlerimi planlayacağım bu gece,0,daily,subject_prefix+typo+time_modifier
Günlük tutmaya başlayacağım,0,daily,original
evet günlük tutmaya başlayacam,0,daily,future_tense+subject_prefix
Günlük tutmaya başlayacağım!,0,daily,synonym_swap+punctuation
kararımı verdim günlük tutmaya başlayıcam!,0,daily,future_tense+subject_prefix+punctuation
Günlük tutmaya başlayıcam.!,0,daily,punctuation+case_variant+future_tense
bu gece günlük tutmaya başlayacam yani,0,daily,future_tense+filler+time_modifier
ben günlük tutmaya başlayacağım..,0,daily,subject_prefix+punctuation
Günlük tutmaya başlayıcam..,0,daily,punctuation+future_tense
Bu akşam günlük tutmaya başlayacağım,0,daily,time_modifier+case_variant+synonym_swap
ben aslında günlük tutmaya başlayacağım bu gece,0,daily,time_modifier+filler+subject_prefix
Günlük tutmaya başlayacağım...,0,daily,punctuation
Günlük tutmaya başlayacağım.!,0,daily,synonym_swap+punctuation
Yeni bir alışkanlık edineceğim,0,daily,original
Yeni Bir alışkanlık edineceğim bu hafta,0,daily,case_variant+time_modifier
Yeni bir alışkanlık edineceğim az sonra,0,daily,synonym_swap+time_modifier
karar verdim yeni bir alışkanlık edinicem sanırım,0,daily,filler+subject_prefix+future_tense
yani yeni bir alışkanlık edineceğim,0,daily,filler+typo
sanırım yeni bir alışkanlık edineceğim sabaha,0,daily,case_variant+time_modifier+subject_prefix
Yeni bir alışkanlık edineceğim yani,0,daily,filler
ya yeni bir alışkanlık edineceğim,0,daily,subject_prefix
Yeni bir alışkanlık edineceğim sanırım,0,daily,filler
yeni bir alışkanlık edineceğim..,0,daily,typo+punctuation+case_variant
Yeni bir alışkanlık edinicem.,0,daily,punctuation+typo+future_tense
galiba yeni bir alışkanlık edineceğim az sonra,0,daily,time_modifier+filler
Hedeflerimi yazacağım,0,daily,original
ya hedeflerimi yazıcam,0,daily,subject_prefix+typo+future_tense
Hedeflerimi yazacağım.,0,daily,typo+punctuation+synonym_swap
Hedeflerimi yazacağım..,0,daily,punctuation+case_variant
artık hedeflerimi yazacam,0,daily,typo+subject_prefix+future_tense
Hedeflerimi yazacağım kesin,0,daily,typo+filler
evet hedeflerimi yazacağım,0,daily,subject_prefix
bence hedeflerimi yazacağım bu gece,0,daily,subject_prefix+time_modifier+punctuation
bence hedeflerimi yazacağım,0,daily,subject_prefix+typo
valla hedeflerimi yazacağım,0,daily,filler
artık hedeflerimi yazacağım,0,daily,subject_prefix
Hedeflerimi yazacağim,0,daily,typo
Bu hafta sonu dinleneceğim,0,daily,original
sanırım bu hafta sonu dinleneceğim,0,daily,filler
Bu hafta sonu dinleneceğim valla,0,daily,filler
Bu hafta sonu dinleneceğim aslında,0,daily,filler
kararımı verdim bu hafta sonu dinleneceğim aslında,0,daily,subject_prefix+filler
artık bu hafta sonu dinleneceğim bu gece,0,daily,time_modifier+subject_prefix+synonym_swap
bence bu hafta sonu dinleneceğim bu gece,0,daily,subject_prefix+typo+time_modifier
Bu hafta sonu dinlenecem,0,daily,typo+future_tense+punctuation
Bu hafta sonu dinleneceğim...,0,daily,punctuation
saatler içinde sanırım bu hafta sonu dinleneceğim,0,daily,subject_prefix+synonym_swap+time_modifier
kararımı verdim bu hafta sonu dinlenicem,0,daily,future_tense+subject_prefix
Bu hafta sonu dinleneceğim bu gece.,0,daily,time_modifier+punctuation+synonym_swap
Erken kalkıp güneş doğuşunu izleyeceğim,0,daily,original
evet erken kalkıp güneş doğuşunu izleyeceğim,0,daily,subject_prefix+case_variant
Erken kalkıp güneş doğuşunu izleyecem galiba,0,daily,filler+future_tense+synonym_swap
bugün ben erken kalkıp güneş doğuşunu izleyeceğim,0,daily,typo+subject_prefix
bence erken kalkıp güneş doğuşunu Izleyeceğim valla,0,daily,filler+case_variant+subject_prefix
ben de erken kalkıp güneş doğuşunu izleyeceğim,0,daily,subject_prefix
Erken kalkıp güneş doguşunu izleyecegim galiba,0,daily,typo+filler+punctuation
erken kalkıp güneş doğuşunu izleyicem,0,daily,case_variant+future_tense
Erken kalkıp güneş doğuşunu izleyicem!,0,daily,punctuation+future_tense
ben erken kalkıp güneş doğuşunu izleyeceğim,0,daily,typo+subject_prefix
sanırım yakında erken kalkıp güneş Doğuşunu izleyeceğim,0,daily,case_variant+time_modifier+subject_prefix
erken kalkıp güneş doğuşunu izleyicem artık,0,daily,future_tense+case_variant+filler
Kendime zaman ayıracağım,0,daily,original
Kendime zaman ayıracağım akşama,0,daily,time_modifier
ben de kendime zaman ayıracağım..,0,daily,subject_prefix+punctuation+synonym_swap
aslında kendime zaman ayıracağım.!,0,daily,filler+punctuation
Kendime zaman ayıracam sanırım,0,daily,filler+future_tense+typo
Kendime zaman Ayıracağım yarın,0,daily,time_modifier+synonym_swap+case_variant
Kendime zaman ayırıcam,0,daily,typo+future_tense
Kendime zaman ayıracağım sabaha,0,daily,time_modifier+typo+synonym_swap
Kendime zaman ayıracağım sanırım akşama,0,daily,filler+time_modifier
artık kendime zaman ayıracam,0,daily,case_variant+subject_prefix+future_tense
sanırım kendime zaman ayıracağım kesin,0,daily,subject_prefix+filler
Kendime zaman ayıracam. sabaha,0,daily,punctuation+future_tense+time_modifier
Doğada vakit geçireceğim,0,daily,original
Doğada vakit geçireceğim...,0,daily,typo+punctuation+case_variant
bence doğada vakit geçiricem,0,daily,future_tense+subject_prefix+typo
Doğada vakit geçireceğim artık,0,daily,filler
sanırım doğada vakit geçireceğim...,0,daily,subject_prefix+punctuation+synonym_swap
Doğada vakit geçireceğim bugün içinde,0,daily,time_modifier
ya doğada vakit geçireceğim..,0,daily,punctuation+subject_prefix+typo
karar verdim doğada vakit geçireceğim,0,daily,subject_prefix
karar verdim doğada vakit geçireceğim aslında,0,daily,subject_prefix+case_variant+filler
şimdi doğada vakit geçireceğim,0,daily,time_modifier
Doğada vakit geçireceğim sanırım,0,daily,synonym_swap+filler
Doğada vakit geçireceğim bugün içinde!,0,daily,time_modifier+punctuation
Internet kullanımımı azaltacağım,0,daily,original
yarın sabah internet kullanımımı azaltacağım,0,daily,typo+time_modifier+synonym_swap
ben de internet kullanımımı azaltacağım,0,daily,subject_prefix
Internet kullanımımı azaltıcam,0,daily,future_tense+case_variant
ben de internet kullanımımı azaltıcam!,0,daily,subject_prefix+punctuation+future_tense
Internet kullanımımı azaltacağım akşama,0,daily,typo+time_modifier
Internet kullanımımı azaltacağım bu Gece,0,daily,time_modifier+case_variant+typo
Internet kullanımımı azaltıcam yani.!,0,daily,filler+punctuation+future_tense
Internet kullanımımı azaltacağım sabaha,0,daily,synonym_swap+typo+time_modifier
sanırım internet kullanımımı azaltacağım,0,daily,filler
Internet kullanımımı azaltacağım artık yakında,0,daily,filler+synonym_swap+time_modifier
aslında internet kullanımımı azaltacağım,0,daily,filler+typo+synonym_swap
Telefonsuz bir gün geçireceğim,0,daily,original
Telefonsuz bir gün geçireceğim bu gece...,0,daily,time_modifier+punctuation
ben telefonsuz bir gün geçiricem,0,daily,future_tense+subject_prefix
Telefonsuz bir gün geçireceğim.!,0,daily,typo+punctuation
artık telefonsuz bir gün geçiricem,0,daily,filler+synonym_swap+future_tense
artık saatler içinde telefonsuz bir gün geçireceğim..,0,daily,time_modifier+punctuation+filler
bugün ben telefonsuz bir gün geçireceğim,0,daily,synonym_swap+subject_prefix
Telefonsuz bir gün geçireceğim yakında,0,daily,time_modifier+synonym_swap
sanırım telefonsuz bir gün geçireceğim kesin,0,daily,filler+subject_prefix+synonym_swap
yakında telefonsuz bir gün geçirecem,0,daily,future_tense+typo+time_modifier
kesin olarak kesin telefonsuz bir gün geçireceğim..,0,daily,punctuation+filler+subject_prefix
Telefonsuz bir gün geçireceğim valla..,0,daily,filler+punctuation
Erken yatmaya alışacağım,0,daily,original
kararımı verdim erken yatmaya alışacağım,0,daily,subject_prefix
Erken yatmaya Alişacağim,0,daily,case_variant+typo+synonym_swap
Erken yatmaya alışacağım! galiba,0,daily,punctuation+filler
kararımı verdim erken yatmaya alışacağım kesin..,0,daily,subject_prefix+filler+punctuation
aslında erken yatmaya alışacağım!,0,daily,filler+punctuation
ben de erken yatmaya alışacağım,0,daily,subject_prefix+synonym_swap
az sonra erken yatmaya alışacağım,0,daily,time_modifier
aslında ya erken yatmaya alışacağım,0,daily,synonym_swap+subject_prefix+filler
Erken yatmaya alışacağım.. bu hafta,0,daily,synonym_swap+punctuation+time_modifier
evet akşam olunca erken yatmaya alışacağım,0,daily,time_modifier+subject_prefix+case_variant
artık erken yatmaya alışacağım,0,daily,filler
Yeni rutin oluşturacağım,0,daily,original
kesin olarak yeni rutin oluşturacağım.,0,daily,subject_prefix+punctuation
yani yeni rutin oluşturacağım,0,daily,filler
bugün ben valla yeni rutin oluşturacağım,0,daily,case_variant+filler+subject_prefix
Yeni rutin oluşturacağım yani,0,daily,filler
artık yeni rutin oluşturacam...,0,daily,future_tense+subject_prefix+punctuation
galiba yeni rutin oluşturacağım,0,daily,filler
Yeni rutin oluşturacağım sabaha,0,daily,time_modifier
ben de kesin yeni rutin oluşturacağım,0,daily,filler+subject_prefix+case_variant
kesin yeni rutin oluşturacağım!,0,daily,filler+typo+punctuation
karar verdim yeni rutin oluşturıcam,0,daily,future_tense+subject_prefix
sanırım yeni rutin oluşturacağım!,0,daily,filler+punctuation
Daha verimli olmaya çalışacağım,0,daily,original
Daha verimli Olmaya çalışacağım!,0,daily,case_variant+punctuation
Daha verimli olmaya çalışacağım..,0,daily,punctuation
daha verimli olmaya çalışacağım.,0,daily,case_variant+punctuation+synonym_swap
ya daha verimli olmaya çalışıcam,0,daily,future_tense+subject_prefix
bugün ben daha verimli olmaya çalışacağım,0,daily,subject_prefix
Daha verimli olmaya çalışıcam,0,daily,case_variant+future_tense
akşam olunca artık daha verimli olmaya çalışıcam,0,daily,subject_prefix+time_modifier+future_tense
Daha verimli olmaya çalışacam kesin,0,daily,filler+future_tense
yarın artık daha verimli olmaya çalışacağım aslında,0,daily,subject_prefix+filler+time_modifier
ya Daha verimli olmaya çalışacağım aslında,0,daily,subject_prefix+filler+case_variant
Daha verimli olmaya çalısacağım sanırım,0,daily,filler+typo
Çocuğa kitap okuyacağım uyumadan önce,0,daily,original
Çocuğa kitap inceleyeceğim uyumadan önce,0,daily,case_variant+synonym_swap
sanırım çocuğa kitap inceleyeceğim uyumadan önce,0,daily,subject_prefix+synonym_swap
yakında çocuğa kitap inceleyeceğim uyumadan önce,0,daily,synonym_swap+time_modifier+punctuation
aslında çocuğa kitap okuyacağım uyumadan önce,0,daily,typo+filler
Çocuğa kitap okuyacağım uyumadan önce yani,0,daily,filler
Çocuğa kitap okuyacağım uyumadan önce yani.!,0,daily,filler+punctuation
Çocuğa kitap okuyacağım uyumadan önce kesin bu gece,0,daily,filler+time_modifier
Çocuğa kitap okuyıcam uyumadan önce,0,daily,future_tense
Çocuğa kitap inceleyeceğim uyumadan önce..,0,daily,punctuation+synonym_swap
bugün ben çocuğa kitap okuyacağım uyumadan önce..,0,daily,subject_prefix+punctuation
bu akşam çocuğa kitap okuyacağım uyumadan önce kesin,0,daily,typo+filler+time_modifier
Yarın sabah kahvaltıya hazırlık yapacağım,0,daily,original
karar verdim yarın sabah kahvaltıya hazırlık yapacağım,0,daily,synonym_swap+subject_prefix
aslında yarın sabah kahvaltıya hazırlık yapacağım,0,daily,case_variant+filler+typo
artık yarın sabah kahvaltıya hazırlık yapacağım...,0,daily,punctuation+typo+subject_prefix
Yarın sabah kahvaltıya hazırlık yapacağım...,0,daily,punctuation
Yarın sabah kahvaltıya hazırlık yapacağım sanırım,0,daily,filler
aslında yarın sabah yarın sabah kahvaltıya hazırlık yapıcam,0,daily,future_tense+time_modifier+filler
ben yarın sabah kahvaltıya hazırlık yapacam,0,daily,future_tense+case_variant+subject_prefix
Yarın sabah kahvaltıya hazırlık yapacam yarın,0,daily,time_modifier+case_variant+future_tense
aslında yarın sabah kahvaltıya hazırlık yapacağım.!,0,daily,filler+case_variant+punctuation
bugün ben yarın sabah kahvaltıya hazırlık yapacağım. galiba,0,daily,subject_prefix+punctuation+filler
Yarın sabah kahvaltıya hazırlık yapacam,0,daily,typo+future_tense+synonym_swap
İyi bir kahve almaya gideceğim,0,daily,original
İyi bir kahve almaya gidecem aslında,0,daily,typo+future_tense+filler
İyi bir kahve almaya gideceğim!,0,daily,punctuation
İyi bir kahve almaya uğrayacağım,0,daily,synonym_swap+typo
bu akşam artık i̇yi bir kahve almaya gideceğim,0,daily,subject_prefix+time_modifier+typo
evet i̇yi bir kahve almaya gideceğim,0,daily,subject_prefix
kesin olarak i̇yi bir kahve almaya gideceğim sabaha,0,daily,time_modifier+subject_prefix
ya i̇yi bir kahve almaya gideceğim,0,daily,subject_prefix
İyi bir kahve almaya uğrayacam galiba,0,daily,synonym_swap+filler+future_tense
İyi bir kahve almaya gideceğim yarın,0,daily,time_modifier
İyi bir kahve almaya gideceğim.. artık,0,daily,punctuation+filler
İyi bir kahve almaya gideceğim bugün içinde,0,daily,time_modifier
Kendime yeni kıyafet alacağım,0,daily,original
kendime yeni kıyafet alacağım yani,0,daily,case_variant+filler
bugün ben az sonra kendime yeni kıyafet alacağım,0,daily,time_modifier+subject_prefix
kendime yeni kıyafet alacağım bu hafta,0,daily,case_variant+time_modifier
ben kendime yeni kıyafet alıcam,0,daily,future_tense+subject_prefix
Kendime yeni kıyafet edineceğim,0,daily,synonym_swap
yarın sabah kendime yeni kıyafet alacam,0,daily,future_tense+time_modifier+case_variant
sanırım kendime yeni kiyafet alacağım,0,daily,typo+filler
ben kendime yeni kıyafet alacağım,0,daily,subject_prefix
kesin olarak kendime yeni kıyafet edineceğim,0,daily,synonym_swap+subject_prefix
sanırım kendime yeni kıyafet alacağım,0,daily,case_variant+filler
valla kendime yeni kıyafet alacağım,0,daily,filler
Saçımı kestireceğim kuaförde,0,daily,original
Sacımı kestireceğim kuaförde,0,daily,typo
Saçımı kestiricem kuaförde,0,daily,future_tense
bu akşam saçımı kestireceğim kuaförde,0,daily,time_modifier
Saçımı kestireceğim kuaförde galiba,0,daily,filler
Az sonra sanırım saçımı kestireceğim kuaförde,0,daily,filler+time_modifier+case_variant
saçımı kestireceğim kuaförde.!,0,daily,punctuation+case_variant
artık saçımı kestireceğim kuaförde.,0,daily,filler+punctuation
artık saçımı kestireceğim kuaförde bu hafta,0,daily,subject_prefix+typo+time_modifier
yarın saçımı kestireceğim kuaförde sanırım,0,daily,time_modifier+filler
Saçımı kestireceğim kuaförde Aslında.,0,daily,filler+punctuation+case_variant
ben saçımı kestireceğim kuaförde,0,daily,subject_prefix+case_variant
Yatağımı toplayacağım,0,daily,original
şimdi yatağımı toplayacam,0,daily,future_tense+typo+time_modifier
karar verdim valla yatağımı toplayacağım,0,daily,filler+synonym_swap+subject_prefix
yarın sabah yatağımı toplayacağım kesin,0,daily,filler+time_modifier
bence yatağımı toplayacağım aslında,0,daily,subject_prefix+filler
Yatağımı toplayıcam aslında!,0,daily,filler+punctuation+future_tense
Yatağımı toplayacağım...,0,daily,punctuation
Yatağımı toplayacam yarın,0,daily,future_tense+case_variant+time_modifier
Akşam olunca yatağımı toplayacağım,0,daily,time_modifier+typo+case_variant
yatağımı toplayacağım.,0,daily,punctuation+case_variant+typo
Yatağımı toplayacağım!,0,daily,synonym_swap+punctuation
kesin olarak yatağımı toplayacağım,0,daily,subject_prefix
Markete liste yapıp gideceğim,0,daily,original
Markete liste yapıp uğrayacağım!,0,daily,synonym_swap+typo+punctuation
ben de markete liste yapıp uğrayacağım,0,daily,synonym_swap+subject_prefix
Markete liste yapıp gideceğim.! bu gece,0,daily,punctuation+time_modifier
yarın sabah markete liste yapıp gidecem,0,daily,time_modifier+future_tense+synonym_swap
Markete liste yapıp uğrayacağım,0,daily,typo+synonym_swap+case_variant
bugün ben markete liste yapıp uğrayacağım,0,daily,subject_prefix+synonym_swap
valla markete liste yapıp gideceğim,0,daily,filler
Markete liste yapıp gidecem.!,0,daily,punctuation+future_tense
valla markete liste yapıp gidicem,0,daily,case_variant+filler+future_tense
Markete liste yapıp gideceğim yakında,0,daily,time_modifier+case_variant
Markete liste yapıp gideceğim..,0,daily,punctuation
Yarına hazırlanacağım bavul hazırlayarak,0,daily,original
gece olunca yarına hazırlanacağım bavul hazırlayarak.,0,daily,time_modifier+punctuation
karar verdim kesin yarına hazırlanacağım bavul hazırlayarak,0,daily,filler+typo+subject_prefix
Yarına hazırlanacağım bavul hazırlayarak... bu hafta yani,0,daily,punctuation+time_modifier+filler
kesin olarak yarına hazırlanacağım bavul hazırlayarak az sonra,0,daily,time_modifier+typo+subject_prefix
Yarına hazırlanacağım bavul hazırlayarak.. yani,0,daily,punctuation+synonym_swap+filler
Yarına hazırlanacağım bavul hazırlayarak yakında,0,daily,time_modifier
kesin yarına hazırlanacağım bavul hazırlayarak,0,daily,filler
Yarına hazırlanıcam bavul hazırlayarak,0,daily,case_variant+future_tense
yarına hazırlanacam bavul hazırlayarak,0,daily,typo+future_tense+case_variant
sanırım yarına hazırlanacağım bavul hazırlayarak,0,daily,typo+filler
galiba yarına hazırlanacağım bavul hazırlayarak,0,daily,filler+typo+synonym_swap
Kahvaltı edip işe gideceğim,0,daily,original
Kahvalti edip işe gidicem,0,daily,typo+punctuation+future_tense
Kahvaltı edip işe gidicem..,0,daily,future_tense+punctuation
sanırım kahvaltı edip işe gideceğim.,0,daily,punctuation+subject_prefix
kesin olarak kahvaltı edip işe gidicem,0,daily,future_tense+subject_prefix
evet kahvaltı edip işe gideceğim bugün içinde,0,daily,subject_prefix+time_modifier
ya aslında kahvaltı edip işe gideceğim,0,daily,typo+filler+subject_prefix
Kahvaltı edip işe gideceğim..,0,daily,punctuation
bugün ben kahvaltı edip işe uğrayacağım,0,daily,synonym_swap+subject_prefix+typo
aslında kahvaltı edip işe gideceğim...,0,daily,filler+punctuation
Kahvaltı edip işe gideceğim...,0,daily,punctuation+typo
bence kahvaltı edip işe gideceğim,0,daily,subject_prefix
Yeni bir kıyafet kombini deneyeceğim,0,daily,original
az sonra yeni bir kıyafet kombini deneyeceğim,0,daily,time_modifier
artık yeni bir kıyafet kombini deneyeceğim,0,daily,case_variant+typo+filler
Yeni bir kıyafet kombini deneyeceğim bu hafta,0,daily,time_modifier
bence yeni bir kıyafet kombini deneyeceğim!,0,daily,subject_prefix+punctuation
bu hafta yeni bir kıyafet kombini deneyeceğim,0,daily,typo+time_modifier
ben yeni bir kıyafet kombini deneyeceğim yakında,0,daily,time_modifier+subject_prefix
kesin olarak yeni bir kıyafet kombini deneyeceğim,0,daily,subject_prefix
Yeni bir kıyafet kombini deneyecem,0,daily,future_tense+synonym_swap
simdi yeni bir kıyafet kombini deneyeceğim,0,daily,synonym_swap+time_modifier+typo
Yeni bir kıyafet kombini deneyeceğim kesin,0,daily,filler+typo+synonym_swap
Yeni bir kıyafet kombini deneyeceğim valla bu hafta,0,daily,synonym_swap+filler+time_modifier
Yarın için elbiselerimi seçeceğim,0,daily,original
bence yarın için elbiselerimi Seçeceğim..,0,daily,case_variant+punctuation+subject_prefix
Yarın için elbiselerimi seçeceğim!,0,daily,punctuation
bu hafta yarın için elbiselerimi seçeceğim.,0,daily,time_modifier+punctuation
ya yarın için elbiselerimi seçicem,0,daily,subject_prefix+future_tense+case_variant
kesin olarak yarın için elbiselerimi seçeceğim.!,0,daily,synonym_swap+punctuation+subject_prefix
karar verdim galiba yarın için elbiselerimi seçeceğim,0,daily,synonym_swap+filler+subject_prefix
Yarın için elbiselerimi seçeceğim yani,0,daily,filler+case_variant
sanırım yarın için elbiselerimi seçeceğim,0,daily,filler
kesin olarak yarın için elbiselerimi seçicem,0,daily,subject_prefix+future_tense
galiba yarın için elbiselerimi seçeceğim.,0,daily,filler+synonym_swap+punctuation
artık yarın için elbiselerimi seçeceğim sanırım,0,daily,filler+subject_prefix+case_variant
Yarın çiçek almak için pazara gideceğim,0,daily,original
karar verdim yarın çiçek almak için pazara gidecem,0,daily,future_tense+punctuation+subject_prefix
Yarın çiçek almak için pazara uğrayacağım bu gece,0,daily,synonym_swap+time_modifier+case_variant
karar verdim bugün yarın çiçek almak için pazara gidicem,0,daily,time_modifier+subject_prefix+future_tense
Yarın çiçek almak için pazara gideceğim..,0,daily,typo+punctuation
yarın yarın çiçek almak için pazara gideceğim,0,daily,time_modifier
ben de yarın çiçek almak için pazara uğrayacağım,0,daily,typo+subject_prefix+synonym_swap
Yarın çiçek almak için pazara gideceğim.!,0,daily,punctuation
ben yarın çiçek almak için pazara uğrayacağım az sonra,0,daily,time_modifier+subject_prefix+synonym_swap
ben yarın çiçek almak için pazara gidecem.,0,daily,future_tense+punctuation+subject_prefix
karar verdim yarın çiçek almak için pazara gidicem yani,0,daily,future_tense+filler+subject_prefix
Yarın çiçek almak için pazara gidicem.,0,daily,punctuation+typo+future_tense
Plajda gün batımını izleyeceğim,0,daily,original
Plajda gün batımını seyredeceğim,0,daily,synonym_swap
karar verdim plajda gün batımını izleyeceğim,0,daily,subject_prefix
kararımı verdim plajda gün batımını seyredeceğim,0,daily,subject_prefix+synonym_swap
plajda gün batımını izleyecem,0,daily,future_tense+case_variant
kesin plajda gün batımını izleyeceğim,0,daily,filler
Plajda gün batımını izleyeceğim...,0,daily,punctuation
sanırım plajda gün batımını seyredeceğim,0,daily,typo+filler+synonym_swap
bugün ya plajda gün batımını izleyeceğim,0,daily,subject_prefix+time_modifier
Plajda gün batımını izleyeceğim bugün içinde,0,daily,time_modifier+typo
Plajda gün batımını izleyeceğim sanırım,0,daily,typo+filler+case_variant
ben de plajda gün batımını seyredeceğim,0,daily,synonym_swap+subject_prefix
İçimi açacak bir şeyler yapacağım,0,daily,original
İçimi açacak bir şeyler yapıcam,0,daily,typo+future_tense
İçimi açacak bir şeyler yapacağım!,0,daily,punctuation
sanırım i̇çimi açacak bir şeyler yapacağım,0,daily,typo+subject_prefix
i̇çimi açacak bir şeyler yapacam kesin,0,daily,future_tense+case_variant+filler
yani ben i̇çimi açacak bir şeyler yapacağım!,0,daily,subject_prefix+punctuation+filler
İçimi açacak bir şeyler yapacağım bu hafta,0,daily,typo+time_modifier
yani kesin olarak i̇çimi açacak bir şeyler yapacağım,0,daily,subject_prefix+case_variant+filler
şimdi bence i̇çimi açacak bir şeyler yapacağım,0,daily,subject_prefix+time_modifier
İçimi açacak bir şeyler yapacağım.,0,daily,punctuation
ben de i̇çimi açacak bir şeyler yapacağım,0,daily,synonym_swap+subject_prefix
kararımı verdim i̇çimi açacak bir şeyler yapacağım,0,daily,subject_prefix
Kendime küçük bir hediye alacağım,0,daily,original
Kendime küçük bir hediye edineceğim.!,0,daily,synonym_swap+case_variant+punctuation
Kendime küçük bir Hediye alacağım bu hafta...,0,daily,case_variant+time_modifier+punctuation
kendime küçük bir hediye alacağım yani,0,daily,case_variant+filler
yani kendime küçük bir hediye alacağım yarın.,0,daily,filler+time_modifier+punctuation
Kendime küçük bir hediye alacağım akşama valla,0,daily,time_modifier+filler
Ben de kendime kuçuk bir hediye alacağım,0,daily,typo+subject_prefix+case_variant
artık kendime küçük bir hediye alacağım,0,daily,filler
Kendime küçük bir hediye alacam,0,daily,future_tense+synonym_swap+typo
bugün ben kendime küçük bir hediye alacam,0,daily,subject_prefix+future_tense
Kendime küçük bir hediye edineceğim,0,daily,punctuation+synonym_swap
Kendime küçük bir hediye alacam.,0,daily,future_tense+punctuation
Yarın için yeni planlar yapacağım,0,daily,original
Yarın için Yeni planlar yapacam,0,daily,punctuation+future_tense+case_variant
Yarın için yeni planlar yapacağım...,0,daily,punctuation
Yarın için yeni planlar yapıcam,0,daily,future_tense
artık evet yarın için yeni planlar yapacağım,0,daily,subject_prefix+filler
Yarın için yeni planlar yapacam yani,0,daily,filler+future_tense
bu akşam yarın için yeni planlar yapacağım yani,0,daily,case_variant+filler+time_modifier
bugün ben yarın için yeni planlar yapacağım,0,daily,subject_prefix
aslında yarın için yeni planlar yapacam,0,daily,synonym_swap+future_tense+filler
saatler içinde yarın için yeni planlar yapacağım,0,daily,time_modifier+typo
ya yarın için yeni planlar yapacağım.!,0,daily,typo+subject_prefix+punctuation
Yarın için yeni planlar yapacağım sanırım,0,daily,filler
Bilgisayarımı temizleyeceğim,0,daily,original
Bilgisayarımı temizleyeceğim kesin sabaha,0,daily,filler+synonym_swap+time_modifier
Bilgisayarımı temizleyeceğim bu hafta,0,daily,case_variant+time_modifier
ya bilgisayarımı temizleyicem,0,daily,subject_prefix+future_tense
Bilgisayarımı temizleyeceğim artık bu hafta,0,daily,synonym_swap+filler+time_modifier
Bilgisayarımı temizleyeceğim galiba...,0,daily,filler+punctuation
kesin olarak bilgisayarımı temizleyeceğim..,0,daily,punctuation+subject_prefix
evet bilgisayarımı temizleyeceğim.,0,daily,subject_prefix+punctuation
bu akşam bilgisayarımı temizleyeceğim,0,daily,case_variant+time_modifier
Artık bilgisayarımı temizleyeceğim yani,0,daily,filler+subject_prefix+case_variant
ben de bilgisayarımı temizleyeceğim!,0,daily,subject_prefix+punctuation
ben bilgisayarımı temizleyeceğim,0,daily,subject_prefix+synonym_swap
Telefonumun yedeğini alacağım,0,daily,original
Telefonumun yedeğini edineceğim valla,0,daily,synonym_swap+filler+case_variant
bu hafta telefonumun yedeğini alacağım,0,daily,typo+case_variant+time_modifier
Telefonumun yedeğini alacağım kesin,0,daily,filler
yani telefonumun yedeğini alacam,0,daily,future_tense+punctuation+filler
şimdi telefonumun yedeğini alacağım.!,0,daily,punctuation+time_modifier
karar verdim telefonumun yedeğini alacağım bugün içinde,0,daily,time_modifier+subject_prefix
sanırım sanırım telefonumun yedeğini alacağım,0,daily,filler+subject_prefix
kararımı verdim telefonumun yedeğini alacağım,0,daily,subject_prefix
evet telefonumun yedeğini alacağım,0,daily,subject_prefix+case_variant
telefonumun yedeğini alacağım.! yakında,0,daily,case_variant+punctuation+time_modifier
Telefonumun yedeğini alacam,0,daily,future_tense
Yeni uygulama indirip deneyeceğim,0,daily,original
Yeni uygulama indirip deneyeceğim artık,0,daily,filler+synonym_swap
Yeni uygulama indirip deneyeceğim...,0,daily,punctuation
ya yeni uygulama indirip deneyicem,0,daily,subject_prefix+synonym_swap+future_tense
karar verdim yarın yeni uygulama indirip deneyeceğim,0,daily,time_modifier+subject_prefix
saatler içinde yeni uygulama indirip deneyeceğim,0,daily,typo+time_modifier
yeni uygulama indirip deneyeceğim..,0,daily,case_variant+punctuation
Yeni Uygulama indirip deneyicem artık,0,daily,filler+future_tense+case_variant
Yeni uygulama indirip deneyecem artık,0,daily,case_variant+filler+future_tense
ya yeni uygulama indirip deneyeceğim..,0,daily,synonym_swap+punctuation+subject_prefix
Yeni uygulama indirip deneyicem..,0,daily,punctuation+future_tense
ben gece olunca yeni uygulama indirip deneyeceğim,0,daily,time_modifier+subject_prefix+case_variant
Yarın iş başvurusu yapacağım,0,daily,original
bu gece yarın iş başvurusu yapacağım,0,daily,typo+time_modifier
Yarın iş Başvurusu yapacağım!,0,daily,case_variant+punctuation+synonym_swap
Yarın iş başvurusu yapacağım..,0,daily,typo+punctuation
yarın sabah yarın iş başvurusu yapacağım sanırım,0,daily,case_variant+filler+time_modifier
Yarin iş başvurusu yapacağım yarın,0,daily,time_modifier+typo+punctuation
valla yarın iş başvurusu yapacağım,0,daily,punctuation+typo+filler
galiba yarın iş başvurusu yapacam yarın,0,daily,time_modifier+filler+future_tense
Yarın iş başvurusu yapacam,0,daily,future_tense
galiba yarın iş başvurusu yapacağım!,0,daily,punctuation+filler
galiba yarın iş başvurusu yapacağım,0,daily,filler
Yarın iş başvurusu yapacam artık sabaha,0,daily,future_tense+filler+time_modifier
CV mi güncelleyeceğim,0,daily,original
yakında cV mi güncelleyecem.,0,daily,time_modifier+punctuation+future_tense
CV mi güncelleyeceğim artık,0,daily,case_variant+filler
CV mi Güncelleyecegim,0,daily,case_variant+typo
yarın sabah cV mi güncelleyeceğim,0,daily,time_modifier
cv mi güncelleyicem,0,daily,future_tense+case_variant
sanırım cV mi güncelleyicem.!,0,daily,filler+future_tense+punctuation
bence cV mi güncelleyeceğim bugün içinde,0,daily,time_modifier+case_variant+subject_prefix
ya cV mi güncelleyeceğim aslında,0,daily,filler+subject_prefix+synonym_swap
CV mi güncelleyeceğim bu gece,0,daily,synonym_swap+time_modifier
CV mi güncelleyeceğim...,0,daily,punctuation+synonym_swap+typo
CV mi güncelleyeceğim galiba,0,daily,filler+typo
Linkedin profilimi düzenleyeceğim,0,daily,original
Linkedin profilimi düzenleyicem,0,daily,typo+future_tense
bence linkedin profilimi düzenleyeceğim,0,daily,subject_prefix+synonym_swap
bu gece kararımı verdim linkedin profilimi düzenleyeceğim,0,daily,subject_prefix+time_modifier+case_variant
yani bence linkedin profilimi düzenleyeceğim,0,daily,subject_prefix+filler
Linkedin profilimi düzenleyeceğim az sonra,0,daily,typo+time_modifier
Linkedin profilimi düzenleyeceğim aslında,0,daily,filler+synonym_swap
sanırım linkedin profilimi düzenleyeceğim,0,daily,filler
Linkedin profilimi düzenleyeceğim yakında,0,daily,time_modifier
Linkedin profilimi düzenleyeceğim bu hafta,0,daily,case_variant+time_modifier+typo
kesin olarak linkedin profilimi düzenleyeceğim valla,0,daily,subject_prefix+filler
yani ya linkedin profilimi düzenleyeceğim,0,daily,subject_prefix+filler+case_variant
Pasaportumu yenileyeceğim,0,daily,original
Pasaportumu yenileyeceğim bugün içinde,0,daily,typo+time_modifier
artık pasaportumu yenileyeceğim kesin,0,daily,filler+typo+subject_prefix
Pasaportumu yenileyeceğim.!,0,daily,punctuation
Pasaportumu yenileyeceğim!,0,daily,synonym_swap+punctuation+case_variant
Pasaportumu yenileyeceğim yani,0,daily,filler
Pasaportumu yenileyeceğim kesin,0,daily,filler
Pasaportumu yenileyecem,0,daily,case_variant+future_tense+synonym_swap
ben pasaportumu yenileyeceğim artık,0,daily,subject_prefix+filler
Pasaportumu yenileyicem,0,daily,future_tense
aslında Pasaportumu yenileyeceğim,0,daily,filler+case_variant
pasaportumu yenileyecegim,0,daily,synonym_swap+case_variant+typo
Mağazalarda alışveriş yapmadan dolaşacağım,0,daily,original
Mağazalarda alışveriş yapmadan dolaşacağım kesin,0,daily,filler
Mağazalarda alışveriş yapmadan dolaşacağım yani,0,daily,filler
karar verdim valla mağazalarda alışveriş yapmadan dolaşacağım,0,daily,filler+subject_prefix
bu gece mağazalarda alışveriş yapmadan dolaşacağım,0,daily,case_variant+time_modifier
Mağazalarda alışveriş yapmadan dolaşıcam,0,daily,future_tense
ben de mağazalarda alışveriş yapmadan dolaşacağım aslında bu hafta,0,daily,filler+subject_prefix+time_modifier
Mağazalarda alışveriş yapmadan dolaşacağım.. bu gece,0,daily,punctuation+synonym_swap+time_modifier
valla evet mağazalarda alışveriş yapmadan dolaşacağım,0,daily,case_variant+subject_prefix+filler
bugün ben mağazalarda alışveriş yapmadan dolaşacam,0,daily,subject_prefix+synonym_swap+future_tense
Mağazalarda alışveriş yapmadan dolaşacağım sabaha,0,daily,time_modifier
Mağazalarda alışveriş yapmadan dolaşacağım..,0,daily,punctuation
Ailemizi gururlandıracak bir şey yapacağım,0,daily,original
bu akşam ailemizi gururlandıracak bir şey yapacağım,0,daily,time_modifier+synonym_swap
artık ailemizi gururlandıracak bir şey yapacam,0,daily,subject_prefix+case_variant+future_tense
Ailemizi gururlandıracak bir şey yapacam,0,daily,future_tense
Ailemizi gururlandıracak bir şey yapacağım..,0,daily,punctuation
Ailemizi gururlandıracak bir şey yapıcam,0,daily,typo+future_tense
Ailemizi gururlandıracak bir şey yapıcam!,0,daily,future_tense+punctuation
bu hafta ailemizi gururlandıracak bir sey yapıcam,0,daily,future_tense+time_modifier+typo
evet ailemizi gururlandıracak bir şey yapacağım,0,daily,subject_prefix
Ailemizi gururlandıracak bir şey yapacağım az sonra,0,daily,typo+time_modifier
sanırım ailemizi gururlandıracak bir şey yapacağım,0,daily,synonym_swap+subject_prefix
bu gece ailemizi gururlandıracak bir şey yapacağım...,0,daily,time_modifier+punctuation
Arkadaşımla buluşacağım,0,social,original
aslında arkadaşımla buluşacağım sabaha,0,social,typo+time_modifier+filler
Arkadaşımla buluşacağım..,0,social,case_variant+typo+punctuation
kesin arkadaşımla buluşıcam,0,social,filler+future_tense
Arkadaşımla buluşıcam,0,social,future_tense
Arkadaşımla buluşacağım.,0,social,punctuation
Arkadaşımla buluşacağım...,0,social,typo+punctuation
evet arkadaşımla buluşacağım,0,social,subject_prefix+synonym_swap+typo
arkadaşımla buluşacam,0,social,synonym_swap+future_tense+case_variant
ben de arkadaşımla buluşıcam,0,social,future_tense+subject_prefix
bence arkadaşımla buluşacam,0,social,subject_prefix+future_tense+typo
Arkadaşımla buluşıcam..,0,social,punctuation+future_tense
Annemle alışverişe gideceğim,0,social,original
sanırım sanırım annemle alışverişe gidecem,0,social,future_tense+subject_prefix+filler
Annemle alışverişe uğrayıcam,0,social,synonym_swap+future_tense
Annemle alışverişe gidecem,0,social,future_tense
Annemle alışverişe uğrayacağım,0,social,synonym_swap
bugün ben annemle alışverişe gidecem,0,social,case_variant+subject_prefix+future_tense
bugün annemle alışverişe gideceğim,0,social,time_modifier
Annemle alışverişe gidicem,0,social,future_tense
yani annemle alışverişe uğrayacağım,0,social,filler+synonym_swap
artık annemle alışverise gideceğim yakında,0,social,time_modifier+typo+subject_prefix
valla annemle alışverişe gideceğim,0,social,filler
sanırım annemle alışverişe gideceğim yakında,0,social,filler+typo+time_modifier
Kuzenimi ziyaret edeceğim,0,social,original
kesin olarak kuzenimi ziyaret edeceğim valla,0,social,subject_prefix+filler
kesin olarak kuzenimi ziyaret edeceğim galiba.,0,social,subject_prefix+filler+punctuation
sanırım kuzenimi ziyaret edeceğim,0,social,typo+subject_prefix+synonym_swap
Kuzenimi ziyaret edeceğim sanırım,0,social,filler
yarın kuzenimi Ziyaret edeceğim,0,social,time_modifier+case_variant
yani Kuzenimi ziyaret edeceğim,0,social,filler+synonym_swap+case_variant
aslında kuzenimi ziyaret edeceğim.!,0,social,punctuation+case_variant+filler
Kuzenimi ziyaret edecem,0,social,future_tense
artık kuzenimi ziyaret Edecem,0,social,future_tense+subject_prefix+case_variant
Kuzenimi ziyaret edeceğim.!,0,social,punctuation
aslında kuzenimi ziyaret edeceğim yakında,0,social,time_modifier+filler
Eski arkadaşımı arayacağım,0,social,original
Eski arkadaşımı arayacam!,0,social,synonym_swap+punctuation+future_tense
sanırım eski arkadaşımı arayacam,0,social,subject_prefix+future_tense
Eski arkadaşımı arayacam,0,social,future_tense
yani saatler içinde eski arkadaşımı arayacağım,0,social,time_modifier+filler
Eski arkadaşımı arayıcam sanırım,0,social,filler+future_tense
ben de eski arkadaşımı arayacağım,0,social,synonym_swap+subject_prefix
valla eski arkadaşımı arayacağım...,0,social,filler+punctuation+case_variant
sanırım eski arkadaşımı arayacağım,0,social,punctuation+subject_prefix
galiba eski arkadaşımı arayacağım,0,social,filler+typo+synonym_swap
Eski arkadaşımı arayacağım yani,0,social,punctuation+filler+synonym_swap
bu akşam eski arkadaşımı arayacağım,0,social,time_modifier+synonym_swap
Doğum günü hediyesi alacağım,0,social,original
Doğum günü hediyesi edineceğim,0,social,synonym_swap
Doğum günü hediyesi alacağım!,0,social,typo+punctuation
evet doğum günü hediyesi alıcam,0,social,future_tense+subject_prefix
yarın doğum günü hediyesi alacağım yani,0,social,filler+time_modifier+case_variant
galiba doğum günü hediyesi alıcam,0,social,filler+future_tense+case_variant
evet doğum günü hediyesi alacam,0,social,future_tense+subject_prefix+case_variant
Doğum günü hediyesi alacağım aslında,0,social,filler
Doğum günü hediyesi alıcam,0,social,future_tense
Doğum günü hediyesi edinecem,0,social,punctuation+synonym_swap+future_tense
Doğum günü hediyesi alacağım artık,0,social,filler
ben doğum günü hediyesi edineceğim,0,social,subject_prefix+typo+synonym_swap
Aile yemeğine katılacağım,0,social,original
Aile yemeğine katılacağım aslında yarın,0,social,filler+time_modifier
kararımı verdim aile yemeğine katılacağım,0,social,subject_prefix
Aile yemeğine katılıcam,0,social,future_tense
Aile yemeğine katılacağım.!,0,social,punctuation+typo
aile yemeğine katılacağım galiba,0,social,punctuation+filler+case_variant
saatler içinde aile yemeğine katılacağım,0,social,time_modifier
artık aile yemeğine katılacağım,0,social,filler+synonym_swap
Aile yemeğine katılacam,0,social,future_tense
kesin olarak aile yemeğine katılacağım,0,social,subject_prefix
Aile yemeğine katılacağım kesin,0,social,filler
kesin aile yemeğine katılıcam,0,social,filler+future_tense
Grup terapisine katılacağım,0,social,original
Grup terapisine katılacam,0,social,future_tense
sanırım grup terapisine katılacağım,0,social,subject_prefix
Grup terapisine katılacagım,0,social,typo
grup terapisine katilacağım aslinda,0,social,case_variant+filler+typo
yani grup terapisine katılacağım,0,social,filler+synonym_swap+typo
aslında akşam olunca grup terapisine katılacağım,0,social,time_modifier+filler+punctuation
saatler içinde grup terapisine katılacağım,0,social,time_modifier+case_variant
ben bugün grup terapisine katılacağım...,0,social,punctuation+time_modifier+subject_prefix
Grup terapisine katılıcam,0,social,typo+future_tense
Valla grup terapisine katılacağım,0,social,filler+case_variant
Grup terapisine katılacağım.!,0,social,typo+punctuation
Sosyal etkinliğe gideceğim,0,social,original
Sosyal etkinliğe uğrayacağım,0,social,synonym_swap
Sosyal etkinliğe uğrayacağım bu hafta,0,social,time_modifier+synonym_swap
Sosyal etkinliğe gideceğim bu gece.. galiba,0,social,time_modifier+punctuation+filler
Sosyal etkinliğe gideceğim sanırım!,0,social,filler+punctuation
ya sosyal etkinliğe uğrayacağım,0,social,punctuation+subject_prefix+synonym_swap
bugün ben sosyal etkinliğe uğrayacağım kesin,0,social,subject_prefix+synonym_swap+filler
sanırım az sonra sosyal etkinliğe gideceğim!,0,social,time_modifier+subject_prefix+punctuation
karar verdim sosyal etkinliğe uğrayacağım,0,social,synonym_swap+subject_prefix+typo
Sosyal etkinliğe gideceğim!,0,social,punctuation
aslında kesin olarak sosyal etkinliğe gideceğim,0,social,typo+subject_prefix+filler
sanırım sosyal etkinliğe gideceğim..,0,social,subject_prefix+typo+punctuation
Konsere gideceğim akşam,0,social,original
Konsere uğrayacağım akşam! yarın,0,social,punctuation+time_modifier+synonym_swap
saatler içinde konsere uğrayacağım akşam,0,social,synonym_swap+time_modifier+case_variant
Konsere uğrayacağım akşam kesin,0,social,synonym_swap+filler
Konsere gideceğim akşam.. az sonra,0,social,punctuation+time_modifier
Konsere gidecem akşam galiba,0,social,future_tense+filler
sanırım konsere gideceğim akşam,0,social,case_variant+filler
yakında konsere uğrayacağım akşam,0,social,time_modifier+synonym_swap
bugün ben konsere gideceğim akşam,0,social,subject_prefix
Konsere gidecem akşam yani,0,social,future_tense+filler
saatler içinde konsere gidecem akşam,0,social,case_variant+time_modifier+future_tense
gece olunca konsere gideceğim akşam,0,social,time_modifier
Tiyatroya gideceğim,0,social,original
artık tiyatroya uğrayacağım,0,social,case_variant+subject_prefix+synonym_swap
evet yani tiyatroya gideceğim,0,social,case_variant+filler+subject_prefix
Tiyatroya gideceğim. sabaha,0,social,punctuation+typo+time_modifier
artık tiyatroya gidicem yarın,0,social,future_tense+time_modifier+filler
Tiyatroya uğrayacağım akşama,0,social,synonym_swap+time_modifier
Tiyatroya uğrayacağım,0,social,synonym_swap
Tiyatroya gidecegim,0,social,typo+synonym_swap
az sonra tiyatroya uğrayacağım aslında,0,social,filler+synonym_swap+time_modifier
Tiyatroya gideceğim aslında,0,social,filler
evet tiyatroya gidicem...,0,social,punctuation+subject_prefix+future_tense
bugün ben tiyatroya uğrayacağım,0,social,synonym_swap+subject_prefix
Sınıf arkadaşlarımla buluşacağım,0,social,original
az sonra sınıf arkadaslarımla bulusacağım,0,social,typo+time_modifier+synonym_swap
Sınıf arkadaşlarımla buluşacam.!,0,social,future_tense+punctuation
Sınıf arkadaşlarımla buluşacağım bu hafta!,0,social,time_modifier+synonym_swap+punctuation
Sınıf arkadaşlarımla buluşacağım...,0,social,typo+punctuation
Sınif arkadaşlarimla buluşacağım,0,social,typo
artık sınıf arkadaşlarımla buluşacağım sabaha,0,social,subject_prefix+time_modifier
Sınıf arkadaşlarımla buluşacağım akşama,0,social,time_modifier
Sınıf arkadaşlarımla buluşıcam,0,social,future_tense
Sınıf arkadaslarımla buluşacağım,0,social,case_variant+typo
artık sınıf arkadaşlarımla buluşacağım,0,social,filler+synonym_swap
yarın sınıf arkadaşlarımla buluşacam,0,social,time_modifier+future_tense+typo
Komşumla sohbet edeceğim,0,social,original
artık komşumla sohbet edeceğim. bugün içinde,0,social,punctuation+filler+time_modifier
yarın komşumla sohbet edecem,0,social,future_tense+synonym_swap+time_modifier
ya komşumla sohbet edeceğim...,0,social,punctuation+case_variant+subject_prefix
Komşumla sohbet edeceğim akşama,0,social,time_modifier
sanırım komşumla sohbet edecem,0,social,future_tense+filler+synonym_swap
Komşumla sohbet edeceğim kesin!,0,social,filler+punctuation
evet komşumla sohbet edeceğim artık,0,social,typo+filler+subject_prefix
ben komşumla sohbet edeceğim,0,social,subject_prefix+typo
Komşumla sohbet edicem,0,social,case_variant+future_tense
bence komşumla sohbet edeceğim,0,social,case_variant+subject_prefix
kararımı verdim komşumla Sohbet edeceğim,0,social,subject_prefix+synonym_swap+case_variant
arkadasimla kahve icicem,0,social,original
ben arkadasimla kahve icicem,0,social,subject_prefix
arkadasimla kahve icicem galiba,0,social,filler
arkadasimla kahve icicem sanırım.,0,social,filler+punctuation
kesin olarak arkadasimla kahve icicem,0,social,subject_prefix
arkadasimla kahve icicem yani,0,social,filler+synonym_swap
ben arkadasimla kahve icicem yani,0,social,case_variant+subject_prefix+filler
arkadasimla kahve icicem.. akşama,0,social,punctuation+time_modifier
bu hafta arkadasimla kahve icicem,0,social,time_modifier
arkadasimla kahve icicem!,0,social,punctuation+typo
evet arkadasimla kahve icicem,0,social,punctuation+subject_prefix+typo
valla arkadasimla kahve icicem,0,social,filler+synonym_swap
İş arkadaşlarımla yemeğe gideceğim,0,social,original
bu hafta iş arkadaşlarımla yemeğe uğrayacağım valla,0,social,time_modifier+filler+synonym_swap
artık i̇ş arkadaşlarımla yemeğe gideceğim,0,social,subject_prefix
İş arkadaşlarimla yemeğe gideceğim,0,social,typo
şimdi iş arkadaşlarımla yemeğe gidecem,0,social,future_tense+time_modifier
evet i̇ş arkadaşlarımla yemeğe uğrayacağım,0,social,subject_prefix+synonym_swap
İş arkadaşlarımla yemeğe gidecem,0,social,future_tense
İş arkadaşlarımla yemeğe gidicem,0,social,future_tense
galiba iş arkadaşlarımla yemeğe gidecem,0,social,filler+typo+future_tense
İş arkadaşlarımla yemeğe gidicem aslında,0,social,filler+future_tense+typo
kesin olarak i̇ş arkadaşlarımla yemeğe gideceğim valla,0,social,filler+subject_prefix
kesin olarak i̇ş arkadaşlarımla yemeğe gideceğim.!,0,social,subject_prefix+punctuation
Aileye sürpriz hazırlayacağım,0,social,original
Aileye sürpriz hazırlayacagım sanırım,0,social,case_variant+typo+filler
evet aileye sürpriz hazırlayacağım,0,social,case_variant+typo+subject_prefix
yani aileye sürpriz hazırlayacağım,0,social,filler
Aileye sürpriz hazırlayacağım... kesin,0,social,punctuation+synonym_swap+filler
Aileye sürpriz hazırlayacam,0,social,case_variant+future_tense
Aileye sürpriz hazırlayıcam yani...,0,social,filler+punctuation+future_tense
ya aileye sürpriz hazırlayacağım,0,social,subject_prefix+synonym_swap
Aileye sürpriz hazırlayacağım..,0,social,punctuation
galiba aileye sürpriz hazırlayacağım,0,social,filler+synonym_swap
artık aileye sürpriz hazırlayacağım,0,social,synonym_swap+subject_prefix
bu akşam karar verdim aileye sürpriz hazırlayacağım kesin,0,social,subject_prefix+filler+time_modifier
Yeni insanlarla tanışmak için etkinliğe katılacağım,0,social,original
bu hafta yeni insanlarla tanışmak için etkinliğe katılacağım,0,social,time_modifier
evet yeni insanlarla tanışmak için etkinliğe katılacağım,0,social,subject_prefix
yani yeni insanlarla tanışmak için etkinliğe katılacam,0,social,filler+future_tense
kararımı verdim yeni insanlarla tanışmak için etkinliğe katılıcam,0,social,subject_prefix+future_tense
yani yeni insanlarla tanışmak için etkinliğe katılacağım!,0,social,punctuation+filler
Yeni insanlarla tanışmak için etkinliğe katılacağım bu gece,0,social,time_modifier
ben de yeni insanlarla tanışmak için etkinliğe katılacağım,0,social,subject_prefix
karar verdim yeni insanlarla tanışmak için etkinliğe katılacağım yarın,0,social,time_modifier+subject_prefix
ya yeni insanlarla tanışmak için etkinliğe katılıcam,0,social,subject_prefix+future_tense
şimdi yeni insanlarla tanışmak için etkinliğe katılacağım,0,social,time_modifier
Yeni insanlarla tanışmak için etkinliğe Katılacam,0,social,case_variant+future_tense+synonym_swap
Bugün annemle film izleyeceğim,0,social,original
Bugün annemle film seyredeceğim kesin,0,social,filler+typo+synonym_swap
Bugün annemle film seyredeceğim,0,social,synonym_swap+typo
ben bugün annemle film izleyeceğim,0,social,subject_prefix
Bugün annemle film izleyecem,0,social,future_tense
Bugün annemle film izleyeceğim akşama,0,social,time_modifier
yakında bugün annemle film izleyeceğim,0,social,time_modifier
bu akşam bugün annemle film izleyeceğim.!,0,social,punctuation+case_variant+time_modifier
yarın bugün annemle film izleyeceğim.!,0,social,case_variant+punctuation+time_modifier
ben bugün annemle film seyredeceğim,0,social,synonym_swap+subject_prefix
Bugün annemle film izleyeceğim valla,0,social,filler
kararımı verdim bugün annemle film izleyeceğim!,0,social,typo+punctuation+subject_prefix
Akşam yemeğini birlikte yiyeceğiz aileyle,0,social,original
sanırım akşam yemeğini birlikte yiyeceğiz aileyle,0,social,subject_prefix
Akşam yemeğini birlikte yiyeceğiz aileyle bugün içinde,0,social,time_modifier+synonym_swap
Akşam yemeğini birlikte yiyecez aileyle,0,social,future_tense
Akşam yemeğini birlikte yiyeceğiz aileyle artık,0,social,filler
ben akşam yemeğini birlikte yiyicez aileyle,0,social,subject_prefix+synonym_swap+future_tense
akşam yemeğini birlikte yiyeceğiz aileyle..,0,social,punctuation+typo+case_variant
saatler içinde akşam yemeğini birlikte yiyeceğiz aileyle,0,social,synonym_swap+time_modifier
Akşam yemeğini birlikte yiyeceğiz aileyle aslında,0,social,case_variant+filler+synonym_swap
Akşam yemeğini birlikte yiyicez aileyle!,0,social,future_tense+synonym_swap+punctuation
Akşam yemeğini birlikte yiyeceğiz aileyle bu hafta,0,social,time_modifier+synonym_swap
karar verdim akşam yemeğini birlikte yiyeceğiz aileyle,0,social,synonym_swap+subject_prefix
Kuzenle parkta buluşacağım,0,social,original
Kuzenle parkta buluşacağım sanırım,0,social,filler
şimdi kuzenle parkta buluşıcam,0,social,future_tense+typo+time_modifier
galiba kuzenle parkta buluşacağım,0,social,synonym_swap+filler
Kuzenle parkta buluşacağım az sonra,0,social,time_modifier
kuzenle parkta buluşıcam,0,social,typo+future_tense+case_variant
Kesin olarak kuzenle parkta buluşacağım,0,social,subject_prefix+case_variant
yani kuzenle parkta buluşacağım,0,social,filler
ben de kuzenle parkta buluşacağım.,0,social,case_variant+punctuation+subject_prefix
bence kuzenle parkta buluşacağım,0,social,subject_prefix
aslında kuzenle parkta buluşacam bu gece,0,social,time_modifier+future_tense+filler
ya kuzenle parkta buluşıcam,0,social,subject_prefix+future_tense
Yeni bir restoran keşfedeceğim,0,social,original
galiba yeni bir restoran keşfedeceğim,0,social,filler
Yeni bir restoran keşfedicem,0,social,case_variant+typo+future_tense
yarın yeni bir restoran keşfedecem aslında,0,social,time_modifier+future_tense+filler
bugün ben yeni bir restoran keşfedicem...,0,social,punctuation+future_tense+subject_prefix
valla gece olunca yeni bir restoran keşfedeceğim,0,social,typo+time_modifier+filler
Yeni bir restoran keşfedeceğim galiba,0,social,filler
şimdi yeni bir restoran keşfedeceğim,0,social,punctuation+time_modifier
ya sanırım yeni bir restoran keşfedeceğim...,0,social,punctuation+filler+subject_prefix
bugün ben yeni bir restoran keşfedeceğim,0,social,subject_prefix
aslında akşam olunca yeni bir restoran keşfedeceğim,0,social,time_modifier+case_variant+filler
ben yeni bir restoran keşfedeceğim! az sonra,0,social,punctuation+time_modifier+subject_prefix
Dondurma yemeye gideceğim,0,social,original
Dondurma yemeye gidicem,0,social,future_tense
ben de dondurma yemeye gideceğim. sanırım,0,social,subject_prefix+punctuation+filler
yarın sabah Dondurma yemeye gideceğim,0,social,time_modifier+case_variant
Dondurma yemeye gidicem artık,0,social,future_tense+filler
sanırım dondurma yemeye gideceğim yarın,0,social,time_modifier+typo+filler
Dondurma yemeye gidecem.,0,social,punctuation+future_tense
aslında akşam olunca dondurma yemeye gidicem,0,social,time_modifier+filler+future_tense
bu hafta dondurma yemeye gideceğim,0,social,time_modifier+punctuation
gece olunca dondurma yemeye gideceğim,0,social,time_modifier
Dondurma yemeye gideceğim bu gece,0,social,time_modifier
Dondurma yemeye uğrayacağım,0,social,punctuation+synonym_swap
Bowling oynayacağız arkadaş grubuyla,0,social,original
Evet bowling oynayacağız arkadaş grubuyla,0,social,subject_prefix+case_variant
Bowling oynayacağız arkadaş grubuyla.,0,social,punctuation
Bowling oynayacağız arkadaş grubuyla bu gece,0,social,time_modifier
Bowling oynayacağız arkadaş grubuyla.!,0,social,synonym_swap+punctuation
kesin olarak bowling oynayacağız arkadaş grubuyla,0,social,subject_prefix
Bowling oynayacaz arkadaş grubuyla kesin,0,social,synonym_swap+filler+future_tense
Bowling oynayıcaz arkadaş grubuyla,0,social,synonym_swap+future_tense
Bowling oynayacağız arkadaş grubuyla... bu hafta,0,social,punctuation+time_modifier
gece olunca ben de bowling oynayacağız arkadaş grubuyla,0,social,case_variant+subject_prefix+time_modifier
valla bowling oynayıcaz arkadaş grubuyla,0,social,future_tense+filler
kararımı verdim bowling oynayacağız arkadaş grubuyla,0,social,subject_prefix+case_variant
Piknik yapacağız ailecek,0,social,original
şimdi piknik yapacağız ailecek.!,0,social,synonym_swap+time_modifier+punctuation
Piknik yapacağız ailecek akşama,0,social,time_modifier
bu akşam piknik yapacaz ailecek.!,0,social,future_tense+punctuation+time_modifier
artık piknik yapacağız ailecek,0,social,synonym_swap+filler
evet bugün piknik yapacağız ailecek,0,social,time_modifier+typo+subject_prefix
Piknik yapacağız ailecek.!,0,social,case_variant+synonym_swap+punctuation
Piknik yapacağız ailecek.! sabaha,0,social,punctuation+time_modifier
sanırım piknik yapacağız ailecek yani,0,social,filler+subject_prefix
Piknik yapıcaz ailecek,0,social,future_tense
Piknik yapacağız ailecek yakında,0,social,case_variant+time_modifier
Saatler içinde piknik yapacağız ailecek,0,social,time_modifier+case_variant+synonym_swap
Anneannemi ziyarete gideceğim,0,social,original
Anneannemi ziyarete uğrayacağım...,0,social,synonym_swap+punctuation
yarın anneannemi ziyarete gideceğim,0,social,case_variant+time_modifier
Anneannemi ziyarete uğrayacağım,0,social,synonym_swap
anneannemi ziyarete gideceğim..,0,social,punctuation+case_variant
az sonra anneannemi ziyarete gideceğim,0,social,time_modifier
Anneannemi ziyarete gidicem bu hafta yani,0,social,future_tense+time_modifier+filler
Anneannemi ziyarete uğrayacağım bu hafta,0,social,synonym_swap+time_modifier
Anneannemi ziyarete gideceğim valla,0,social,case_variant+filler
Anneannemi ziyarete gidecem...,0,social,punctuation+future_tense+synonym_swap
yani anneannemi ziyarete uğrayacağım,0,social,synonym_swap+filler
bugün ben anneannemi ziyarete uğrayacağım,0,social,subject_prefix+time_modifier+synonym_swap
Çocukluk arkadaşımla buluşacağım,0,social,original
artık çocukluk arkadaşımla buluşacağım,0,social,filler
ben az sonra çocukluk arkadaşımla buluşacağım,0,social,synonym_swap+time_modifier+subject_prefix
artık çocukluk arkadaşımla buluşıcam,0,social,typo+future_tense+subject_prefix
Çocukluk arkadaşımla buluşacağım.,0,social,punctuation
ya çocukluk arkadaşımla buluşacam sabaha,0,social,time_modifier+future_tense+subject_prefix
çocukluk arkadaşımla buluşacağım aslında bu hafta,0,social,case_variant+filler+time_modifier
Çocukluk arkadaşımla buluşıcam sabaha,0,social,time_modifier+future_tense
yani çocukluk arkadaşımla buluşacağım,0,social,filler+case_variant
kararımı verdim çocukluk arkadaşımla buluşacam.,0,social,future_tense+punctuation+subject_prefix
Çocukluk arkadaşımla buluşacam,0,social,future_tense
sanırım çocukluk arkadaşımla buluşacağım,0,social,subject_prefix
Sınıf arkadaşımı arayacağım uzun zamandır görüşmediğim,0,social,original
Sınıf arkadaşımı arayıcam uzun zamandır görüşmediğim.,0,social,future_tense+punctuation
artık sınıf arkadaşımı arayıcam uzun zamandır görüşmediğim,0,social,subject_prefix+future_tense+typo
Sınıf arkadaşımı arayacağım uzun zamandır görüşmediğim akşama,0,social,typo+time_modifier
Sınıf arkadaşımı arayacam uzun zamandır görüşmedigim,0,social,typo+future_tense
artık sınıf arkadaşımı arayacağım uzun zamandır görüşmediğim,0,social,subject_prefix
ben de sınıf arkadaşımı arayacağım uzun zamandır görüşmediğim,0,social,subject_prefix
Sınıf arkadaşımı arayacağim uzun zamandir görüşmediğim,0,social,typo
Sınıf arkadaşımı arayacağım uzun zamandır görüşmediğim! sabaha,0,social,punctuation+synonym_swap+time_modifier
Sınıf arkadaşımı arayacağım uzun zamandır görüşmediğim az sonra,0,social,typo+time_modifier
Saatler içinde sınıf arkadaşımı arayacağım uzun zamandır görüşmediğim,0,social,time_modifier+case_variant+synonym_swap
evet sınıf arkadaşımı arayacağım uzun zamandır görüşmediğim,0,social,subject_prefix
Mesai sonrası kahve buluşması yapacağım,0,social,original
artık mesai sonrası kahve buluşması yapacağım,0,social,subject_prefix
akşam olunca mesai sonrası kahve buluşması yapacağım,0,social,time_modifier
Mesai sonrası kahve buluşması yapacağım!,0,social,punctuation
kararımı verdim yarın mesai sonrası kahve buluşması yapacağım,0,social,time_modifier+subject_prefix+typo
valla mesai sonrası kahve buluşması yapacağım yarın,0,social,time_modifier+case_variant+filler
bu gece mesai sonrası kahve buluşması yapacağım aslında,0,social,filler+time_modifier
Mesai sonrası kahve buluşması yapacam,0,social,future_tense
artık yani mesai sonrası kahve buluşması yapacam,0,social,future_tense+filler+subject_prefix
Mesai sonrası kahve buluşması yapacağım bugün içinde,0,social,time_modifier+synonym_swap
Mesai sonrası kahve buluşması yapacağım.!,0,social,punctuation+synonym_swap
Mesai sonrası kahve buluşması yapacağım akşama,0,social,time_modifier
Yarın özel bir gün olacak hediye alacağım,0,social,original
kararımı verdim artık yarın özel bir gün olacak hediye edineceğim,0,social,filler+subject_prefix+synonym_swap
ben yarın özel bir gün olacak hediye alıcam,0,social,future_tense+subject_prefix+synonym_swap
Yarın özel bir gün olacak hediye alacagım,0,social,typo+synonym_swap+future_tense
evet yarın özel bir gün olacak hediye alacağım az sonra,0,social,time_modifier+subject_prefix
Yarın özel bir gün olacak hediye edineceğim,0,social,synonym_swap
Yarın özel bir gün olacak hediye alacağım sanırım,0,social,punctuation+filler
Yarın özel bir gün olacak hediye alacam...,0,social,future_tense+punctuation+synonym_swap
kararımı verdim aslında yarın özel bir gün olacak hediye alacağım,0,social,filler+case_variant+subject_prefix
Yarın özel bir gün olacak hediye alıcam,0,social,future_tense
Yarın özel bir gün olacak hediye alacağım az sonra,0,social,time_modifier
galiba yarın özel bir gün olacak hediye alacağım sabaha,0,social,filler+time_modifier
Eve dönerken çiçek alıp eşime götüreceğim,0,social,original
bugün ben saatler içinde eve dönerken çiçek alıp eşime götüreceğim,0,social,time_modifier+synonym_swap+subject_prefix
karar verdim eve dönerken çiçek alıp Eşime götüreceğim,0,social,subject_prefix+case_variant
artık eve dönerken çiçek alıp eşime götüricem,0,social,subject_prefix+future_tense
evet eve dönerken çiçek alıp eşime götüreceğim artık,0,social,subject_prefix+filler+punctuation
Eve dönerken çiçek alıp eşime götürecem,0,social,case_variant+future_tense
Eve dönerken çiçek alıp eşime götüreceğim.,0,social,case_variant+punctuation
Eve dönerken çiçek alıp eşime götüreceğim..,0,social,punctuation+typo
ben de eve dönerken çiçek alıp eşime götüreceğim,0,social,subject_prefix
bugün galiba ben eve dönerken çiçek alıp eşime götüreceğim,0,social,subject_prefix+filler+time_modifier
valla eve dönerken çiçek alıp eşime götüreceğim,0,social,case_variant+filler
galiba bence eve dönerken çiçek alıp eşime götüreceğim,0,social,subject_prefix+typo+filler
Aileme telefon edeceğim,0,social,original
Aileme telefon edicem,0,social,future_tense+punctuation+typo
Aileme telefon edeceğim.,0,social,punctuation
artık aileme telefon edeceğim valla,0,social,case_variant+filler+subject_prefix
bu hafta aileme telefon edeceğim,0,social,time_modifier
kesin aileme telefon edeceğim,0,social,filler+case_variant+synonym_swap
Saatler içinde aileme telefon edeceğim,0,social,synonym_swap+time_modifier+case_variant
yakında aileme telefon edeceğim,0,social,synonym_swap+time_modifier
Aileme telefon edeceğim yakında,0,social,time_modifier
bu akşam aslında aileme telefon edecem,0,social,future_tense+filler+time_modifier
Aileme telefon edecem,0,social,typo+future_tense
karar verdim aileme telefon edeceğim aslında,0,social,filler+subject_prefix+punctuation
Köpeğimi gezdireceğim,0,pet,original
Köpeğimi gezdiricem,0,pet,typo+future_tense+case_variant
bu akşam köpeğimi gezdirecem,0,pet,punctuation+time_modifier+future_tense
galiba köpeğimi gezdirecem,0,pet,case_variant+future_tense+filler
ben de aslında köpeğimi gezdirecem,0,pet,filler+subject_prefix+future_tense
artık köpeğimi gezdireceğim,0,pet,subject_prefix
bugün ya köpeğimi gezdiricem,0,pet,subject_prefix+future_tense+time_modifier
bu gece köpeğimi gezdireceğim,0,pet,time_modifier
Köpeğimi gezdireceğim bu gece valla,0,pet,case_variant+time_modifier+filler
Köpeğimi gezdireceğim.,0,pet,punctuation
köpeğimi gezdirecem.!,0,pet,future_tense+case_variant+punctuation
Köpeğimi gezdirecem,0,pet,future_tense
Kediye mama vereceğim,0,pet,original
Kediye mama vericem,0,pet,future_tense
sanırım kediye mama vereceğim,0,pet,filler
yakında kediye mama verecem,0,pet,synonym_swap+future_tense+time_modifier
kesin kediye mama vereceğim,0,pet,filler+synonym_swap
akşam olunca kediye mama vereceğim,0,pet,time_modifier
galiba kediye mama vereceğim,0,pet,synonym_swap+filler
Kediye mama vereceğim!,0,pet,punctuation
Kediye mama verecem yakında,0,pet,time_modifier+future_tense+typo
ya yarın kediye mama vereceğim,0,pet,time_modifier+typo+subject_prefix
karar verdim kediye mama vereceğim,0,pet,subject_prefix+synonym_swap
Kediye mama vereceğim Aslında,0,pet,typo+filler+case_variant
Akvaryumu temizleyeceğim,0,pet,original
Akvaryumu temizleyeceğim.!,0,pet,punctuation+case_variant+synonym_swap
Akvaryumu temizleyeceğim!,0,pet,punctuation
artik akvaryumu temizleyeceğim,0,pet,case_variant+filler+typo
Akvaryumu temizleyicem,0,pet,future_tense+case_variant
Akvaryumu temizleyeceğim bu gece,0,pet,time_modifier+synonym_swap
sanırım akvaryumu temizleyeceğim sabaha!,0,pet,filler+time_modifier+punctuation
kesin olarak akvaryumu temizleyeceğim!,0,pet,synonym_swap+subject_prefix+punctuation
ben de akvaryumu temizleyecem,0,pet,future_tense+typo+subject_prefix
Akvaryumu temizleyeceğim bu hafta yani!,0,pet,time_modifier+filler+punctuation
kesin olarak akvaryumu temizleyeceğim,0,pet,subject_prefix+synonym_swap
Akvaryumu temizleyeceğim bu hafta,0,pet,time_modifier+typo
Kuşumun kafesini düzenleyeceğim,0,pet,original
valla yarın sabah kuşumun kafesini düzenleyeceğim,0,pet,time_modifier+typo+filler
bu akşam evet kuşumun kafesini düzenleyeceğim,0,pet,subject_prefix+typo+time_modifier
Kuşumun kafesini duzenleyeceğim,0,pet,synonym_swap+typo
aslında kuşumun kafesini Düzenleyeceğim,0,pet,case_variant+typo+filler
yani kuşumun kafesini düzenleyeceğim,0,pet,filler
bugün kuşumun kafesini düzenleyecem,0,pet,time_modifier+future_tense
Kuşumun kafesini düzenleyeceğim bugün içinde,0,pet,time_modifier
Kuşumun kafesini düzenleyecem,0,pet,future_tense
kuşumun kafesini düzenleyicem,0,pet,future_tense+case_variant
Kuşumun kafesini düzenleyeceğim bu gece,0,pet,time_modifier+typo
yani kuşumun kafesini düzenleyeceğim.!,0,pet,filler+punctuation+synonym_swap
Köpeği veterinere götüreceğim,0,pet,original
Köpeği veterinere götüreceğim..,0,pet,synonym_swap+punctuation
Köpeği veterinere götüricem,0,pet,future_tense+synonym_swap
valla köpeği veterinere götüreceğim,0,pet,filler
Köpeği veterinere götüreceğim yakında,0,pet,time_modifier
kesin köpeği veterinere götürecem,0,pet,filler+synonym_swap+future_tense
Köpeği veterinere götürecem,0,pet,synonym_swap+future_tense
sanırım köpeği veterinere götüreceğim.,0,pet,punctuation+filler
Köpeği veterinere götüreceğim yarın,0,pet,time_modifier+synonym_swap
Köpeği veterinere götürecem yarın,0,pet,future_tense+time_modifier
bugün ben köpeği veterinere götürecem,0,pet,subject_prefix+future_tense+synonym_swap
Köpeği veterinere götüreceğim... bugün içinde,0,pet,punctuation+time_modifier+synonym_swap
Kediyle oyun oynayacağım,0,pet,original
bu akşam kediyle oyun oynayacağım sanırım,0,pet,time_modifier+filler
Kediyle oyun oynayacam!,0,pet,future_tense+punctuation
bu gece kediyle oyun oynayıcam,0,pet,future_tense+time_modifier
Kediyle oyun oynayacagım,0,pet,typo
artık kediyle oyun oynayacağım,0,pet,filler+case_variant
Kediyle oyun oynayacağım akşama,0,pet,time_modifier
yarın sabah kediyle oyun oynayacağım,0,pet,typo+time_modifier
aslında kediyle oyun oynayacağım sabaha,0,pet,filler+time_modifier+synonym_swap
evet kediyle oyun oynayacağım,0,pet,subject_prefix
Kediyle oyun oynayacam..,0,pet,punctuation+synonym_swap+future_tense
Kediyle oyun oynayıcam aslında.!,0,pet,filler+punctuation+future_tense
Hayvanat bahçesini ziyaret edeceğim,0,pet,original
bu gece hayvanat bahçesini ziyaret edeceğim,0,pet,time_modifier+synonym_swap
Hayvanat bahçesini ziyaret edeceğim kesin akşama,0,pet,filler+time_modifier
kesin olarak hayvanat bahçesini ziyaret edecem,0,pet,subject_prefix+future_tense
bugün ben hayvanat bahçesini ziyaret edeceğim. valla,0,pet,punctuation+subject_prefix+filler
bugün ben hayvanat bahçesini ziyaret edicem!,0,pet,punctuation+future_tense+subject_prefix
kesin hayvanat bahçesini ziyaret edeceğim,0,pet,case_variant+synonym_swap+filler
kararımı verdim hayvanat bahçesini ziyaret edicem,0,pet,subject_prefix+future_tense+case_variant
Hayvanat bahçesini ziyaret edicem,0,pet,future_tense+case_variant
Hayvanat Bahçesini ziyaret edeceğim..,0,pet,typo+punctuation+case_variant
Hayvanat bahçesini ziyaret edeceğim.!,0,pet,punctuation+typo
yarın sabah hayvanat bahçesini ziyaret edicem.!,0,pet,time_modifier+punctuation+future_tense
köpegim ile parkta kosacam,0,pet,original
sanırım köpegim ile parkta kosacam,0,pet,filler
yani köpegim ile parkta kosacam,0,pet,typo+synonym_swap+filler
bugün ben kesin köpegim ile parkta kosacam,0,pet,filler+subject_prefix+synonym_swap
Köpegim ile parkta kosacam galiba,0,pet,filler+synonym_swap+case_variant
köpegim ile parkta kosacam!,0,pet,punctuation
aslında köpegim ile parkta kosacam.!,0,pet,synonym_swap+filler+punctuation
Köpegim ile parkta kosacam valla,0,pet,punctuation+filler+case_variant
köpegim ile parkta kosacam...,0,pet,punctuation
yani köpegim ile parkta kosacam...,0,pet,punctuation+filler
bence köpegim ile parkta kosacam akşama aslında,0,pet,time_modifier+filler+subject_prefix
bugün köpegim ile parkta kosacam,0,pet,case_variant+time_modifier
Evcil hayvanıma banyo yaptıracağım,0,pet,original
bence evcil hayvanıma banyo yaptıracağım,0,pet,subject_prefix
Evcil hayvanıma banyo yaptıracağım akşama.!,0,pet,case_variant+time_modifier+punctuation
yarın evcil hayvanıma banyo yaptıracağım,0,pet,time_modifier
Evcil hayvanıma banyo yaptıracağım bugün içinde.,0,pet,time_modifier+punctuation
Evcil hayvanıma banyo yaptıracağım. galiba,0,pet,punctuation+filler+synonym_swap
ben de evcil hayvanıma banyo yaptıracağım,0,pet,subject_prefix
Evcil hayvanıma banyo yaptıracağım!,0,pet,synonym_swap+typo+punctuation
Evcil hayvanıma banyo yaptıracam! bu hafta,0,pet,punctuation+future_tense+time_modifier
Evcil hayvanıma banyo yaptırıcam.!,0,pet,punctuation+future_tense
Evcil hayvanıma banyo yaptıracağım aslında,0,pet,case_variant+synonym_swap+filler
Evcil hayvanıma banyo yaptıracağım yarın,0,pet,time_modifier+punctuation+case_variant
Kedinin tuvalet kumunu değiştireceğim,0,pet,original
kesin kedinin tuvalet kumunu değiştirecem bugün içinde,0,pet,filler+time_modifier+future_tense
galiba kedinin tuvalet kumunu değiştiricem,0,pet,future_tense+filler
bence bu akşam kedinin tuvalet kumunu değiştireceğim,0,pet,time_modifier+subject_prefix
Kedinin tuvalet kumunu değiştirecem,0,pet,synonym_swap+future_tense
artık kedinin tuvalet kumunu değiştireceğim galiba,0,pet,subject_prefix+filler+case_variant
valla kedinin tuvalet kumunu değiştiricem,0,pet,future_tense+filler
kararımı verdim yakında kedinin tuvalet kumunu değiştiricem,0,pet,time_modifier+subject_prefix+future_tense
Kedinin tuvalet kumunu değiştireceğim yakında!,0,pet,time_modifier+punctuation
ya kedinin tuvalet kumunu değiştireceğim,0,pet,subject_prefix
Kedinin tuvalet kumunu değiştireceğim...,0,pet,punctuation
bence kedinin tuvalet kumunu değiştireceğim,0,pet,subject_prefix
Akvaryumumun suyunu değiştireceğim,0,pet,original
Akvaryumumun suyunu değiştiricem,0,pet,typo+synonym_swap+future_tense
kararımı verdim akvaryumumun suyunu değiştireceğim aslında,0,pet,filler+subject_prefix
Akvaryumumun suyunu değiştireceğim kesin,0,pet,filler
Akvaryumumun suyunu Değiştireceğim sanırım,0,pet,case_variant+filler
gece olunca akvaryumumun suyunu değiştireceğim,0,pet,case_variant+time_modifier
Akvaryumumun suyunu değiştireceğim bu hafta,0,pet,time_modifier
Akvaryumumun suyunu değiştirecem bu gece,0,pet,future_tense+time_modifier
Akvaryumumun suyunu değiştireceğim bugün içinde,0,pet,time_modifier
Akvaryumumun suyunu değiştireceğim..,0,pet,punctuation
Akvaryumumun suyunu değiştirecem,0,pet,future_tense+case_variant
sanırım akvaryumumun suyunu değiştiricem..,0,pet,subject_prefix+punctuation+future_tense
Sokak kedilerine mama bırakacağım,0,pet,original
galiba sokak kedilerine mama bırakacağım,0,pet,filler
Sokak kedilerine mama bırakacağım valla...,0,pet,filler+punctuation
Sokak kedilerine mama bırakacam,0,pet,future_tense
yani sanırım sokak kedilerine mama bırakacağım,0,pet,subject_prefix+filler
Sokak kedilerine mama bırakacağım yarın,0,pet,synonym_swap+typo+time_modifier
yarın kararımı verdim sokak kedilerine mama bırakacam,0,pet,subject_prefix+time_modifier+future_tense
sokak kedilerine mama bırakacam valla,0,pet,case_variant+filler+future_tense
Sokak kedilerine mama bırakacağım yani,0,pet,filler
ben de sokak kedilerine mama bırakacağım,0,pet,subject_prefix+typo+synonym_swap
aslında sokak kedilerine mama bırakacağım,0,pet,filler
Sokak kedilerine mama bırakacağım...,0,pet,punctuation
Yeni bir tarif deneyeceğim mutfakta bugün,0,cooking,original
bence yeni bir tarif deneyeceğim mutfakta bugün.!,0,cooking,punctuation+subject_prefix
gece olunca yeni bir tarif deneyeceğim mutfakta bugün,0,cooking,case_variant+synonym_swap+time_modifier
Yeni bir tarif deneyeceğim mutfakta bugün.,0,cooking,punctuation
Yeni bir tarif deneyeceğim mutfakta bugün bu hafta.!,0,cooking,time_modifier+case_variant+punctuation
Yeni bir tarif deneyecem mutfakta bugün artık...,0,cooking,filler+future_tense+punctuation
aslında yeni bir tarif deneyeceğim mutfakta bugün sabaha,0,cooking,synonym_swap+time_modifier+filler
karar verdim yeni bir tarif deneyeceğim mutfakta bugün,0,cooking,subject_prefix
valla yeni bir tarif deneyeceğim mutfakta bugün.,0,cooking,synonym_swap+punctuation+filler
valla yeni bir tarif deneyeceğim mutfakta bugün!,0,cooking,punctuation+filler
bence yeni bir tarif deneyeceğim mutfakta bugün,0,cooking,subject_prefix
sanırım yeni bir tarif deneyeceğim mutfakta bugün! az sonra,0,cooking,punctuation+filler+time_modifier
Akşam yemeğinde pasta yapacağım,0,cooking,original
Akşam yemeğinde pasta yapıcam,0,cooking,typo+future_tense
bu gece akşam yemeğinde pasta yapacağım sanırım,0,cooking,filler+time_modifier+typo
artık akşam yemeğinde pasta yapacağım,0,cooking,case_variant+filler
kesin akşam yemeğinde pasta yapacam,0,cooking,filler+future_tense
şimdi akşam yemeğinde pasta yapacağım aslında,0,cooking,time_modifier+filler
galiba akşam yemeğinde pasta yapıcam.!,0,cooking,filler+punctuation+future_tense
ben akşam yemeğinde pasta yapacağım,0,cooking,subject_prefix
artık kesin bu hafta akşam yemeğinde pasta yapacağım,0,cooking,time_modifier+filler+subject_prefix
Akşam yemeğinde pasta yapacam,0,cooking,future_tense
Akşam yemeğinde pasta yapacağım kesin,0,cooking,filler+case_variant
Akşam yemeğinde pasta yapacağım.!,0,cooking,synonym_swap+punctuation
Bugün omlet yapacağım kahvaltıya,0,cooking,original
artık bugün omlet yapacağım kahvaltıya..,0,cooking,punctuation+filler+case_variant
Bugün omlet yapacam kahvaltıya,0,cooking,future_tense
Bugün omlet yapacagım kahvaltıya bugün içinde,0,cooking,time_modifier+typo
yarın bugün omlet yapacağım kahvaltıya,0,cooking,time_modifier
karar verdim bugün omlet yapacağım kahvaltıya.!,0,cooking,subject_prefix+typo+punctuation
yarın sabah bugün omlet yapacağım kahvaltıya,0,cooking,time_modifier
artık bugün omlet yapıcam kahvaltıya,0,cooking,filler+future_tense+case_variant
saatler içinde bugün ben bugün omlet yapacağım kahvaltıya.,0,cooking,subject_prefix+punctuation+time_modifier
yani bugün omlet yapacağım kahvaltıya,0,cooking,filler+synonym_swap+typo
bu akşam bugün omlet yapacam kahvaltıya,0,cooking,time_modifier+future_tense+typo
Bugün omlet yapacağım kahvaltıya bu gece,0,cooking,time_modifier
Yemek tarifi araştıracağım,0,cooking,original
bence yemek tarifi araştıracağım.!,0,cooking,subject_prefix+punctuation
şimdi yani yemek tarifi araştıracağım,0,cooking,filler+time_modifier+typo
kesin olarak yemek tarifi araştıracağım..,0,cooking,subject_prefix+synonym_swap+punctuation
evet bu akşam yemek tarifi araştıracağım yani,0,cooking,time_modifier+filler+subject_prefix
Yemek tarifi arastıracağım.,0,cooking,typo+punctuation+case_variant
yemek tarifi araştıracağım sabaha,0,cooking,case_variant+synonym_swap+time_modifier
aslında bugün ben yemek tarifi araştıracağım...,0,cooking,punctuation+subject_prefix+filler
Yemek tarifi araştıracağım.,0,cooking,punctuation
artık yemek tarifi araştıracam,0,cooking,filler+typo+future_tense
Yemek Tarifi araştıracağım..,0,cooking,punctuation+case_variant
bu akşam ben yemek tarifi araştıracağım,0,cooking,subject_prefix+time_modifier
Mutfakta deneme yapacağım,0,cooking,original
yakında ya mutfakta deneme yapacam,0,cooking,subject_prefix+future_tense+time_modifier
bu gece evet mutfakta deneme yapacağım,0,cooking,subject_prefix+synonym_swap+time_modifier
Mutfakta deneme yapıcam,0,cooking,future_tense
Mutfakta deneme yapacağım bu gece,0,cooking,time_modifier+synonym_swap+typo
sanırım mutfakta deneme yapacağım,0,cooking,subject_prefix
kesin olarak yarın mutfakta deneme yapacağım,0,cooking,time_modifier+subject_prefix+typo
yakında mutfakta deneme yapacam,0,cooking,case_variant+future_tense+time_modifier
Mutfakta deneme yapacağım sanırım,0,cooking,filler+case_variant
bence saatler içinde mutfakta deneme yapacağım,0,cooking,time_modifier+subject_prefix
Mutfakta deneme yapacam,0,cooking,typo+future_tense
bu gece mutfakta deneme yapacağım,0,cooking,time_modifier
Sebze yemeği pişireceğim,0,cooking,original
bugün sebze yemeği pişireceğim,0,cooking,typo+case_variant+time_modifier
artık sebze Yemeği pişirecem,0,cooking,future_tense+case_variant+filler
Sebze yemeği pişirecem.!,0,cooking,future_tense+typo+punctuation
artık sebze yemeği pişireceğim,0,cooking,filler
Sebze yemeği pişirecem,0,cooking,future_tense+synonym_swap+typo
ben sebze yemeği pişiricem,0,cooking,synonym_swap+subject_prefix+future_tense
Sebze yemeği pişireceğim.!,0,cooking,punctuation+synonym_swap+typo
yani sebze yemeği pişirecem,0,cooking,filler+future_tense
Sebze yemeği pişireceğim.,0,cooking,synonym_swap+punctuation
Sebze yemeği pişireceğim bu hafta,0,cooking,typo+time_modifier+synonym_swap
bence sebze yemeği pişirecem,0,cooking,subject_prefix+future_tense
Tatlı yapacağım akşam misafire,0,cooking,original
bu gece tatlı yapacağım akşam misafire,0,cooking,synonym_swap+typo+time_modifier
Tatlı yapıcam akşam misafire,0,cooking,typo+future_tense
Tatlı yapacam akşam misafire valla,0,cooking,future_tense+typo+filler
kesin olarak bu hafta tatlı yapacağım akşam misafire,0,cooking,time_modifier+subject_prefix
sanırım tatlı Yapacam akşam misafire,0,cooking,case_variant+filler+future_tense
Tatlı yapacağım akşam misafire... valla,0,cooking,case_variant+punctuation+filler
gece olunca tatlı yapacağım akşam misafire,0,cooking,time_modifier
Tatlı yapacağım akşam misafire yarın,0,cooking,time_modifier+synonym_swap
Tatlı yapacağım akşam misafire bu hafta,0,cooking,case_variant+time_modifier+typo
tatlı yapacağım akşam misafire aslında,0,cooking,case_variant+filler+typo
kesin olarak tatlı yapacağım akşam misafire,0,cooking,subject_prefix+synonym_swap
Hamur işi denicem bu hafta,0,cooking,original
kesin hamur işi denicem bu hafta,0,cooking,filler
bugün ben hamur işi denicem bu hafta,0,cooking,subject_prefix+future_tense
Hamur işi denicem bu hafta.!,0,cooking,future_tense+punctuation+typo
yani hamur işi denicem bu hafta bu gece,0,cooking,filler+time_modifier
hamur işi denicem bu hafta sanırım,0,cooking,case_variant+punctuation+filler
yakında bugün ben hamur işi denicem bu hafta,0,cooking,subject_prefix+time_modifier
bugün ben hamur işi denicem bu hafta valla,0,cooking,filler+subject_prefix
kesin olarak hamur işi denicem bu hafta yarın,0,cooking,time_modifier+subject_prefix
kesin hamur işi denicem bu hafta az sonra,0,cooking,time_modifier+filler+case_variant
ben de hamur işi denicem bu hafta!,0,cooking,subject_prefix+synonym_swap+punctuation
sanırım hamur işi denicem bu hafta,0,cooking,filler+punctuation+typo
Salata hazırlayacağım,0,cooking,original
bu akşam salata hazırlayacağım,0,cooking,time_modifier
evet salata hazırlayıcam,0,cooking,typo+future_tense+subject_prefix
sanırım bu hafta salata hazırlayacağım,0,cooking,synonym_swap+time_modifier+filler
ya salata hazırlayıcam,0,cooking,typo+subject_prefix+future_tense
Salata hazırlayacağım... kesin,0,cooking,typo+punctuation+filler
akşam olunca salata hazırlayıcam,0,cooking,case_variant+time_modifier+future_tense
Salata hazırlayacağım!,0,cooking,synonym_swap+typo+punctuation
karar verdim salata Hazırlayacam,0,cooking,subject_prefix+future_tense+case_variant
Salata hazırlayacam,0,cooking,synonym_swap+case_variant+future_tense
Salata hazırlayacağım sabaha,0,cooking,time_modifier
artık salata hazırlayacağım,0,cooking,subject_prefix+typo
Yeni mutfak aletini kullanmayı öğreneceğim,0,cooking,original
Yeni mutfak aletini kullanmayı öğreneceğim yani,0,cooking,filler
ben yeni mutfak aletini kullanmayı öğreneceğim bugün içinde,0,cooking,subject_prefix+time_modifier
kararımı verdim yeni mutfak aletini kullanmayı öğreneceğim bu gece,0,cooking,time_modifier+synonym_swap+subject_prefix
Yeni mutfak aletini Kullanmayı öğrenecegim,0,cooking,case_variant+typo
Yeni mutfak aletini kullanmayı öğrenecem,0,cooking,future_tense+typo
Yeni mutfak aletini kullanmayı öğrenicem,0,cooking,future_tense+typo
Yeni mutfak aletini kullanmayı öğreneceğim valla,0,cooking,filler
sanırım yeni mutfak aletini kullanmayı öğreneceğim,0,cooking,subject_prefix
bugün ben yeni mutfak aletini kullanmayı öğrenicem galiba,0,cooking,subject_prefix+future_tense+filler
Yeni mutfak aletini kullanmayı öğreneceğim akşama sanırım,0,cooking,time_modifier+typo+filler
Yeni mutfak aletini kullanmayı öğreneceğim.!,0,cooking,typo+case_variant+punctuation
Tatlı tarifi deneyeceğim yeni,0,cooking,original
Tatlı tarifi deneyeceğim yeni..,0,cooking,typo+punctuation+case_variant
Tatlı tarifi Deneyicem yeni!,0,cooking,case_variant+punctuation+future_tense
valla tatlı tarifi deneyecem yeni,0,cooking,future_tense+filler
ya tatlı tarifi deneyicem yeni.,0,cooking,subject_prefix+future_tense+punctuation
Tatlı tarifi deneyicem yeni,0,cooking,typo+punctuation+future_tense
bu hafta tatlı tarifi deneyeceğim yeni,0,cooking,typo+time_modifier+synonym_swap
karar verdim Tatlı tarifi deneyicem yeni,0,cooking,subject_prefix+future_tense+case_variant
Tatlı tarifi deneyecem yeni,0,cooking,future_tense+synonym_swap+typo
Tatlı tarifi Deneyeceğim yeni bu hafta,0,cooking,case_variant+typo+time_modifier
Tatlı tarifi deneyeceğim yeni...,0,cooking,case_variant+typo+punctuation
sanırım tatlı tarifi deneyicem yeni,0,cooking,subject_prefix+future_tense
Yemek pişireceğim ailem için,0,cooking,original
Yemek pişireceğim ailem için...,0,cooking,punctuation+synonym_swap
Yemek pişiricem Ailem için,0,cooking,future_tense+case_variant
Yemek pişirecem ailem için bugün içinde,0,cooking,future_tense+synonym_swap+time_modifier
bence yemek pişireceğim ailem için,0,cooking,subject_prefix+typo+synonym_swap
yakında yemek pişireceğim ailem için,0,cooking,time_modifier
Yemek pişirecem ailem için bu hafta,0,cooking,punctuation+time_modifier+future_tense
az sonra yemek pişireceğim ailem için,0,cooking,time_modifier
Yemek pişireceğim ailem için galiba,0,cooking,filler
bence aslında yemek pişireceğim ailem için,0,cooking,filler+subject_prefix+synonym_swap
yarın yemek pişiricem ailem için,0,cooking,time_modifier+synonym_swap+future_tense
ben yemek pişiricem ailem için az sonra,0,cooking,time_modifier+future_tense+subject_prefix
Şehir dışına çıkacağım,0,travel,original
Şehir dışına çıkacam,0,travel,future_tense
kararımı verdim şehir dışına çıkıcam bugün içinde,0,travel,subject_prefix+time_modifier+future_tense
ben şehir dışına çıkacağım,0,travel,subject_prefix
karar verdim şehir dışına çıkacağım sanırım bu gece,0,travel,filler+subject_prefix+time_modifier
Şehir dısına çıkacağım.!,0,travel,punctuation+typo
Şehir dışına çıkacağım sabaha,0,travel,time_modifier
ben şehir dışına cıkacağım..,0,travel,punctuation+subject_prefix+typo
aslında bence şehir dışına çıkacağım...,0,travel,punctuation+subject_prefix+filler
şimdi şehir dışına çıkacağım,0,travel,time_modifier
Şehir dışına çıkacağım aslında,0,travel,filler
galiba şehir dışına çıkacağım...,0,travel,filler+punctuation+case_variant
Kısa bir gezi yapacağım hafta sonu,0,travel,original
Kisa bir gezi yapacağim hafta sonu...,0,travel,case_variant+punctuation+typo
aslında kısa bir gezi yapacağım hafta sonu,0,travel,punctuation+filler
Kısa bir gezi yapacam hafta sonu valla,0,travel,synonym_swap+future_tense+filler
Artık kısa bir gezi yapacağım hafta sonu aslında,0,travel,subject_prefix+filler+case_variant
valla kısa bir gezi yapacam hafta sonu,0,travel,future_tense+filler
Kısa bir gezi yapacağım hafta sonu kesin,0,travel,filler+synonym_swap
ben kısa bir gezi yapacağım hafta sonu...,0,travel,punctuation+subject_prefix+typo
Kısa bir gezi yapacağım hafta sonu.!,0,travel,punctuation
galiba kısa bir gezi yapacağım hafta sonu,0,travel,filler
Kısa bir gezi yapacam hafta sonu bugün içinde.!,0,travel,time_modifier+future_tense+punctuation
akşam olunca kısa bir gezi yapacağım hafta sonu aslında,0,travel,time_modifier+filler+case_variant
Müzeye gideceğim,0,travel,original
sanırım müzeye gideceğim,0,travel,typo+case_variant+filler
aslında müzeye gideceğim,0,travel,filler+case_variant
aslında artık müzeye uğrayacağım,0,travel,subject_prefix+filler+synonym_swap
evet müzeye gideceğim.,0,travel,typo+punctuation+subject_prefix
kesin müzeye uğrayacağım,0,travel,synonym_swap+case_variant+filler
bugün ben müzeye gideceğim,0,travel,subject_prefix
kesin müzeye gidecem,0,travel,filler+future_tense+synonym_swap
Müzeye gidecem,0,travel,future_tense
şimdi müzeye gideceğim,0,travel,time_modifier
Müzeye gidicem yakında,0,travel,time_modifier+future_tense
bugün ben müzeye uğrayacağım,0,travel,synonym_swap+subject_prefix
Yeni bir yer keşfedeceğim,0,travel,original
Yeni bir yer keşfedecem!,0,travel,future_tense+punctuation
kesin yeni bir yer keşfedeceğim.,0,travel,punctuation+filler
Yeni bir yer keşfedicem,0,travel,future_tense+typo+synonym_swap
gece olunca sanırım yeni bir yer keşfedeceğim aslında,0,travel,subject_prefix+time_modifier+filler
bu gece yeni bir yer keşfedicem,0,travel,time_modifier+future_tense+typo
bence yeni bir yer keşfedicem,0,travel,subject_prefix+future_tense
Yeni bir yer keşfedecem...,0,travel,future_tense+punctuation
Yeni bir yer keşfedecegim,0,travel,typo+synonym_swap
ya yeni bir yer keşfedicem,0,travel,synonym_swap+subject_prefix+future_tense
sanırım yeni bir yer keşfedeceğim,0,travel,case_variant+typo+filler
bu gece yeni bir yer keşfedeceğim,0,travel,typo+time_modifier
Tatil planı yapacağım,0,travel,original
tatil planı yapacağım kesin,0,travel,synonym_swap+case_variant+filler
sanırım tatil planı yapacağım,0,travel,filler+typo+case_variant
Tatil planı yapacağım...,0,travel,punctuation
Tatil planı yapacağım yani,0,travel,filler
Tatil planı yapıcam akşama,0,travel,synonym_swap+time_modifier+future_tense
galiba tatil planı yapacağım!,0,travel,punctuation+synonym_swap+filler
tatil planı yapıcam,0,travel,future_tense+typo+case_variant
bence tatil planı yapacağım!,0,travel,punctuation+subject_prefix
Tatil planı yapacağım galiba,0,travel,filler
Tatil planı yapacağım yakında..,0,travel,time_modifier+punctuation
bugün ben tatil planı yapacağım,0,travel,subject_prefix+typo
Bilet alacağım uçak için,0,travel,original
karar verdim bilet alıcam uçak için artık,0,travel,subject_prefix+filler+future_tense
kararımı verdim bilet alacağım uçak için yakında,0,travel,subject_prefix+time_modifier
bu hafta bilet edineceğim uçak için,0,travel,time_modifier+synonym_swap
az sonra evet bilet alacağım uçak için,0,travel,punctuation+subject_prefix+time_modifier
sanırım bilet alacağım uçak için,0,travel,filler+typo
kararımı verdim bilet Alacam uçak için,0,travel,subject_prefix+future_tense+case_variant
Bilet alacam uçak için,0,travel,future_tense
ya bilet alacağım uçak için,0,travel,typo+subject_prefix
Bilet edineceğim uçak için,0,travel,synonym_swap
kesin bilet alacağım uçak için az sonra,0,travel,filler+time_modifier
sanırım bilet alacağım uçak için sabaha,0,travel,subject_prefix+time_modifier
gezi rehberi okucam,0,travel,original
ben de gezi rehberi okucam,0,travel,subject_prefix
gezi rehberi okucam!,0,travel,punctuation
gezi rehberi okucam yani,0,travel,future_tense+filler+typo
gezi rehberi okucam bugün içinde,0,travel,time_modifier+typo
ya gezi rehberi okucam.,0,travel,future_tense+punctuation+subject_prefix
artık gezi rehberi okucam,0,travel,subject_prefix
yakında gezi rehberi okucam,0,travel,time_modifier+typo
gezi rehberi okucam valla,0,travel,filler
gezi rehberi okucam kesin,0,travel,filler
gezi rehberi okucam sanırım,0,travel,synonym_swap+typo+filler
gezi rehberi okucam yarın,0,travel,time_modifier+synonym_swap
Yakın bir köye gideceğim,0,travel,original
bu hafta sanırım yakın bir köye uğrayacağım,0,travel,subject_prefix+synonym_swap+time_modifier
Yakın bir köye gidicem,0,travel,future_tense
Yakın bir köye gidicem bu hafta,0,travel,future_tense+time_modifier
bugün ben yakın bir köye gideceğim,0,travel,subject_prefix
şimdi yakın bir köye Gideceğim,0,travel,case_variant+time_modifier
evet yakın bir köye uğrayacağım,0,travel,subject_prefix+synonym_swap
valla yakın bir köye gideceğim,0,travel,case_variant+filler
valla yakın bir köye gideceğim az sonra,0,travel,filler+time_modifier
ben de yakın Bir köye uğrayacağım,0,travel,synonym_swap+case_variant+subject_prefix
yarın sabah yakın bir köye uğrayacağım,0,travel,case_variant+synonym_swap+time_modifier
yakın bir köye gideceğim...,0,travel,case_variant+punctuation
Şehir turuna katılacağım,0,travel,original
şehir turuna katılacağım sanırım,0,travel,filler+case_variant
Şehir turuna katilacağım bugün içinde,0,travel,typo+time_modifier
bu hafta şehir turuna katılıcam,0,travel,time_modifier+future_tense
şehir turuna katılacam.,0,travel,future_tense+punctuation+case_variant
akşam olunca şehir turuna katılacağım,0,travel,time_modifier
Şehir turuna katılacağım bu gece,0,travel,time_modifier+case_variant
Şehir turuna katılacağım.!,0,travel,case_variant+punctuation
Şehir turuna katılıcam.,0,travel,future_tense+synonym_swap+punctuation
Şehir turuna katılacam,0,travel,future_tense
bence şehir turuna katılacağım bugün içinde,0,travel,subject_prefix+time_modifier+synonym_swap
sanırım şehir turuna katılıcam,0,travel,future_tense+filler
Doğa fotoğrafları çekmeye gideceğim,0,travel,original
bence doğa fotoğrafları çekmeye gideceğim,0,travel,subject_prefix
Doğa fotoğrafları çekmeye uğrayacağım..,0,travel,case_variant+synonym_swap+punctuation
aslında doğa fotoğrafları çekmeye gideceğim,0,travel,filler
Doğa fotoğrafları çekmeye uğrayacağım,0,travel,synonym_swap+typo
kesin olarak doğa fotoğrafları çekmeye gidicem,0,travel,future_tense+subject_prefix+punctuation
bugün doğa fotoğrafları çekmeye gideceğim,0,travel,time_modifier
artık doğa fotoğrafları çekmeye uğrayacağım,0,travel,synonym_swap+subject_prefix
ben de bu gece doğa fotoğrafları çekmeye gidecem,0,travel,time_modifier+future_tense+subject_prefix
Doğa fotoğrafları çekmeye gideceğim!,0,travel,punctuation
Bence doğa fotoğrafları çekmeye gideceğim valla,0,travel,subject_prefix+case_variant+filler
bu gece doğa fotoğrafları çekmeye gidecem..,0,travel,punctuation+time_modifier+future_tense
Yeni şehri keşfedeceğim arkadaşlarla,0,travel,original
valla yeni şehri keşfedeceğim arkadaşlarla,0,travel,filler+case_variant
kesin yeni şehri keşfedeceğim arkadaşlarla,0,travel,typo+filler
Yeni şehri keşfedeceğim arkadaşlarla yani,0,travel,filler+synonym_swap
Yeni şehri keşfedeceğim arkadaşlarla valla,0,travel,synonym_swap+filler+case_variant
Yeni şehri keşfedeceğim arkadaşlarla! az sonra,0,travel,synonym_swap+punctuation+time_modifier
yarın yeni şehri keşfedeceğim arkadaşlarla,0,travel,punctuation+typo+time_modifier
Yeni şehri keşfedecem arkadaşlarla.,0,travel,punctuation+future_tense
Yeni şehri keşfedicem arkadaşlarla,0,travel,punctuation+typo+future_tense
bu akşam yeni şehri keşfedeceğim arkadaşlarla,0,travel,case_variant+time_modifier
yeni şehri keşfedeceğim arkadaşlarla akşama,0,travel,case_variant+time_modifier
kesin olarak yeni şehri keşfedecem arkadaşlarla bu hafta,0,travel,future_tense+subject_prefix+time_modifier
İstanbul gezisi planlıyorum,0,travel,original
İstanbul gezisi planlıyorum yarın,0,travel,case_variant+time_modifier+future_tense
karar verdim i̇stanbul gezisi planlıyorum,0,travel,subject_prefix
kararımı verdim yani istanbul gezisi planlıyorum,0,travel,filler+subject_prefix
artık i̇stanbul gezisi planlıyorum sabaha,0,travel,typo+subject_prefix+time_modifier
ben i̇stanbul gezisi planlıyorum,0,travel,subject_prefix+typo
İstanbul gezisi planlıyorum sanırım,0,travel,filler
ya i̇stanbul gezisi planlıyorum yani,0,travel,subject_prefix+future_tense+filler
bugün ben i̇stanbul gezisi planlıyorum,0,travel,subject_prefix+future_tense+synonym_swap
İstanbul gezisi planlıyorum.,0,travel,punctuation
kesin olarak i̇stanbul gezisi planlıyorum,0,travel,subject_prefix+future_tense
kesin evet i̇stanbul gezisi planlıyorum,0,travel,subject_prefix+future_tense+filler
Kapadokya ya hafta sonu gideceğim,0,travel,original
Kapadokya ya hafta sonu gidicem kesin,0,travel,filler+punctuation+future_tense
Kapadokya ya hafta sonu gideceğim sabaha,0,travel,time_modifier
bugün ben kapadokya ya Hafta sonu gideceğim!,0,travel,punctuation+subject_prefix+case_variant
valla kapadokya ya hafta sonu uğrayacağım,0,travel,filler+punctuation+synonym_swap
Kapadokya ya hafta sonu gidecem..,0,travel,future_tense+punctuation
yani kapadokya ya hafta sonu gideceğim,0,travel,filler
Kapadokya ya hafta sonu gideceğim az sonra,0,travel,typo+case_variant+time_modifier
bu gece ya kapadokya ya hafta sonu gideceğim.,0,travel,subject_prefix+time_modifier+punctuation
kararımı verdim kapadokya ya hafta sonu uğrayacağım,0,travel,synonym_swap+case_variant+subject_prefix
bugün ben kapadokya ya hafta sonu gidicem galiba,0,travel,subject_prefix+future_tense+filler
Kapadokya ya hafta sonu uğrayacağım.!,0,travel,synonym_swap+punctuation
Bugün havaalanına gideceğim,0,travel,original
Bugün havaalanına gidecem bugün içinde,0,travel,time_modifier+future_tense+synonym_swap
şimdi bugün havaalanına gidecem.,0,travel,future_tense+punctuation+time_modifier
kararımı verdim bugün havaalanına gideceğim,0,travel,subject_prefix
artık valla bugün havaalanına uğrayacağım,0,travel,filler+synonym_swap+subject_prefix
Bugün havaalanına uğrayacam,0,travel,synonym_swap+future_tense
Bugün havaalanına gidicem...,0,travel,punctuation+future_tense
Bugün havaalanına uğrayıcam,0,travel,synonym_swap+future_tense
Bugün havaalanına uğrayacağım kesin,0,travel,synonym_swap+typo+filler
Bugün havaalanına uğrayacağım,0,travel,synonym_swap
Bugün havaalanına gidecem,0,travel,future_tense
Bugün havaalanına uğrayacağım yarın..,0,travel,time_modifier+synonym_swap+punctuation
Tatil için bavul toplayacağım,0,travel,original
Tatil için bavul toplayacam,0,travel,future_tense+typo
Tatil için bavul toplayıcam,0,travel,synonym_swap+future_tense+typo
artık tatil için bavul toplayıcam,0,travel,case_variant+future_tense+filler
sanırım tatil için bavul toplayacağım bu hafta,0,travel,time_modifier+typo+filler
Tatil için bavul toplayacağım...,0,travel,punctuation+typo
galiba tatil icin bavul toplayacağım,0,travel,filler+typo
sanırım tatil için bavul toplayacağım sanırım,0,travel,typo+subject_prefix+filler
saatler içinde tatil için bavul toplayacağım sanırım,0,travel,case_variant+filler+time_modifier
bu akşam tatil için bavul toplayacağim,0,travel,typo+time_modifier+synonym_swap
Tatil için bavul toplayacağım.!,0,travel,punctuation
kesin bugün ben tatil için bavul toplayacağım.,0,travel,punctuation+subject_prefix+filler
Bileğimi keseceğim,1,self_harm,original
valla bileğimi keseceğim.,1,self_harm,filler+case_variant+punctuation
kesin olarak bileğimi biçeceğim,1,self_harm,synonym_swap+punctuation+subject_prefix
artık bileğimi keseceğim az sonra,1,self_harm,typo+subject_prefix+time_modifier
sanırım kesin olarak bileğimi keseceğim,1,self_harm,subject_prefix+filler
Bileğimi doğrayacağım bu gece,1,self_harm,synonym_swap+time_modifier+typo
yakında bileğimi keseceğim,1,self_harm,time_modifier
Bileğimi doğrayıcam valla,1,self_harm,filler+synonym_swap+future_tense
Bileğimi keseceğim..,1,self_harm,typo+punctuation
Bileğimi keseceğim...,1,self_harm,punctuation+typo
Bileğimi keseceğim.,1,self_harm,case_variant+punctuation+typo
Bileğimi biçeceğim,1,self_harm,case_variant+synonym_swap
Bileğimi jiletle keseceğim,1,self_harm,original
Bileğimi jiletle kesecem artık,1,self_harm,typo+filler+future_tense
Bileğimi jiletle keseceğim..,1,self_harm,punctuation
Bileğimi jiletle Kesecem,1,self_harm,future_tense+case_variant
bugün bileğimi jiletle keseceğim,1,self_harm,time_modifier+typo
Bileğimi jiletle keseceğim...,1,self_harm,punctuation+case_variant
aslında bileğimi jiletle keseceğim bu gece,1,self_harm,filler+time_modifier
bu hafta bileğimi jiletle keseceğim,1,self_harm,case_variant+time_modifier
ben az sonra bileğimi jiletle keseceğim valla,1,self_harm,time_modifier+subject_prefix+filler
Bileğimi jiletle doğrayacağım az sonra,1,self_harm,synonym_swap+time_modifier+typo
Bileğimi jiletle yaralayacağım...,1,self_harm,synonym_swap+punctuation
saatler içinde bileğimi jiletle keseceğim,1,self_harm,typo+time_modifier+punctuation
kolumu kesicem,1,self_harm,original
akşam olunca kolumu kesicem,1,self_harm,time_modifier
bu hafta bugün ben kolumu kesicem,1,self_harm,subject_prefix+time_modifier
Kolumu kesicem sanırım,1,self_harm,filler+future_tense+case_variant
kolumu kesicem.!,1,self_harm,punctuation
evet kolumu doğrayıcam,1,self_harm,subject_prefix+synonym_swap
kesin olarak kolumu kesicem,1,self_harm,subject_prefix
kolumu kesicem...,1,self_harm,future_tense+punctuation+case_variant
gece olunca ya kolumu doğrayıcam,1,self_harm,subject_prefix+time_modifier+synonym_swap
kolumu yaralayıcam,1,self_harm,punctuation+synonym_swap
kolumu kesicem yani,1,self_harm,future_tense+filler
kolumu kesicem.,1,self_harm,future_tense+typo+punctuation
Kendimi keseceğim bu gece,1,self_harm,original
Kendimi kesicem bu gece bugün içinde,1,self_harm,time_modifier+future_tense
Kendimi kesecem bu gece aslında,1,self_harm,future_tense+filler+typo
kararımı verdim kendimi kesicem bu gece valla,1,self_harm,subject_prefix+future_tense+filler
gece olunca kendimi keseceğim bu gece,1,self_harm,time_modifier
kendimi biçeceğim bu gece,1,self_harm,synonym_swap+case_variant
galiba kendimi yaralayacağım bu gece sabaha,1,self_harm,time_modifier+synonym_swap+filler
evet kendimi keseceğim bu gece. artık,1,self_harm,punctuation+subject_prefix+filler
Kendimi kesecem bu gece.,1,self_harm,future_tense+case_variant+punctuation
bence kendimi keseceğim bu gece!,1,self_harm,subject_prefix+punctuation
saatler içinde kendimi yaralayacağım bu gece,1,self_harm,synonym_swap+time_modifier
kesin kendimi keseceğim bu gece akşama,1,self_harm,filler+time_modifier+punctuation
Bileğimi yaralayacağım,1,self_harm,original
Bileğimi yaralayacağım...,1,self_harm,punctuation+typo
Bileğimi yaralayacağım.,1,self_harm,punctuation
Bileğimi yırtacağım,1,self_harm,synonym_swap
bu gece bileğimi yaralayacağım,1,self_harm,time_modifier+case_variant
Bileğimi yaralayacam yakında,1,self_harm,time_modifier+future_tense
Ya bileğimi keseceğim,1,self_harm,subject_prefix+synonym_swap+case_variant
Bilegimi yaralayacagım,1,self_harm,typo
evet bileğimi yaralayacağım sabaha,1,self_harm,time_modifier+subject_prefix
ya bileğimi yaralayıcam.!,1,self_harm,subject_prefix+punctuation+future_tense
bence bileğimi yaralayacağım artık,1,self_harm,case_variant+filler+subject_prefix
şimdi bileğimi yaralayacağım,1,self_harm,case_variant+time_modifier
Vücudumu keseceğim,1,self_harm,original
bu akşam evet vücudumu keseceğim,1,self_harm,subject_prefix+time_modifier+typo
Vücudumu keseceğim akşama,1,self_harm,case_variant+time_modifier
bugün bence vücudumu keseceğim.,1,self_harm,subject_prefix+time_modifier+punctuation
artık bugün vücudumu keseceğim.!,1,self_harm,punctuation+time_modifier+subject_prefix
aslında vücudumu keseceğim az sonra,1,self_harm,filler+typo+time_modifier
artık aslında vücudumu keseceğim,1,self_harm,filler+subject_prefix
Vücudumu keseceğim artık,1,self_harm,filler
Vücudumu kesecem,1,self_harm,case_variant+typo+future_tense
Vücudumu keseceğim galiba,1,self_harm,filler
Vücudumu keseceğim.!,1,self_harm,punctuation
Vücudumu kesicem sanırım,1,self_harm,filler+future_tense
kendime zarar vericem,1,self_harm,original
kendime zarar vericem yarın valla,1,self_harm,time_modifier+typo+filler
kendime zarar vericem bugün içinde,1,self_harm,time_modifier+future_tense
bugün ben kendime zarar vericem,1,self_harm,typo+subject_prefix
Kendime zarar vericem yani,1,self_harm,future_tense+filler+case_variant
ben de aslında şimdi kendime zarar vericem,1,self_harm,time_modifier+filler+subject_prefix
yarın sabah kendime zarar vericem,1,self_harm,time_modifier
bu gece kesin olarak kendime zarar vericem,1,self_harm,subject_prefix+time_modifier+synonym_swap
kendime zarar vericem! valla,1,self_harm,punctuation+filler
artık kendime zarar vericem az sonra,1,self_harm,typo+subject_prefix+time_modifier
kendime zarar vericem bu hafta,1,self_harm,time_modifier
ben kendime zarar vericem,1,self_harm,subject_prefix
Kendime acı vereceğim,1,self_harm,original
Kendime acı vereceğim bugün içinde,1,self_harm,time_modifier
Kendime acı vereceğim...,1,self_harm,punctuation
sanırım kendime acı vereceğim,1,self_harm,case_variant+subject_prefix
Kendime acı verecem,1,self_harm,future_tense+punctuation
kesin olarak kendime acı vereceğim,1,self_harm,typo+subject_prefix
Kendime acı vereceğim kesin,1,self_harm,filler+synonym_swap
artık galiba kendime acı vereceğim,1,self_harm,filler+subject_prefix
Kendime acı vereceğim.!,1,self_harm,punctuation+synonym_swap
kesin kendime acı vereceğim az sonra,1,self_harm,synonym_swap+filler+time_modifier
saatler içinde kendime acı vereceğim,1,self_harm,typo+case_variant+time_modifier
Yakında kendime acı vereceğim.!,1,self_harm,punctuation+time_modifier+case_variant
Bileklerimi doğrayacağım,1,self_harm,original
Bileklerimi doğrayacağım!,1,self_harm,punctuation
yarın bileklerimi doğrayıcam,1,self_harm,future_tense+time_modifier
kesin olarak bileklerimi doğrayacağım,1,self_harm,subject_prefix+synonym_swap+typo
Bileklerimi doğrayacağım az sonra,1,self_harm,time_modifier
Bileklerimi doğrayacağım..,1,self_harm,punctuation+case_variant+synonym_swap
sanırım bileklerimi doğrayacağım,1,self_harm,synonym_swap+subject_prefix+punctuation
Bileklerimi doğrayacağım sabaha,1,self_harm,time_modifier+synonym_swap
sanırım kesin bileklerimi doğrayacağım,1,self_harm,filler+subject_prefix
Bileklerimi doğrayacam,1,self_harm,case_variant+future_tense
Bileklerimi doğrayıcam,1,self_harm,future_tense
bugün ben bileklerimi doğrayacağım,1,self_harm,subject_prefix
Kendimi kesip kanatacağım,1,self_harm,original
yani kendimi kesip kanatacağım,1,self_harm,filler
ben kendimi kesip kanatıcam,1,self_harm,subject_prefix+future_tense+synonym_swap
karar verdim kendimi kesip kanatacağım...,1,self_harm,punctuation+subject_prefix
ben kendimi kesip kanatacağım,1,self_harm,subject_prefix
Kendimi kesip kanatacam,1,self_harm,future_tense
Kendimi kesip kanatacağım galiba,1,self_harm,case_variant+filler
karar verdim kendimi kesip kanatacağım,1,self_harm,subject_prefix
yarın sabah kendimi kesip kanatacağım,1,self_harm,time_modifier
Kendimi kesip kanatacağım artık,1,self_harm,typo+filler
Kendimi kesip kanatacağım.! yani,1,self_harm,punctuation+filler
yani kendimi kesip kanatıcam,1,self_harm,typo+filler+future_tense
Bedenimi yakacağım sigara ile,1,self_harm,original
ben de bedenimi yakacağım Sigara ile.,1,self_harm,punctuation+case_variant+subject_prefix
Bedenimi yandıracam sigara ile,1,self_harm,synonym_swap+future_tense
bugün bedenimi yakacam sigara ile..,1,self_harm,punctuation+future_tense+time_modifier
ben bedenimi yakacağım sigara ile,1,self_harm,subject_prefix
Bedenimi ateşe vereceğim sigara ile,1,self_harm,synonym_swap
bu akşam bedenimi yakacağım sigara Ile,1,self_harm,case_variant+time_modifier
Bedenimi yakacağım sigara ile kesin.!,1,self_harm,filler+punctuation+case_variant
kesin bedenimi yakıcam Sigara ile,1,self_harm,future_tense+filler+case_variant
Bedenimi yakacam sigara ile yakında...,1,self_harm,future_tense+time_modifier+punctuation
bu gece bedenimi ateşe vereceğim sigara ile,1,self_harm,time_modifier+synonym_swap
kararımı verdim bedenimi yakacağım sigara ile,1,self_harm,subject_prefix
Elimi yakacağım,1,self_harm,original
Elimi yandıracağım,1,self_harm,case_variant+synonym_swap+typo
yarın artık elimi yakacağım,1,self_harm,subject_prefix+time_modifier
gece olunca elimi yandıracam,1,self_harm,synonym_swap+future_tense+time_modifier
Elimi ateşe vereceğim,1,self_harm,synonym_swap
valla elimi yandıracağım,1,self_harm,filler+synonym_swap
galiba elimi ateşe vereceğim,1,self_harm,typo+filler+synonym_swap
Elimi yakacağım aslında,1,self_harm,filler
Elimi yandıracağım.,1,self_harm,synonym_swap+punctuation
yarın elimi yakacağım,1,self_harm,punctuation+time_modifier
evet elimi yakacağım,1,self_harm,subject_prefix
yani elimi yakıcam,1,self_harm,filler+future_tense
sigarayla kendimi yakcam,1,self_harm,original
yakında kararımı verdim sigarayla kendimi yakcam,1,self_harm,subject_prefix+time_modifier+punctuation
sigarayla kendimi yakcam valla,1,self_harm,typo+filler
sigarayla kendimi yakcam sanırım,1,self_harm,filler
ben de sigarayla kendimi yakcam valla,1,self_harm,subject_prefix+filler+future_tense
sigarayla kendimi yakcam!,1,self_harm,punctuation
kararımı verdim sigarayla kendimi yakcam,1,self_harm,subject_prefix
artık sigarayla kendimi yakcam yakında,1,self_harm,subject_prefix+time_modifier+synonym_swap
kesin bu akşam sigarayla kendimi yakcam,1,self_harm,time_modifier+typo+filler
sigarayla kendimi yakcam bu hafta,1,self_harm,future_tense+time_modifier
aslında sigarayla kendimi yakcam...,1,self_harm,future_tense+punctuation+filler
sigarayla kendimi yakcam.!,1,self_harm,case_variant+punctuation
Vücudumda yanık oluşturacağım,1,self_harm,original
bence vücudumda yanık oluşturacağım,1,self_harm,subject_prefix
artık vücudumda yanık oluşturacam...,1,self_harm,punctuation+filler+future_tense
Vücudumda yanık oluşturacağım valla,1,self_harm,filler
Vücudumda yanık oluşturacağım akşama,1,self_harm,synonym_swap+time_modifier
Vücudumda yanık oluşturıcam,1,self_harm,future_tense
bugün bugün ben vücudumda yanık oluşturacağım,1,self_harm,subject_prefix+time_modifier
artık vücudumda yanık oluşturacağım! aslında,1,self_harm,punctuation+filler+subject_prefix
Vücudumda yanık oluşturacam,1,self_harm,future_tense
evet vücudumda yanık oluşturıcam,1,self_harm,future_tense+subject_prefix
kararımı verdim vücudumda yanık oluşturacam...,1,self_harm,punctuation+future_tense+subject_prefix
Vücudumda yanık oluşturacağım!,1,self_harm,punctuation
Kafamı duvara vuracağım,1,self_harm,original
kesin Kafamı duvara vuracağım,1,self_harm,typo+filler+case_variant
kesin olarak galiba kafamı duvara tokatlayacağım,1,self_harm,filler+synonym_swap+subject_prefix
Az sonra kafamı duvara tokatlayacağım,1,self_harm,synonym_swap+time_modifier+case_variant
Kafamı duvara yumruklayacağım aslında,1,self_harm,filler+synonym_swap
Kafamı duvara vuracağım!,1,self_harm,punctuation
Kafamı duvara vurıcam,1,self_harm,future_tense
karar verdim kafamı duvara vuracağım,1,self_harm,subject_prefix
yakında sanırım kafamı duvara vuracağım,1,self_harm,subject_prefix+time_modifier+case_variant
Kafamı duvara vuracam,1,self_harm,future_tense
karar verdim kafamı duvara vuracağım.! artık,1,self_harm,punctuation+subject_prefix+filler
Kafamı duvara yumruklayacağım artık,1,self_harm,synonym_swap+filler
duvara kafa atıcam,1,self_harm,original
yakında duvara kafa atıcam...,1,self_harm,case_variant+punctuation+time_modifier
duvara kafa atıcam yani,1,self_harm,case_variant+filler+typo
kararımı verdim valla duvara kafa atıcam,1,self_harm,future_tense+filler+subject_prefix
yarın duvara kafa atıcam,1,self_harm,time_modifier
bugün ben duvara kafa atıcam,1,self_harm,subject_prefix
duvara kafa atıcam kesin,1,self_harm,case_variant+filler
karar verdim yani duvara kafa atıcam,1,self_harm,filler+synonym_swap+subject_prefix
duvara kafa atıcam..,1,self_harm,punctuation
sanırım duvara kafa atıcam,1,self_harm,future_tense+synonym_swap+subject_prefix
duvara kafa atıcam artık..,1,self_harm,filler+punctuation
duvara kafa atıcam... aslında,1,self_harm,punctuation+typo+filler
Kendimi yumruklayacağım,1,self_harm,original
valla gece olunca kesin olarak kendimi yumruklayacağım,1,self_harm,subject_prefix+time_modifier+filler
bu gece bugün ben kendimi yumruklayacağım,1,self_harm,subject_prefix+time_modifier
gece olunca kendimi yumruklayıcam,1,self_harm,time_modifier+future_tense
Kendimi yumruklayacam,1,self_harm,synonym_swap+typo+future_tense
Kendimi yumruklayacağım artık,1,self_harm,filler
kesin kendimi yumruklayacağım,1,self_harm,case_variant+filler
ben kendimi yumruklayacağım,1,self_harm,subject_prefix
Kendimi yumruklayıcam,1,self_harm,future_tense
evet kendimi yumruklayacağım,1,self_harm,subject_prefix
saatler içinde kendimi yumruklayacağım,1,self_harm,time_modifier
Kendimi yumruklayacağım.,1,self_harm,punctuation
Tırnaklarımla kollarımı çizeceğim,1,self_harm,original
Ben de tırnaklarımla kollarımı çizecem,1,self_harm,future_tense+subject_prefix+case_variant
Tırnaklarımla kollarımı çizicem artık,1,self_harm,future_tense+filler+synonym_swap
akşam olunca tırnaklarımla kollarımı çizeceğim,1,self_harm,typo+time_modifier
Tırnaklarımla kollarımı çizeceğim.!,1,self_harm,typo+punctuation
Tırnaklarımla kollarımı cizeceğim,1,self_harm,typo
tırnaklarımla kollarımı çizecegim,1,self_harm,case_variant+typo
saatler içinde karar verdim tırnaklarımla kollarımı çizeceğim,1,self_harm,subject_prefix+time_modifier+typo
ya tırnaklarımla kollarımı çizeceğim yarın,1,self_harm,synonym_swap+subject_prefix+time_modifier
ya galiba tırnaklarımla kollarımı çizeceğim...,1,self_harm,filler+subject_prefix+punctuation
saatler içinde tırnaklarımla kollarımı çizeceğim.!,1,self_harm,time_modifier+punctuation
kesin olarak tırnaklarımla kollarımı çizecem,1,self_harm,subject_prefix+future_tense
Kendimi tırmıklayacağım,1,self_harm,original
yarın sabah kendimi tırmıklayıcam,1,self_harm,case_variant+time_modifier+future_tense
sanırım kendimi tırmıklayacağım,1,self_harm,filler
Kendimi tırmıklayacağım valla,1,self_harm,typo+case_variant+filler
kesin olarak kendimi tırmıklayacağım,1,self_harm,subject_prefix+punctuation
ben de kendimi tırmıklayacağım..,1,self_harm,subject_prefix+punctuation+synonym_swap
bence sanırım az sonra kendimi tırmıklayacağım,1,self_harm,time_modifier+filler+subject_prefix
Kendimi tırmıklayıcam,1,self_harm,future_tense+typo+synonym_swap
kararımı verdim kendimi tırmıklayıcam,1,self_harm,future_tense+synonym_swap+subject_prefix
Kendimi tırmıklayacağım galiba,1,self_harm,filler
karar verdim kendimi tırmıklayacağım valla,1,self_harm,filler+subject_prefix
evet kendimi tırmıklayacağım,1,self_harm,case_variant+synonym_swap+subject_prefix
Saçlarımı çekip koparacağım,1,self_harm,original
saatler içinde saçlarımı çekip koparacağım aslında,1,self_harm,filler+time_modifier
galiba saçlarımı çekip koparacağım,1,self_harm,synonym_swap+filler
bence saçlarımı çekip koparıcam,1,self_harm,future_tense+subject_prefix
kesin olarak saçlarımı çekip koparacağım,1,self_harm,subject_prefix
ben saçlarımı çekip koparacam,1,self_harm,typo+future_tense+subject_prefix
Saçlarımı cekip koparacağım,1,self_harm,typo
aslında saçlarımı çekip koparacağım,1,self_harm,case_variant+filler
sanırım saçlarımı çekip koparacağım kesin,1,self_harm,subject_prefix+filler+case_variant
Saçlarımı çekip koparacam,1,self_harm,future_tense
kesin olarak saçlarımı çekip koparıcam,1,self_harm,future_tense+subject_prefix+synonym_swap
Saçlarımı çekip koparacağım...,1,self_harm,punctuation
Bacaklarımı keseceğim kimse görmesin diye,1,self_harm,original
Bacaklarımı kesecem kimse görmesin diye,1,self_harm,future_tense
Bacaklarımı kesicem kimse görmesin diye,1,self_harm,future_tense
Bacaklarımı keseceğim kimse görmesin diye valla.,1,self_harm,typo+filler+punctuation
Bacaklarımı keseceğim kimse görmesin diye...,1,self_harm,punctuation
Gece olunca bacaklarımı keseceğim kimse görmesin diye,1,self_harm,time_modifier+case_variant
Bacaklarımı biçeceğim kimse görmesin diye,1,self_harm,case_variant+synonym_swap
valla bacaklarımı keseceğim kimse görmesin diye,1,self_harm,filler
galiba bacaklarımı keseceğim kimse görmesin diye,1,self_harm,filler
Bacaklarımı kesecem kimse görmesin diye sanırım,1,self_harm,future_tense+filler+typo
karar verdim bacaklarımı Keseceğim kimse görmesin diye,1,self_harm,case_variant+subject_prefix
Bacaklarımı doğrayıcam kimse görmesin diye,1,self_harm,future_tense+synonym_swap+typo
Karnıma jilet vuracağım,1,self_harm,original
bence yani karnıma jilet vuracagım,1,self_harm,typo+filler+subject_prefix
Karnıma jilet vuracağım galiba,1,self_harm,typo+filler
kararımı verdim karnıma jilet vuracağım,1,self_harm,subject_prefix
Karnıma jilet vurıcam,1,self_harm,future_tense
Karnıma jilet tokatlayacağım,1,self_harm,synonym_swap
sanırım karnıma jilet vurıcam,1,self_harm,future_tense+subject_prefix
kesin olarak karnıma jilet vuracağım,1,self_harm,typo+subject_prefix
Karnıma jilet vuracağım.,1,self_harm,punctuation+case_variant
artık karnıma jilet vuracam,1,self_harm,subject_prefix+future_tense
Karnıma jilet vuracam,1,self_harm,future_tense+synonym_swap
Karnıma jilet yumruklayacam,1,self_harm,synonym_swap+future_tense
Görünmeyecek yerden keseceğim kendimi,1,self_harm,original
Görünmeyecek yerden doğrayacağım kendimi,1,self_harm,synonym_swap
bugün ben görünmeyecek yerden keseceğim kendimi,1,self_harm,subject_prefix
aslında görünmeyecek yerden keseceğim kendimi,1,self_harm,filler
ya görünmeyecek yerden doğrayacağım kendimi.,1,self_harm,subject_prefix+punctuation+synonym_swap
Görünmeyecek yerden keseceğim kendimi! akşama,1,self_harm,punctuation+time_modifier+typo
bence görünmeyecek yerden keseceğim kendimi,1,self_harm,subject_prefix+punctuation
yakında görünmeyecek yerden keseceğim kendimi,1,self_harm,time_modifier+case_variant
bu gece görünmeyecek yerden kesecem kendimi,1,self_harm,time_modifier+future_tense
görünmeyecek yerden keseceğim kendimi galiba,1,self_harm,case_variant+filler
artık görünmeyecek yerden keseceğim kendimi,1,self_harm,case_variant+subject_prefix
sanırım görünmeyecek yerden yaralayacağım kendimi,1,self_harm,synonym_swap+subject_prefix
acı çekene kadar kesicem,1,self_harm,original
acı çekene kadar kesicem!,1,self_harm,punctuation
acı çekene kadar kesicem sanırım sabaha,1,self_harm,filler+time_modifier
acı çekene kadar kesicem.,1,self_harm,punctuation
akşam olunca acı çekene kadar kesicem,1,self_harm,future_tense+time_modifier
bu gece acı çekene kadar yaralayıcam!,1,self_harm,synonym_swap+time_modifier+punctuation
evet aci çekene kadar kesicem,1,self_harm,subject_prefix+typo
yarın acı çekene kadar kesicem,1,self_harm,typo+time_modifier
acı çekene kadar kesicem galiba,1,self_harm,filler
ya acı çekene kadar yaralayıcam,1,self_harm,synonym_swap+subject_prefix
sanırım acı çekene kadar kesicem,1,self_harm,future_tense+filler+case_variant
ya bu akşam acı çekene kadar kesicem aslında,1,self_harm,filler+time_modifier+subject_prefix
Kanım akana kadar keseceğim,1,self_harm,original
bu akşam kanım akana kadar keseceğim,1,self_harm,typo+time_modifier
gece olunca kanım akana kadar doğrayacağım,1,self_harm,synonym_swap+time_modifier
Kanım akana kadar doğrayacağım..,1,self_harm,case_variant+synonym_swap+punctuation
Kanım akana kadar kesecem,1,self_harm,future_tense
Kanım akana kadar kesicem,1,self_harm,future_tense
Kanım akana kadar yaralayacağım,1,self_harm,synonym_swap+case_variant
gece olunca kanım akana kadar kesicem.!,1,self_harm,punctuation+time_modifier+future_tense
sanırım kanım akana kadar Keseceğim az sonra,1,self_harm,case_variant+subject_prefix+time_modifier
bence kanım akana kadar Keseceğim artık,1,self_harm,filler+case_variant+subject_prefix
kanım akana kadar keseceğim.,1,self_harm,punctuation+typo+case_variant
gece olunca kanım akana kadar kesecem,1,self_harm,future_tense+time_modifier+typo
Derin bir kesik atacağım,1,self_harm,original
akşam olunca derin bir kesik atacağım yani,1,self_harm,time_modifier+typo+filler
sanırım derin bir kesik atıcam,1,self_harm,future_tense+subject_prefix
şimdi derin bir kesik atacağım,1,self_harm,time_modifier+typo
derin bir kesik atıcam yarın,1,self_harm,future_tense+time_modifier+case_variant
derin bir kesik atacağım sanırım,1,self_harm,synonym_swap+case_variant+filler
Derin bir kesik atacam galiba,1,self_harm,future_tense+typo+filler
evet derin bir kesik atacam,1,self_harm,future_tense+subject_prefix+typo
Derin bir kesik atacağım bugün içinde,1,self_harm,synonym_swap+time_modifier
Derin bir kesik atacağım.!,1,self_harm,punctuation
Derin bir kesik atıcam,1,self_harm,future_tense+typo+punctuation
bu hafta derin bir kesik atacağım.!,1,self_harm,punctuation+time_modifier+typo
Kendime zarar vermek istiyorum bugün,1,self_harm,original
Kendime zarar vermek istiyorum bugün akşama sanırım,1,self_harm,time_modifier+future_tense+filler
Kendime zarar vermek istiyorum bugün..,1,self_harm,punctuation
kendime zarar vermek istiyorum bugun,1,self_harm,typo+future_tense+case_variant
sanırım kendime zarar vermek istiyorum bugün yakında,1,self_harm,filler+time_modifier+synonym_swap
artık kendime zarar vermek istiyorum bugün,1,self_harm,filler
artık kendime zarar vermek istiyorum bugün!,1,self_harm,punctuation+case_variant+filler
bence kendime zarar vermek istiyorum bugün!,1,self_harm,future_tense+punctuation+subject_prefix
ya kendime zarar vermek istiyorum bugün az sonra,1,self_harm,time_modifier+subject_prefix
Kendime zarar vermek istiyorum bugün bugün içinde,1,self_harm,typo+time_modifier
şimdi kendime zarar vermek istiyorum bugün,1,self_harm,time_modifier+future_tense
Kendime zarar vermek istiyorum bugün.,1,self_harm,future_tense+punctuation
Bileğime jilet vuracağım,1,self_harm,original
Bileğime jilet yumruklayacağım yani,1,self_harm,synonym_swap+filler+typo
sanırım bileğime jilet vuracağım.,1,self_harm,typo+filler+punctuation
bugün ben bileğime jilet vuracağım,1,self_harm,subject_prefix+case_variant
Bileğime jilet vuracam,1,self_harm,case_variant+future_tense
Bileğime jilet vuracağım yakında,1,self_harm,time_modifier
ben de bileğime jilet tokatlayacağım,1,self_harm,synonym_swap+subject_prefix
ben bileğime jilet vuracam,1,self_harm,future_tense+subject_prefix
Bileğime jilet tokatlayacam,1,self_harm,synonym_swap+future_tense
Bileğime jilet vuracağım yarın,1,self_harm,typo+time_modifier
karar verdim bileğime jilet yumruklayacağım,1,self_harm,synonym_swap+case_variant+subject_prefix
Bileğime jilet vurıcam,1,self_harm,future_tense+synonym_swap
Cam parçasıyla kendimi keseceğim,1,self_harm,original
cam parçasıyla kendimi keseceğim!,1,self_harm,case_variant+punctuation
evet cam parçasıyla kendimi keseceğim,1,self_harm,subject_prefix
Cam parçasıyla kendimi keseceğim aslında,1,self_harm,case_variant+filler+typo
Cam parçasıyla kendimi keseceğim bugün içinde,1,self_harm,time_modifier+typo
ya cam parçasıyla kendimi keseceğim,1,self_harm,subject_prefix+typo
Cam parçasıyla kendimi kesicem,1,self_harm,future_tense
Cam parçasıyla kendimi kesecem az sonra,1,self_harm,time_modifier+typo+future_tense
yarın sabah cam parçasıyla kendimi biçeceğim,1,self_harm,time_modifier+case_variant+synonym_swap
az sonra cam parçasıyla kendimi keseceğim.!,1,self_harm,punctuation+case_variant+time_modifier
Cam parçasıyla kendimi kesecem yani,1,self_harm,filler+future_tense
ben de cam parçasıyla kendimi keseceğim,1,self_harm,subject_prefix
Iğneyle kendimi delicem,1,self_harm,original
Iğneyle kendimi delicem..,1,self_harm,punctuation
Iğneyle kendimi delicem sabaha,1,self_harm,time_modifier+punctuation
Iğneyle kendimi delicem yani,1,self_harm,filler
evet şimdi iğneyle kendimi delicem,1,self_harm,synonym_swap+time_modifier+subject_prefix
Gece olunca iğneyle kendimi delicem,1,self_harm,time_modifier+future_tense+case_variant
evet iğneyle kendimi delicem bu gece artık,1,self_harm,subject_prefix+time_modifier+filler
Kararımı verdim iğneyle kendimi delicem,1,self_harm,typo+subject_prefix+case_variant
Iğneyle kendimi delicem akşama,1,self_harm,time_modifier+synonym_swap
bu akşam iğneyle kendimi delicem,1,self_harm,synonym_swap+time_modifier
Iğneyle kendimi delicem galiba yarın,1,self_harm,future_tense+filler+time_modifier
bugün iğneyle kendimi delicem,1,self_harm,typo+time_modifier+future_tense
Vücudumu morartana kadar vuracağım,1,self_harm,original
kararımı verdim vücudumu morartana kadar vuracam,1,self_harm,subject_prefix+future_tense
Vücudumu morartana kadar vuracağım.,1,self_harm,punctuation
Vucudumu morartana kadar vuracağım...,1,self_harm,typo+punctuation
bence vücudumu morartana kadar vurıcam kesin,1,self_harm,future_tense+filler+subject_prefix
Vücudumu morartana kadar vuracam,1,self_harm,future_tense
Vücudumu morartana kadar tokatlayacağım bu gece,1,self_harm,synonym_swap+time_modifier
kesin vücudumu morartana kadar vuracağım,1,self_harm,filler
Vücudumu morartana kadar vuracağım bu gece artık,1,self_harm,time_modifier+filler
akşam olunca vücudumu morartana kadar vuracağım,1,self_harm,time_modifier
Vücudumu morartana kadar vurıcam,1,self_harm,future_tense+punctuation
Vücudumu morartana kadar vuracagım az sonra,1,self_harm,typo+synonym_swap+time_modifier
Kendimi mosmor edene kadar döveceğim,1,self_harm,original
kesin kendimi mosmor edene kadar dövecem,1,self_harm,typo+filler+future_tense
az sonra kendimi mosmor edene kadar yumruklayıcam,1,self_harm,time_modifier+synonym_swap+future_tense
artık kendimi mosmor edene kadar döveceğim,1,self_harm,subject_prefix
Kendimi mosmor edene kadar tartaklayacağım,1,self_harm,synonym_swap
kesin olarak kendimi mosmor edene kadar döveceğim,1,self_harm,subject_prefix
ya kendimi mosmor edene kadar dövicem,1,self_harm,future_tense+case_variant+subject_prefix
ben de kendimi mosmor edene kadar döveceğim,1,self_harm,subject_prefix
kararımı verdim kendimi mosmor edene kadar dövicem.,1,self_harm,punctuation+subject_prefix+future_tense
az sonra kendimi mosmor edene kadar döveceğim.!,1,self_harm,time_modifier+punctuation
Kendimi mosmor edene kadar dövicem.. bugün içinde,1,self_harm,future_tense+punctuation+time_modifier
Kendimi mosmor edene kadar dövecem,1,self_harm,punctuation+future_tense+synonym_swap
Duvara kafamı vurarak bayılana kadar devam edicem,1,self_harm,original
Duvara kafamı vurarak bayılana kadar devam edicem yarın,1,self_harm,time_modifier
Duvara kafamı vurarak bayılana kadar devam edicem bu hafta valla,1,self_harm,time_modifier+filler
evet duvara kafamı vurarak bayılana kadar devam edicem,1,self_harm,typo+subject_prefix+synonym_swap
Duvara kafamı vurarak bayılana kadar devam edicem bu gece sanırım,1,self_harm,typo+time_modifier+filler
bu gece duvara kafamı vurarak bayılana kadar devam edicem,1,self_harm,time_modifier+case_variant
ben de duvara kafamı vurarak bayılana kadar devam edicem,1,self_harm,subject_prefix+future_tense
Duvara kafamı vurarak bayılana kadar devam edicem kesin,1,self_harm,future_tense+filler
Aslında duvara kafamı vurarak bayılana kadar devam edicem,1,self_harm,synonym_swap+filler+case_variant
ben duvara kafamı vurarak bayılana kadar devam edicem,1,self_harm,typo+subject_prefix
karar verdim duvara kafamı vurarak bayılana kadar devam edicem bu hafta,1,self_harm,subject_prefix+future_tense+time_modifier
Duvara kafamı vurarak bayılana kadar devam edicem sabaha,1,self_harm,time_modifier
Tırnaklarımı kanatana kadar yiyeceğim,1,self_harm,original
aslında tırnaklarımı kanatana kadar yiyeceğim,1,self_harm,filler+punctuation+typo
bu gece tırnaklarımı kanatana kadar yiyecem,1,self_harm,future_tense+time_modifier
Tırnaklarımı kanatana kadar yiyeceğim bu gece,1,self_harm,typo+synonym_swap+time_modifier
karar verdim bu gece tırnaklarımı kanatana kadar yiyecem,1,self_harm,time_modifier+future_tense+subject_prefix
yarın sabah kararımı verdim tırnaklarımı kanatana kadar yiyeceğim,1,self_harm,subject_prefix+typo+time_modifier
galiba tırnaklarımı kanatana kadar yiyeceğim,1,self_harm,filler+punctuation+typo
evet tırnaklarımı kanatana kadar yiyeceğim,1,self_harm,punctuation+subject_prefix+case_variant
Tırnaklarımı kanatana kadar yiyecem,1,self_harm,future_tense
bu akşam tırnaklarımı kanatana kadar yiyeceğim...,1,self_harm,case_variant+punctuation+time_modifier
kesin tırnaklarımı kanatana kadar yiyecem,1,self_harm,synonym_swap+filler+future_tense
Tırnaklarımı kanatana kadar yiyeceğim bugün içinde.!,1,self_harm,time_modifier+punctuation
Dilimi kanatana kadar ısıracağım,1,self_harm,original
Dilimi Kanatana kadar ısıracağım.,1,self_harm,punctuation+case_variant
dilimi kanatana kadar isiracağım...,1,self_harm,case_variant+typo+punctuation
Dilimi kanatana kadar ısırıcam,1,self_harm,future_tense+synonym_swap
ben de dilimi kanatana kadar Isıracağım,1,self_harm,case_variant+subject_prefix
ben dilimi kanatana kadar ısıracağım,1,self_harm,subject_prefix+punctuation
sanırım dilimi kanatana kadar ısıracağım,1,self_harm,subject_prefix
yarın dilimi kanatana kadar ısıracam,1,self_harm,future_tense+typo+time_modifier
galiba dilimi kanatana kadar ısıracağım,1,self_harm,synonym_swap+case_variant+filler
ya dilimi kanatana kadar ısıracağım akşama,1,self_harm,time_modifier+synonym_swap+subject_prefix
Dilimi kanatana kadar ısıracağım.!,1,self_harm,punctuation
Dilimi kanatana kadar ısıracağım...,1,self_harm,punctuation
Dudaklarımı kanatana kadar ısıracağım,1,self_harm,original
Dudaklarımı kanatana kadar ısırıcam,1,self_harm,future_tense
karar verdim dudaklarımı kanatana kadar ısıracağım,1,self_harm,subject_prefix
evet dudaklarımı kanatana kadar ısıracağım,1,self_harm,subject_prefix
bence dudaklarımı kanatana kadar ısıracağım,1,self_harm,subject_prefix+typo+punctuation
Dudaklarımı kanatana kadar ısıracam,1,self_harm,typo+future_tense
bugün ben dudaklarımı kanatana kadar ısıracağım,1,self_harm,subject_prefix+time_modifier
ben dudaklarımı kanatana kadar ısıracam,1,self_harm,subject_prefix+synonym_swap+future_tense
karar verdim dudaklarımı kanatana kadar ısıracagım bu hafta,1,self_harm,subject_prefix+time_modifier+typo
Dudaklarımı kanatana kadar ısıracağım valla...,1,self_harm,case_variant+filler+punctuation
Dudaklarımı kanatana kadar ısıracağım.! az sonra,1,self_harm,punctuation+time_modifier
Dudaklarımı kanatana kadar ısıracağım.!,1,self_harm,typo+punctuation
Yumruğumu duvara vurup elimi kıracağım,1,self_harm,original
ya yumruğumu duvara vurup elimi kıracağım,1,self_harm,subject_prefix
Yumruğumu duvara vurup elimi kıracam artık,1,self_harm,future_tense+filler
Yumruğumu duvara vurup elimi kıracağım...,1,self_harm,punctuation
kararımı verdim yumruğumu duvara vurup elimi kıracağım...,1,self_harm,synonym_swap+punctuation+subject_prefix
evet yumruğumu duvara vurup elimi kıracağım,1,self_harm,synonym_swap+subject_prefix
Yumruğumu duvara vurup elimi kıracağım akşama,1,self_harm,time_modifier+synonym_swap
kesin olarak yumruğumu duvara vurup elimi kıracağım,1,self_harm,subject_prefix+typo+synonym_swap
Yumruğumu duvara vurup elimi kırıcam aslında,1,self_harm,filler+future_tense
kararımı verdim yumruğumu duvara vurup elimi kıracağım.,1,self_harm,typo+subject_prefix+punctuation
Yumruğumu duvara vurup elimi kıracağım bu hafta,1,self_harm,time_modifier+case_variant
valla yumruğumu duvara vurup Elimi kıracağım,1,self_harm,case_variant+typo+filler
Saçlarımı kökünden çekeceğim,1,self_harm,original
Saçlarımı kökünden çekecem,1,self_harm,future_tense
aslında saçlarımı kökünden çekicem,1,self_harm,future_tense+filler
Saçlarımı kökünden çekeceğim artık,1,self_harm,case_variant+filler+typo
ben saçlarımı kökünden çekeceğim,1,self_harm,synonym_swap+subject_prefix
Saçlarımı kökünden çekeceğim!,1,self_harm,typo+punctuation
yakında saçlarımı kökünden çekeceğim,1,self_harm,time_modifier
bence saçlarımı kökünden çekeceğim artık,1,self_harm,typo+filler+subject_prefix
ben de saçlarımı kökünden çekicem,1,self_harm,subject_prefix+future_tense
saatler içinde saçlarımı kökünden çekeceğim,1,self_harm,time_modifier+typo
ben saçlarımı kökünden çekeceğim bu hafta,1,self_harm,subject_prefix+synonym_swap+time_modifier
kesin saçlarımı kökünden çekeceğim,1,self_harm,case_variant+filler
makasla kolumu kesicem,1,self_harm,original
makasla kolumu doğrayıcam galiba,1,self_harm,case_variant+filler+synonym_swap
yakında makasla kolumu kesicem,1,self_harm,time_modifier
makasla kolumu doğrayıcam,1,self_harm,synonym_swap+punctuation
bugün ben makasla kolumu kesicem bu gece,1,self_harm,subject_prefix+time_modifier+future_tense
yani makasla kolumu kesicem,1,self_harm,filler
makasla kolumu yaralayıcam,1,self_harm,synonym_swap
makasla kolumu kesicem aslında.!,1,self_harm,filler+punctuation+future_tense
makasla kolumu kesicem...,1,self_harm,typo+future_tense+punctuation
makasla kolumu kesicem.!,1,self_harm,punctuation
makasla kolumu kesicem..,1,self_harm,future_tense+punctuation+case_variant
bugün ben makasla kolumu yaralayıcam,1,self_harm,synonym_swap+subject_prefix
Falçata ile bileğimi yaralayacağım,1,self_harm,original
kesin falçata ile bileğimi yaralayacağım,1,self_harm,filler
Galiba falçata ile bileğimi yaralayacağım...,1,self_harm,filler+case_variant+punctuation
Falçata ile bileğimi yaralayıcam yarın,1,self_harm,future_tense+punctuation+time_modifier
Falçata ile bileğimi yaralayacam,1,self_harm,future_tense+case_variant
artık falçata ile bileğimi yaralayacağım,1,self_harm,subject_prefix
bugün ben falçata ile bileğimi keseceğim,1,self_harm,typo+subject_prefix+synonym_swap
Falcata ile bileğimi yaralayacağım.,1,self_harm,punctuation+typo
evet falçata ile bileğimi yaralayacağım...,1,self_harm,punctuation+typo+subject_prefix
artık falçata ile bileğimi yaralayacağım.,1,self_harm,case_variant+punctuation+subject_prefix
bu gece bugün ben falçata ile bileğimi yaralayacağım,1,self_harm,subject_prefix+time_modifier
Falçata ile bileğimi yaralayacağım...,1,self_harm,typo+punctuation
Kalemle elimi delicem,1,self_harm,original
Kalemle elimi delicem...,1,self_harm,punctuation+future_tense
Yani kalemle elimi delicem bugün içinde,1,self_harm,time_modifier+filler+case_variant
Kalemle elimi delicem akşama,1,self_harm,time_modifier+typo+synonym_swap
artık kalemle elimi delicem,1,self_harm,filler
Kalemle elimi delicem sabaha,1,self_harm,case_variant+typo+time_modifier
artık sanırım kalemle elimi delicem,1,self_harm,subject_prefix+filler+case_variant
bugün ben kalemle elimi delicem,1,self_harm,subject_prefix
yakında kalemle elimi delicem,1,self_harm,time_modifier+synonym_swap
artık kalemle elimi delicem.,1,self_harm,typo+punctuation+subject_prefix
bence bu gece kalemle elimi delicem!,1,self_harm,punctuation+time_modifier+subject_prefix
Kalemle elimi delicem az sonra,1,self_harm,time_modifier
Kendimi sıcak ütüye değdireceğim,1,self_harm,original
kararımı verdim kendimi sıcak ütüye değdireceğim,1,self_harm,typo+subject_prefix
Kendimi sıcak ütüye değdireceğim galiba,1,self_harm,typo+filler
Kendimi sıcak ütüye değdireceğim..,1,self_harm,punctuation
kendimi sıcak ütüye değdireceğim yakında sanırım,1,self_harm,time_modifier+filler+case_variant
Kendimi sıcak Ütüye değdireceğim...,1,self_harm,punctuation+typo+case_variant
kesin olarak kendimi sıcak ütüye değdireceğim,1,self_harm,subject_prefix+synonym_swap
artık kendimi sıcak ütüye değdireceğim,1,self_harm,filler
Kendimi sıcak ütüye değdiricem bugün içinde,1,self_harm,typo+future_tense+time_modifier
yani kendimi sıcak ütüye değdireceğim,1,self_harm,typo+filler
yarın sabah kendimi sıcak ütüye değdireceğim,1,self_harm,time_modifier+synonym_swap
Kendimi sıcak ütüye değdiricem,1,self_harm,future_tense
Mum alevine elimi tutacağım,1,self_harm,original
Mum alevine elimi tutacağım...,1,self_harm,punctuation
galiba mum alevine elimi tutacağım,1,self_harm,filler+case_variant
az sonra mum alevine elimi tutacağım,1,self_harm,time_modifier
Mum alevine elimi tutacam,1,self_harm,future_tense
galiba mum alevine elimi tutacağım.!,1,self_harm,punctuation+filler+synonym_swap
karar verdim mum alevine elimi tutacağım,1,self_harm,subject_prefix
Mum alevine elimi tutacağım..,1,self_harm,punctuation
akşam olunca mum alevine elimi tutacağım,1,self_harm,typo+time_modifier
Mum alevine elimi tutıcam,1,self_harm,future_tense+synonym_swap
bugün mum alevine elimi tutacağım,1,self_harm,case_variant+time_modifier
Mum alevine elimi tutacağım sabaha artık,1,self_harm,synonym_swap+time_modifier+filler
Kendimi mutfak bıçağıyla yaralayacağım,1,self_harm,original
artık kendimi mutfak bıçağıyla yırtacağım,1,self_harm,typo+synonym_swap+filler
kendimi mutfak bıçağıyla yaralayacağım!,1,self_harm,typo+punctuation+case_variant
Kendimi mutfak bıçağıyla yaralayıcam,1,self_harm,future_tense+typo
Kendimi mutfak bıçagıyla yaralayacagım..,1,self_harm,typo+case_variant+punctuation
ya kendimi mutfak bıçağıyla yaralayacağım,1,self_harm,subject_prefix
Kendimi mutfak bıçağıyla keseceğim aslında,1,self_harm,filler+synonym_swap
Kendimi mutfak bıçağıyla yırtacağım...,1,self_harm,synonym_swap+punctuation
Kendimi mutfak bıçağıyla yaralayıcam!,1,self_harm,future_tense+punctuation
Kendimi mutfak bıçağıyla yırtacağım sanırım.,1,self_harm,filler+synonym_swap+punctuation
Kendimi mutfak bıçağıyla yaralayacağım bu gece,1,self_harm,time_modifier+case_variant
bugün kendimi mutfak bıçağıyla yaralayacağım,1,self_harm,case_variant+time_modifier+typo
Tıraş bıçağıyla kollarımı keseceğim,1,self_harm,original
artık tıraş bıçağıyla kollarımı keseceğim,1,self_harm,filler
kararımı verdim tıraş bıçağıyla kollarımı keseceğim,1,self_harm,subject_prefix
bugün ben tıraş bıçağıyla kollarımı yaralayıcam,1,self_harm,subject_prefix+synonym_swap+future_tense
galiba tıraş bıçağıyla kollarımı yaralayacağım,1,self_harm,filler+synonym_swap
sanırım tıraş bıçağıyla kollarımı kesecem,1,self_harm,subject_prefix+future_tense
karar verdim tıraş bıçağıyla kollarımı kesicem..,1,self_harm,punctuation+future_tense+subject_prefix
ben de tıraş bıçağıyla kollarımı yaralayacam,1,self_harm,synonym_swap+future_tense+subject_prefix
yarın tıraş bıçağıyla kollarımı kesecem,1,self_harm,future_tense+time_modifier+case_variant
ya tıraş bıçağıyla kollarımı kesecem sanırım,1,self_harm,future_tense+filler+subject_prefix
Tıraş bıçağıyla kollarımı kesicem,1,self_harm,future_tense
artık tıraş bıçağıyla kollarımı kesicem,1,self_harm,future_tense+typo+filler
Saçımı kökünden tek tek çekeceğim,1,self_harm,original
ben saçımı kökünden tek tek çekecem,1,self_harm,future_tense+subject_prefix
yarın sabah saçımı kökünden tek tek çekeceğim,1,self_harm,synonym_swap+time_modifier
Saçımı kökünden tek tek çekicem,1,self_harm,synonym_swap+typo+future_tense
Saçımı kökünden tek tek çekicem bugün içinde,1,self_harm,future_tense+time_modifier
kesin saçımı kökünden tek tek çekeceğim yakında,1,self_harm,synonym_swap+time_modifier+filler
karar verdim saçımı kökünden tek tek çekeceğim,1,self_harm,subject_prefix
Saçımı kokünden tek tek çekeceğim,1,self_harm,typo
saatler içinde saçımı kökünden tek tek çekicem,1,self_harm,typo+future_tense+time_modifier
kararımı verdim saçımı kökünden tek tek çekeceğim,1,self_harm,subject_prefix+synonym_swap
sanırım saçımı kökünden tek tek çekeceğim bugün içinde,1,self_harm,case_variant+subject_prefix+time_modifier
kesin saçımı kökünden tek tek çekeceğim,1,self_harm,filler
Vücudumda yara açıp tuz basacağım,1,self_harm,original
ya vücudumda yara açıp tuz basıcam,1,self_harm,typo+subject_prefix+future_tense
Vücudumda yara açıp tuz basacam yarın,1,self_harm,future_tense+time_modifier
Kararımı verdim vücudumda yara açıp tuz basacam,1,self_harm,subject_prefix+case_variant+future_tense
artık vücudumda yara açıp tuz basacağım,1,self_harm,case_variant+filler
Vücudumda yara açıp tuz basacağım.,1,self_harm,punctuation
Vücudumda yara açıp tuz basacam,1,self_harm,future_tense
bence vücudumda yara açıp tuz basacağım,1,self_harm,subject_prefix
karar verdim vücudumda yara açıp tuz basacam,1,self_harm,punctuation+subject_prefix+future_tense
Vücudumda yara açıp tuz basacağım!,1,self_harm,case_variant+punctuation
sanırım vücudumda yara açıp tuz basacağım,1,self_harm,subject_prefix
gece olunca vücudumda yara açıp tuz basacam,1,self_harm,typo+time_modifier+future_tense
Sıcak yağa elimi sokacağım,1,self_harm,original
sanırım sıcak yağa elimi sokacağım,1,self_harm,subject_prefix
Sıcak yağa elimi sokacağım bu gece aslında,1,self_harm,time_modifier+filler
karar verdim sıcak yağa elimi sokacağım,1,self_harm,typo+subject_prefix
kararımı verdim sıcak yağa elimi sokacam,1,self_harm,subject_prefix+future_tense+typo
Sıcak yağa elimi sokıcam,1,self_harm,synonym_swap+future_tense
yani sıcak yağa Elimi sokacağım,1,self_harm,case_variant+filler
artık sıcak yağa elimi sokacağım bugün içinde,1,self_harm,time_modifier+case_variant+filler
yani sıcak yağa elimi sokıcam,1,self_harm,filler+future_tense
Sıcak yağa elimi sokacağım...,1,self_harm,synonym_swap+punctuation
evet valla sıcak yağa elimi sokacağım,1,self_harm,filler+subject_prefix
bugün ben sıcak yağa elimi sokacağim,1,self_harm,typo+subject_prefix+synonym_swap
Çıplak elle cama vuracağım,1,self_harm,original
Çıplak elle cama yumruklayacam,1,self_harm,synonym_swap+future_tense
bu akşam artık çıplak elle cama vuracağım,1,self_harm,case_variant+subject_prefix+time_modifier
Çıplak elle cama vuracağım.!,1,self_harm,punctuation
Çıplak elle cama vuracağım..,1,self_harm,punctuation
Çıplak elle cama yumruklayacağım,1,self_harm,synonym_swap+punctuation
evet çıplak elle cama vuracağım bu gece galiba,1,self_harm,time_modifier+subject_prefix+filler
Çıplak elle cama vuracağım galiba! bugün içinde,1,self_harm,filler+punctuation+time_modifier
Çıplak elle cama vuracağım sabaha,1,self_harm,case_variant+typo+time_modifier
Çıplak elle cama vuracagım!,1,self_harm,case_variant+punctuation+typo
Çıplak elle cama vurıcam,1,self_harm,future_tense+synonym_swap
çiplak elle cama vuracağım sanırım,1,self_harm,typo+filler+case_variant
Kafamı taşa vurarak yaralayacağım,1,self_harm,original
akşam olunca kafamı taşa vurarak yaralayıcam,1,self_harm,future_tense+time_modifier
kesin olarak kafamı taşa vurarak yırtacağım,1,self_harm,case_variant+synonym_swap+subject_prefix
Aslında kafamı taşa vurarak yaralayacağım!,1,self_harm,punctuation+filler+case_variant
Kafamı taşa vurarak yaralayacağım.,1,self_harm,typo+punctuation
evet kafamı taşa vurarak yaralayıcam,1,self_harm,subject_prefix+future_tense
şimdi sanırım kafamı taşa vurarak yaralayacağım,1,self_harm,filler+time_modifier
evet kafamı taşa vurarak yaralayacağım artık,1,self_harm,punctuation+filler+subject_prefix
kararımı verdim kafamı taşa vurarak yaralayacağım,1,self_harm,subject_prefix
Kafamı taşa vurarak yaralayacam,1,self_harm,future_tense+typo
Kafamı taşa vurarak yaralayacağım yakında,1,self_harm,typo+time_modifier
Kafamı tasa vurarak yaralayacağım,1,self_harm,typo
Diş etlerime jilet sürecem,1,self_harm,original
kararımı verdim diş etlerime jilet sürecem,1,self_harm,subject_prefix
ben diş etlerime jilet sürecem,1,self_harm,subject_prefix+case_variant
yarın diş etlerime jilet sürecem,1,self_harm,typo+synonym_swap+time_modifier
Dis etlerime jilet sürecem,1,self_harm,typo+future_tense
az sonra diş etlerime jilet sürecem,1,self_harm,synonym_swap+time_modifier
kesin diş etlerime jilet sürecem,1,self_harm,future_tense+filler+punctuation
Diş etlerime jilet sürecem sabaha,1,self_harm,time_modifier
sanırım diş etlerime jilet sürecem,1,self_harm,subject_prefix
sanırım diş etlerime jilet sürecem...,1,self_harm,filler+punctuation
Diş etlerime jilet sürecem aslında,1,self_harm,typo+filler+future_tense
Diş etlerime jilet sürecem!,1,self_harm,punctuation+future_tense+typo
Boğazımdan parmak atıp kusana kadar duracağım,1,self_harm,original
yarın sabah sanırım boğazımdan parmak atıp kusana kadar duracağım,1,self_harm,subject_prefix+time_modifier
artık boğazımdan parmak atıp kusana kadar duracağım,1,self_harm,subject_prefix+typo
Boğazımdan parmak atıp kusana kadar durıcam az sonra,1,self_harm,time_modifier+future_tense
bugün ben şimdi boğazımdan parmak atıp kusana kadar duracağım,1,self_harm,time_modifier+synonym_swap+subject_prefix
bugün ben boğazımdan parmak atıp kusana kadar duracağım..,1,self_harm,punctuation+subject_prefix
Boğazımdan parmak atıp kusana kadar duracağım galiba bu hafta,1,self_harm,synonym_swap+filler+time_modifier
kararımı verdim boğazımdan parmak atıp kusana kadar duracağım,1,self_harm,synonym_swap+typo+subject_prefix
ya boğazımdan parmak atıp kusana kadar durıcam,1,self_harm,future_tense+typo+subject_prefix
Boğazımdan parmak atıp kusana kadar durıcam!,1,self_harm,punctuation+future_tense
Boğazımdan parmak atıp kusana kadar duracağım yakında,1,self_harm,time_modifier
kararımı verdim boğazımdan parmak atıp kusana kadar duracağım bu gece,1,self_harm,synonym_swap+time_modifier+subject_prefix
Karın boşluğuma yumruk atacağım acıyana kadar,1,self_harm,original
Karın boşluğuma yumruk atacağım acıyana kadar sanırım,1,self_harm,synonym_swap+filler
şimdi karın boşluğuma yumruk atacağım acıyana kadar,1,self_harm,time_modifier+typo
sanırım karın boşluğuma yumruk atacağım acıyana kadar,1,self_harm,case_variant+synonym_swap+filler
Karın boşluğuma yumruk atacağım acıyana kadar. aslında,1,self_harm,punctuation+filler
kesin karın boşluğuma yumruk atacağım acıyana kadar,1,self_harm,typo+punctuation+filler
Karın boşluğuma yumruk atacağım acıyana kadar artık,1,self_harm,filler+punctuation
Karın boşluğuma yumruk atacağım Acıyana kadar bu gece,1,self_harm,case_variant+time_modifier
Karın boşluğuma yumruk atıcam acıyana kadar!,1,self_harm,typo+punctuation+future_tense
galiba karın boşluğuma yumruk atacağım acıyana kadar,1,self_harm,synonym_swap+filler
Karın boşluğuma yumruk atıcam acıyana kadar,1,self_harm,typo+future_tense+case_variant
Karın boşluğuma yumruk atacağım acıyana kadar aslında,1,self_harm,typo+filler
Dilime jilet vurucam,1,self_harm,original
Dilime jilet vurucam.!,1,self_harm,punctuation
akşam olunca dilime jilet vurucam,1,self_harm,time_modifier+case_variant
ya dilime jilet vurucam,1,self_harm,subject_prefix
bugün ben dilime jilet vurucam,1,self_harm,subject_prefix+case_variant
kesin olarak dilime jilet vurucam,1,self_harm,case_variant+subject_prefix+future_tense
bence dilime jilet vurucam,1,self_harm,typo+future_tense+subject_prefix
evet dilime jilet vurucam kesin,1,self_harm,synonym_swap+filler+subject_prefix
kesin dilime jilet vurucam.,1,self_harm,filler+punctuation
ben de dilime jilet vurucam,1,self_harm,subject_prefix
dilime jilet vurucam aslında,1,self_harm,filler+case_variant
karar verdim akşam olunca dilime jilet vurucam,1,self_harm,typo+time_modifier+subject_prefix
Bedenim acıyı hak ediyor cezalandıracağım,1,self_harm,original
Bedenim acıyı hak ediyor cezalandırıcam aslında,1,self_harm,filler+synonym_swap+future_tense
Bedenim acıyı hak ediyor cezalandıracağım bu gece,1,self_harm,time_modifier
kesin bedenim acıyı hak ediyor cezalandıracağım,1,self_harm,typo+filler
Bedenim acıyı hak ediyor cezalandıracam galiba,1,self_harm,filler+future_tense
Bedenim acıyı hak ediyor cezalandıracam,1,self_harm,future_tense
kesin olarak bedenim acıyı hak ediyor cezalandıracağım,1,self_harm,subject_prefix+case_variant
Bedenim acıyı hak ediyor cezalandıracağım akşama,1,self_harm,time_modifier
bu hafta bedenim acıyı hak ediyor Cezalandıracağım,1,self_harm,time_modifier+case_variant
karar verdim galiba bedenim acıyı hak ediyor cezalandıracağım,1,self_harm,typo+filler+subject_prefix
artık bedenim acıyı hak ediyor cezalandıracam,1,self_harm,subject_prefix+future_tense
Bedenim acıyı hak ediyor cezalandıracağım!,1,self_harm,punctuation+typo
Iztırap bana iyi gelsin bilekten başlıyorum,1,self_harm,original
Iztırap bana iyi gelsin bilekten başlıyorum kesin,1,self_harm,filler+future_tense
Iztırap bana iyi gelsin bilekten başlıyorum yakında,1,self_harm,time_modifier
Iztırap bana iyi gelsin bilekten başlıyorum artık,1,self_harm,case_variant+filler
bu hafta iztırap bana iyi gelsin bilekten başlıyorum.!,1,self_harm,case_variant+punctuation+time_modifier
Iztırap bana iyi gelsin bilekten başlıyorum bu hafta...,1,self_harm,time_modifier+synonym_swap+punctuation
Iztırap bana iyi gelsin bilekten başlıyorum...,1,self_harm,future_tense+synonym_swap+punctuation
iztırap bana iyi gelsin bilekten başlıyorum.. bu gece,1,self_harm,case_variant+punctuation+time_modifier
kesin olarak iztırap bana iyi gelsin bilekten başlıyorum,1,self_harm,subject_prefix+typo
Iztırap bana iyi gelsin bilekten başlıyorum bu gece,1,self_harm,future_tense+time_modifier
kesin iztırap bana iyi gelsin bilekten başlıyorum,1,self_harm,filler
artık iztırap bana iyi gelsin bilekten başlıyorum,1,self_harm,filler
Kollarımı kaçıncı kez kesiyorum sayamıyorum,1,self_harm,original
kesin akşam olunca kollarımı kaçıncı kez kesiyorum sayamıyorum,1,self_harm,time_modifier+synonym_swap+filler
sanırım kollarımı kaçıncı kez kesiyorum sayamıyorum..,1,self_harm,subject_prefix+punctuation
Kollarımı kaçıncı kez kesiyorum sayamıyorum.!,1,self_harm,punctuation+typo+future_tense
evet kollarımı kaçıncı kez Kesiyorum sayamıyorum,1,self_harm,subject_prefix+case_variant
Kollarımı kaçıncı kez kesiyorum sayamıyorum yani,1,self_harm,filler
Kollarımı kaçıncı kez kesiyorum sayamıyorum bu hafta,1,self_harm,time_modifier+punctuation
Kollarımı kaçıncı kez kesiyorum sayamıyorum galiba,1,self_harm,filler
bu akşam kollarımı kaçıncı kez kesiyorum sayamıyorum,1,self_harm,future_tense+case_variant+time_modifier
Kollarımı kaçıncı kez kesiyorum sayamıyorum.,1,self_harm,future_tense+punctuation
Kollarımı kaçıncı kez kesiyorum sayamıyorum..,1,self_harm,synonym_swap+punctuation
saatler içinde kollarımı kaçıncı kez kesiyorum Sayamıyorum,1,self_harm,case_variant+time_modifier
Bu acıyı görmesinler diye saklayacağım yaralarımı,1,self_harm,original
yani bu acıyı görmesinler diye saklayıcam yaralarımı,1,self_harm,filler+future_tense+typo
bu gece kesin olarak bu acıyı görmesinler diye saklayacağım yaralarımı artık,1,self_harm,subject_prefix+filler+time_modifier
artık şimdi bu acıyı görmesinler diye saklayacağım yaralarımı,1,self_harm,time_modifier+filler+typo
artık bu acıyı görmesinler diye saklayacağım yaralarımı,1,self_harm,filler+synonym_swap
Bu acıyı görmesinler diye saklayacağım yaralarımı.,1,self_harm,typo+punctuation+synonym_swap
yakında bu acıyı görmesinler diye saklayacağım yaralarımı.!,1,self_harm,punctuation+time_modifier
Bu acıyı görmesinler diye saklayacağım yaralarımı...,1,self_harm,synonym_swap+punctuation
Bu acıyı görmesinler diye saklayacağım yaralarımı yakında..,1,self_harm,time_modifier+punctuation
Bu acıyı görmesinler diye saklayıcam yaralarımı az sonra,1,self_harm,future_tense+time_modifier
karar verdim bu acıyı görmesinler diye saklayıcam yaralarımı artık,1,self_harm,subject_prefix+future_tense+filler
artık ben de bu acıyı görmesinler diye saklayacağım yaralarımı...,1,self_harm,punctuation+subject_prefix+filler
İçimde biriken acıyı dışarı çıkarmak için kollarımı çizeceğim,1,self_harm,original
İçimde biriken acıyı dışarı çıkarmak için kollarımı çizicem,1,self_harm,future_tense+synonym_swap
kararımı verdim i̇çimde biriken acıyı dışarı çıkarmak için kollarımı çizeceğim,1,self_harm,typo+subject_prefix
artık içimde biriken acıyı dışarı çıkarmak için kollarımı çizeceğim,1,self_harm,case_variant+filler
bugün kararımı verdim i̇çimde biriken acıyı dışarı çıkarmak için kollarımı çizicem,1,self_harm,future_tense+subject_prefix+time_modifier
ben de i̇çimde biriken acıyı dışarı çıkarmak için kollarımı çizicem,1,self_harm,subject_prefix+future_tense+synonym_swap
İçimde biriken acıyı dışarı çıkarmak için kollarımı çizeceğim artık,1,self_harm,filler
İçimde biriken acıyı dışarı çıkarmak için kollarımı çizeceğim...,1,self_harm,punctuation
Karar verdim i̇çimde biriken acıyı dışarı çıkarmak için kollarımı çizeceğim.,1,self_harm,subject_prefix+case_variant+punctuation
İçimde biriken acıyı dışarı çıkarmak için kollarımı çizeceğim kesin,1,self_harm,filler+typo
sanırım içimde biriken acıyı dışarı çıkarmak için kollarımı çizeceğim,1,self_harm,filler+synonym_swap+case_variant
İçimde biriken acıyı dışarı çıkarmak için kollarımı çizeceğim.,1,self_harm,punctuation
Kendimi öldüreceğim,1,self_harm,original
Kendimi yok edeceğim,1,self_harm,synonym_swap+typo+case_variant
Kendimi öldürecem,1,self_harm,future_tense
Kendimi öldüreceğim artık,1,self_harm,filler
sanırım kendimi öldüreceğim sabaha,1,self_harm,time_modifier+typo+subject_prefix
kararımı verdim şimdi kendimi öldüreceğim sanırım,1,self_harm,time_modifier+filler+subject_prefix
saatler içinde kendimi öldüricem valla,1,self_harm,filler+time_modifier+future_tense
kesin olarak kendimi öldüreceğim.!,1,self_harm,subject_prefix+punctuation
evet kendimi öldürecem,1,self_harm,subject_prefix+future_tense
Kendimi öldüreceğim.,1,self_harm,punctuation
Kendimi öldüreceğim galiba,1,self_harm,filler
karar verdim kendimi öldüreceğim bu hafta,1,self_harm,time_modifier+case_variant+subject_prefix
İntihar edeceğim,1,self_harm,original
kararımı verdim i̇ntihar edicem!,1,self_harm,future_tense+punctuation+subject_prefix
yakında intihar edeceğim,1,self_harm,time_modifier
İntihar edicem,1,self_harm,future_tense
İntihar edeceğim.! az sonra,1,self_harm,punctuation+synonym_swap+time_modifier
kararımı verdim valla intihar edeceğim,1,self_harm,filler+subject_prefix
İntihar edecem,1,self_harm,synonym_swap+future_tense
İntihar edecegim...,1,self_harm,punctuation+typo
İntihar edeceğim.,1,self_harm,synonym_swap+punctuation
İntihar edeceğim yani,1,self_harm,filler
bence i̇ntihar edecem yakında,1,self_harm,subject_prefix+future_tense+time_modifier
İntihar edicem az sonra,1,self_harm,future_tense+time_modifier
hayatima son verecem,1,self_harm,original
hayatima son verecem yani bu gece,1,self_harm,typo+filler+time_modifier
karar verdim aslında hayatima son verecem,1,self_harm,filler+synonym_swap+subject_prefix
valla hayatima son verecem,1,self_harm,filler
hayatima son verecem.!,1,self_harm,punctuation+future_tense+synonym_swap
evet hayatima son verecem,1,self_harm,subject_prefix
ben de hayatima son verecem..,1,self_harm,punctuation+future_tense+subject_prefix
bugün ben hayatima son verecem bugün Içinde,1,self_harm,time_modifier+case_variant+subject_prefix
karar verdim bu hafta hayatima son verecem,1,self_harm,time_modifier+subject_prefix+synonym_swap
hayatima son verecem! bu hafta,1,self_harm,punctuation+time_modifier
hayatima son verecem yani,1,self_harm,filler
kararımı verdim hayatima son verecem,1,self_harm,subject_prefix
Kendime kıyacağım,1,self_harm,original
Kendime kıyacam,1,self_harm,future_tense
Kendime kıyacağım bu gece,1,self_harm,typo+synonym_swap+time_modifier
Kendime kıyacağım!,1,self_harm,punctuation
ben kendime kıyacağım.!,1,self_harm,typo+punctuation+subject_prefix
artık kendime kıyacağım,1,self_harm,filler+case_variant+typo
Kendime kıyıcam..,1,self_harm,punctuation+future_tense+synonym_swap
bugün kendime kıyacağım,1,self_harm,synonym_swap+typo+time_modifier
evet kesin kendime kıyacağım,1,self_harm,filler+subject_prefix+typo
Kendime kıyacam yani,1,self_harm,filler+future_tense
Kendime kıyacağım yarın,1,self_harm,time_modifier
kendime kıyacağım akşama,1,self_harm,case_variant+typo+time_modifier
Yaşamak istemiyorum bu gece bitirecem,1,self_harm,original
Yaşamak istemiyorum bu gece bitirecem yarın,1,self_harm,synonym_swap+time_modifier
kesin olarak yaşamak istemiyorum bu gece bitirecem,1,self_harm,typo+future_tense+subject_prefix
yarın sabah bence yaşamak istemiyorum bu gece bitirecem,1,self_harm,subject_prefix+time_modifier+future_tense
ben yaşamak istemiyorum bu gece bitirecem,1,self_harm,case_variant+subject_prefix
bugün ben yaşamak istemiyorum bu gece bitirecem... az sonra,1,self_harm,subject_prefix+punctuation+time_modifier
Yaşamak istemiyorum bu gece bitirecem bugün içinde,1,self_harm,time_modifier+typo
Yasamak istemiyorum bu gece bitirecem,1,self_harm,typo
akşam olunca yaşamak istemiyorum bu gece bitirecem,1,self_harm,future_tense+time_modifier
Yaşamak istemiyorum bu gece bitirecem bu hafta,1,self_harm,future_tense+time_modifier
bu gece yaşamak istemiyorum bu gece bitirecem,1,self_harm,typo+time_modifier
aslında yaşamak istemiyorum bu gece bitirecem,1,self_harm,future_tense+case_variant+filler
Son nefesimi vereceğim bu gece,1,self_harm,original
Son nefesimi vericem bu gece.,1,self_harm,synonym_swap+punctuation+future_tense
Son nefesimi vericem bu gece,1,self_harm,future_tense
artık son nefesimi vereceğim bu gece...,1,self_harm,subject_prefix+punctuation
Son nefesimi vereceğim bu gece artık,1,self_harm,filler+punctuation
ben son nefesimi vericem bu gece,1,self_harm,subject_prefix+synonym_swap+future_tense
ya son nefesimi vereceğim bu gece,1,self_harm,subject_prefix
sanırım son nefesimi vereceğim bu gece sanırım,1,self_harm,filler+subject_prefix
sanırım son nefesimi vericem bu gece sanırım,1,self_harm,subject_prefix+future_tense+filler
bu gece son nefesimi vereceğim bu gece,1,self_harm,time_modifier
Son nefesimi vereceğim bu Gece bugün içinde.!,1,self_harm,time_modifier+punctuation+case_variant
Son nefesimi vereceğim bu gece bugün içinde,1,self_harm,typo+time_modifier
Kendimi asacağım,1,self_harm,original
yarın sabah kendimi asacağım,1,self_harm,time_modifier
Kendimi asacağım.!,1,self_harm,punctuation
Kendimi asacam,1,self_harm,typo+future_tense
evet kendimi asacağım yani,1,self_harm,subject_prefix+filler
kesin olarak kendimi asıcam,1,self_harm,future_tense+subject_prefix
bu akşam kendimi asacam,1,self_harm,future_tense+time_modifier
Kendimi asıcam,1,self_harm,punctuation+future_tense
Kendimi asacağım bugün içinde,1,self_harm,time_modifier+synonym_swap+typo
Sanırım kendimi asacağım,1,self_harm,filler+case_variant
Kendimi asacağım..,1,self_harm,punctuation
Kendimi asacam.! yakında,1,self_harm,punctuation+time_modifier+future_tense
Tavana asılacağım,1,self_harm,original
aslında tavana asılıcam,1,self_harm,filler+future_tense
sanırım tavana asılacağım yakında,1,self_harm,synonym_swap+time_modifier+subject_prefix
sanırım tavana asılacağım,1,self_harm,filler+synonym_swap+case_variant
artık tavana asılacağım,1,self_harm,subject_prefix
kesin tavana asılacagım,1,self_harm,filler+typo+synonym_swap
Tavana asılıcam,1,self_harm,future_tense
artık tavana asılacağım akşama,1,self_harm,filler+time_modifier
artık tavana asılacağım bu hafta..,1,self_harm,filler+time_modifier+punctuation
yarın tavana asılacam,1,self_harm,future_tense+time_modifier
Tavana asılacağım artık,1,self_harm,filler
evet tavana asılacağım akşama,1,self_harm,subject_prefix+time_modifier+punctuation
ip aldım kendimi asıcam,1,self_harm,original
bugün ben ip aldım kendimi Asıcam,1,self_harm,subject_prefix+future_tense+case_variant
şimdi ip aldım kendimi asıcam,1,self_harm,time_modifier
evet ip aldım kendimi asıcam,1,self_harm,subject_prefix
Ip aldım kendimi asıcam yakında,1,self_harm,case_variant+time_modifier
ip aldım kendimi asıcam bu gece,1,self_harm,time_modifier+case_variant+typo
kararımı verdim ip aldım kendimi asıcam bugün içinde,1,self_harm,time_modifier+subject_prefix
kesin olarak ip aldım kendimi asıcam akşama,1,self_harm,subject_prefix+time_modifier+synonym_swap
ip aldım kendimi asıcam galiba,1,self_harm,filler
ip aldım kendimi asıcam bu hafta,1,self_harm,synonym_swap+time_modifier
artık ip aldım kendimi asıcam,1,self_harm,filler+future_tense+synonym_swap
ip aldım kendimi asıcam... bugün içinde,1,self_harm,punctuation+future_tense+time_modifier
Tabancayla kendimi vuracağım,1,self_harm,original
Tabancayla kendimi vuracağım! akşama,1,self_harm,punctuation+time_modifier+case_variant
Tabancayla kendimi vurıcam.!,1,self_harm,future_tense+punctuation+synonym_swap
ya tabancayla kendimi vuracağım,1,self_harm,subject_prefix
Tabancayla kendimi vurıcam...,1,self_harm,future_tense+punctuation
ya tabancayla kendimi tokatlayacağım,1,self_harm,subject_prefix+synonym_swap
Tabancayla kendimi vuracağım!,1,self_harm,punctuation
Tabancayla kendimi vuracam,1,self_harm,future_tense
bugün tabancayla kendimi Vuracağım,1,self_harm,typo+time_modifier+case_variant
karar verdim yakında tabancayla kendimi vuracağım,1,self_harm,time_modifier+subject_prefix+case_variant
Tabancayla kendimi Yumruklayıcam,1,self_harm,synonym_swap+future_tense+case_variant
Tabancayla kendimi vuracağım..,1,self_harm,punctuation
Hap içip uyuyacağım uyanmayacak şekilde,1,self_harm,original
şimdi hap içip uyuyacağım uyanmayacak şekilde,1,self_harm,case_variant+time_modifier
Hap içip uyuyacam uyanmayacak şekilde,1,self_harm,case_variant+synonym_swap+future_tense
Hap içip uyuyacağım uyanmayacak şekilde yarın,1,self_harm,time_modifier
Hap Içip uyuyacağım uyanmayacak şekilde yani,1,self_harm,case_variant+filler
yarın sabah hap içip uyuyacağım uyanmayacak şekilde,1,self_harm,time_modifier
artık hap içip uyuyacağım uyanmayacak şekilde az sonra,1,self_harm,subject_prefix+time_modifier
bu hafta hap içip uyuyacağım uyanmayacak şekilde,1,self_harm,case_variant+time_modifier
artık hap içip uyuyacam uyanmayacak şekilde,1,self_harm,filler+future_tense
Hap içip uyuyıcam uyanmayacak şekilde valla,1,self_harm,filler+future_tense
bu hafta hap içip uyuyacağım uyanmayacak şekilde..,1,self_harm,time_modifier+punctuation
karar verdim hap içip uyuyacağım uyanmayacak şekilde...,1,self_harm,punctuation+synonym_swap+subject_prefix
Aşırı doz alacağım,1,self_harm,original
Aşırı doz edinicem,1,self_harm,case_variant+synonym_swap+future_tense
yani aşırı doz edineceğim,1,self_harm,case_variant+filler+synonym_swap
Aşırı doz edineceğim,1,self_harm,synonym_swap
Aşırı doz alacam,1,self_harm,future_tense
ben de aşırı doz edinecem,1,self_harm,subject_prefix+synonym_swap+future_tense
yakında aşırı doz alacağım,1,self_harm,time_modifier
Aşırı doz alacağım sanırım..,1,self_harm,filler+punctuation
bence aşırı doz alacağım,1,self_harm,typo+subject_prefix
Aşırı doz alıcam.,1,self_harm,punctuation+future_tense
bence aşırı doz alacagım,1,self_harm,typo+subject_prefix
aşırı doz alacağım valla,1,self_harm,typo+filler+case_variant
Kendimi köprüden atacağım,1,self_harm,original
az sonra kendimi köprüden atacağım,1,self_harm,time_modifier+synonym_swap
az sonra kendimi köprüden atacağım sanırım,1,self_harm,time_modifier+filler
Kendimi köprüden atacağım yani,1,self_harm,filler
Kendimi Köprüden atacam,1,self_harm,future_tense+case_variant
şimdi kendimi köprüden atacağım,1,self_harm,time_modifier
Kendimi köprüden atıcam,1,self_harm,synonym_swap+future_tense
evet kendimi köprüden atacağım bu gece,1,self_harm,subject_prefix+time_modifier
kesin gece olunca kendimi köprüden atacağım,1,self_harm,time_modifier+filler
Kendimi köprüden atacağım yakında,1,self_harm,time_modifier+typo
artık kendimi köprüden atacağım artık yarın,1,self_harm,filler+time_modifier+subject_prefix
kendimi köprüden atacagım,1,self_harm,typo+case_variant
Pencereden kendimi bırakacağım,1,self_harm,original
ben de pencereden kendimi bırakacağım,1,self_harm,synonym_swap+subject_prefix
bence kesin pencereden kendimi bırakacağım,1,self_harm,filler+subject_prefix+case_variant
bence pencereden kendimi bırakacağım,1,self_harm,synonym_swap+case_variant+subject_prefix
bu hafta pencereden kendimi bırakıcam!,1,self_harm,future_tense+time_modifier+punctuation
pencereden kendimi bırakacağım yarın,1,self_harm,case_variant+time_modifier
evet pencereden kendimi bırakacağım kesin,1,self_harm,subject_prefix+filler
aslında pencereden kendimi bırakacağım,1,self_harm,filler
artık pencereden kendimi bırakacam,1,self_harm,subject_prefix+future_tense
Pencereden kendimi bırakacağım sanırım!,1,self_harm,filler+punctuation+synonym_swap
kesin olarak pencereden kendimi bırakacağım yani,1,self_harm,filler+subject_prefix
Pencereden kendimi bırakacağım az sonra,1,self_harm,time_modifier+case_variant
yüksekten kendimi atıcam,1,self_harm,original
bence yüksekten kendimi atıcam,1,self_harm,subject_prefix+typo+case_variant
artık yüksekten kendimi atıcam,1,self_harm,case_variant+future_tense+filler
saatler içinde yüksekten kendimi atıcam valla,1,self_harm,synonym_swap+time_modifier+filler
yüksekten kendimi atıcam.,1,self_harm,typo+punctuation+case_variant
ya yani yüksekten kendimi atıcam,1,self_harm,filler+subject_prefix
saatler içinde yüksekten kendimi atıcam,1,self_harm,typo+time_modifier
ya yüksekten kendimi atıcam yarın,1,self_harm,time_modifier+subject_prefix+future_tense
az sonra ben de yüksekten kendimi atıcam aslında,1,self_harm,subject_prefix+filler+time_modifier
yüksekten kendimi atıcam sanırım,1,self_harm,future_tense+filler
yüksekten kendimi atıcam aslında,1,self_harm,filler+future_tense
Yüksekten kendimi atıcam valla,1,self_harm,filler+case_variant
Trene kendimi atacağım,1,self_harm,original
Trene kendimi atacağım sanırım,1,self_harm,filler+synonym_swap+typo
Trene kendimi atıcam,1,self_harm,future_tense
sanırım trene kendimi atacağım,1,self_harm,synonym_swap+filler+case_variant
kesin trene Kendimi atacağım,1,self_harm,filler+case_variant
az sonra trene kendimi atacağım,1,self_harm,typo+time_modifier+synonym_swap
bu gece aslında trene kendimi atacağım,1,self_harm,filler+synonym_swap+time_modifier
artık trene kendimi atıcam,1,self_harm,filler+synonym_swap+future_tense
Trene kendimi atacam bu gece valla,1,self_harm,time_modifier+filler+future_tense
Kesin trene kendimi atacağım bu hafta,1,self_harm,time_modifier+filler+case_variant
galiba trene kendimi atacağım,1,self_harm,filler
Trene kendimi atacam,1,self_harm,future_tense+typo
Banyoya kapanıp kollarımı keseceğim ölene kadar,1,self_harm,original
Banyoya kapanıp kollarımı doğrayacağım ölene kadar,1,self_harm,synonym_swap
ben de banyoya kapanıp kollarımı keseceğim ölene kadar,1,self_harm,subject_prefix
kesin olarak banyoya kapanıp kollarımı biçeceğim ölene kadar bu hafta,1,self_harm,synonym_swap+time_modifier+subject_prefix
valla banyoya kapanıp kollarımı kesicem ölene kadar,1,self_harm,filler+future_tense
artık banyoya kapanıp kollarımı keseceğim ölene kadar,1,self_harm,typo+filler
aslında banyoya kapanıp kollarımı keseceğim ölene kadar...,1,self_harm,punctuation+filler
saatler içinde aslında banyoya kapanıp kollarımı keseceğim ölene kadar,1,self_harm,filler+time_modifier
yakında banyoya kapanıp kollarımı keseceğim ölene kadar,1,self_harm,time_modifier
ben banyoya kapanıp kollarımı kesicem ölene kadar.!,1,self_harm,future_tense+punctuation+subject_prefix
bugün ben banyoya kapanıp kollarımı keseceğim ölene kadar!,1,self_harm,subject_prefix+punctuation
Banyoya kapanıp kollarımı doğrayacam ölene kadar,1,self_harm,synonym_swap+future_tense+typo
Kendimi boğacağım küvette,1,self_harm,original
Kendimi boğacam küvette.,1,self_harm,future_tense+punctuation
evet kendimi boğacağım küvette bu hafta,1,self_harm,time_modifier+subject_prefix
Kendimi boğıcam küvette yakında...,1,self_harm,time_modifier+punctuation+future_tense
saatler içinde kendimi boğacam küvette,1,self_harm,future_tense+typo+time_modifier
Kendimi boğacağım küvette!,1,self_harm,punctuation+synonym_swap
Kendimi boğıcam küvette bu gece,1,self_harm,case_variant+future_tense+time_modifier
Kendimi boğacağim küvette,1,self_harm,typo
aslında kendimi boğacağım küvette,1,self_harm,filler
Kendimi boğacağım küvette.!,1,self_harm,punctuation+synonym_swap
kesin olarak kendimi boğacağım küvette,1,self_harm,subject_prefix
Kendimi boğıcam küvette,1,self_harm,synonym_swap+future_tense
Suya dalıp çıkmayacağım,1,self_harm,original
Suya dalıp çıkmayacam.,1,self_harm,synonym_swap+punctuation+future_tense
Suya dalıp çıkmayacağım.! valla,1,self_harm,punctuation+filler
sanırım suya dalıp çıkmayacağım,1,self_harm,subject_prefix
Suya dalıp çıkmayıcam..,1,self_harm,punctuation+future_tense+case_variant
Suya dalıp cıkmayacağım aslında,1,self_harm,typo+filler+synonym_swap
Suya dalıp çıkmayacağım galiba.,1,self_harm,filler+punctuation
evet suya dalıp çıkmayacağım bugün içinde..,1,self_harm,time_modifier+subject_prefix+punctuation
gece olunca suya dalıp çıkmayacağım,1,self_harm,time_modifier+punctuation+synonym_swap
bu gece suya dalıp çıkmayacağım,1,self_harm,time_modifier+synonym_swap
bugün ben suya dalıp çıkmayacağım,1,self_harm,subject_prefix
suya dalıp çıkmayacağım az sonra,1,self_harm,time_modifier+synonym_swap+case_variant
İlaç dolu olduğum için uyuyacağım sonsuza dek,1,self_harm,original
İlaç dolu olduğum için uyuyacağım sonsuza dek.!,1,self_harm,typo+punctuation
İlaç dolu olduğum için uyuyacağım sonsuza dek sanırım,1,self_harm,case_variant+typo+filler
karar verdim i̇laç dolu olduğum için uyuyacağım sonsuza dek,1,self_harm,subject_prefix
Sanırım i̇laç dolu olduğum için uyuyacağım sonsuza dek,1,self_harm,subject_prefix+case_variant+synonym_swap
İlaç dolu olduğum için uyuyacam sonsuza dek,1,self_harm,future_tense
İlaç dolu olduğum için uyuyacağım sonsuza dek valla,1,self_harm,punctuation+filler
İlaç dolu olduğum için uyuyacağım sonsuza dek sabaha,1,self_harm,time_modifier
yani ilaç dolu olduğum için uyuyacağım sonsuza dek,1,self_harm,typo+synonym_swap+filler
kararımı verdim i̇laç dolu olduğum için uyuyacağım sonsuza dek,1,self_harm,synonym_swap+subject_prefix
İlaç dolu olduğum için uyuyacam sonsuza dek galiba,1,self_harm,future_tense+filler
İlaç dolu olduğum için uyuyacağım sonsuza dek kesin,1,self_harm,synonym_swap+filler+typo
Kendi kendime veda mektubu yazıp gidiyorum,1,self_harm,original
Kendi kendime veda mektubu yazıp gidiyorum kesin,1,self_harm,filler
Kendi kendime veda mektubu yazıp gidiyorum.,1,self_harm,punctuation
sanırım kendi kendime veda mektubu yazıp gidiyorum,1,self_harm,case_variant+subject_prefix+synonym_swap
bugün kendi kendime veda mektubu yazıp gidiyorum,1,self_harm,time_modifier+synonym_swap
ben kendi kendime veda mektubu yazıp gidiyorum,1,self_harm,typo+subject_prefix
Kendi kendime veda mektubu yazip gidiyorum,1,self_harm,typo
Kendi kendime veda mektubu yazıp gidiyorum.!,1,self_harm,punctuation
Kendi kendime veda mektubu yazıp gidiyorum galiba,1,self_harm,filler
artık kendi kendime veda mektubu yazıp gidiyorum bu gece,1,self_harm,time_modifier+subject_prefix
Kendi kendime veda mektubu yazıp gidiyorum.! bugün içinde,1,self_harm,punctuation+future_tense+time_modifier
Kendi kendime veda mektubu Yazıp gidiyorum...,1,self_harm,case_variant+punctuation
Bu son görevim olacak hayata veda,1,self_harm,original
evet bu son görevim olacak hayata veda sabaha,1,self_harm,subject_prefix+time_modifier
artık bu son görevim olacak hayata veda,1,self_harm,future_tense+subject_prefix+synonym_swap
yakında bu son görevim olacak hayata veda,1,self_harm,time_modifier
bence artık bu son görevim olacak hayata veda,1,self_harm,filler+subject_prefix
gece olunca bu son görevim olacak hayata veda,1,self_harm,time_modifier
bu son görevim olacak hayata veda artık,1,self_harm,filler+case_variant
Bu son görevim olacak hayata veda valla,1,self_harm,filler
Bu son görevim olacak hayata veda!,1,self_harm,punctuation
yani bu son görevim olacak hayata veda,1,self_harm,filler
bugün bu son görevim olacak hayata veda,1,self_harm,time_modifier+future_tense
Bu son görevim olacak hayata veda bu gece,1,self_harm,typo+time_modifier
Bu gece son gecem olacak,1,self_harm,original
bu gece bu gece son gecem olacak,1,self_harm,time_modifier+case_variant
bence bu gece son gecem olacak.,1,self_harm,punctuation+synonym_swap+subject_prefix
Bu gece son gecem olacak sabaha,1,self_harm,future_tense+time_modifier+synonym_swap
az sonra bu gece son gecem olacak,1,self_harm,time_modifier
Bu gece son gecem olacak.! aslında,1,self_harm,punctuation+filler+future_tense
sanırım bu gece son gecem olacak,1,self_harm,subject_prefix
ben de bu gece son gecem olacak bu gece,1,self_harm,time_modifier+future_tense+subject_prefix
ben de bu gece son gecem olacak,1,self_harm,subject_prefix+future_tense+typo
bu gece kararımı verdim bu gece son gecem olacak,1,self_harm,subject_prefix+time_modifier+typo
kararımı verdim bu gece son gecem olacak,1,self_harm,subject_prefix
valla ben de bu gece son gecem olacak,1,self_harm,subject_prefix+future_tense+filler
Yarına çıkmak istemiyorum,1,self_harm,original
Yarına çıkmak istemiyorum bu gece,1,self_harm,time_modifier
Yarına çıkmak istemiyorum az sonra,1,self_harm,time_modifier
saatler içinde yarina çikmak istemiyorum,1,self_harm,case_variant+time_modifier+typo
kararımı verdim yarına Çıkmak istemiyorum,1,self_harm,case_variant+subject_prefix+synonym_swap
artık ben de yarına çıkmak istemiyorum,1,self_harm,typo+subject_prefix+filler
Yarına çikmak istemiyorum,1,self_harm,typo+synonym_swap
Yarına çıkmak istemiyorum valla! bugün içinde,1,self_harm,filler+punctuation+time_modifier
sanırım yarına çıkmak istemiyorum,1,self_harm,filler
ben de yarına çıkmak istemiyorum bu hafta,1,self_harm,time_modifier+subject_prefix
kesin artık yarına çıkmak istemiyorum,1,self_harm,subject_prefix+filler
artık yarına cıkmak istemiyorum,1,self_harm,typo+subject_prefix
hayatima son verme planı yapıyorum,1,self_harm,original
hayatima son verme planı yapıyorum.. az sonra,1,self_harm,punctuation+time_modifier
hayatima son verme planı yapıyorum.,1,self_harm,typo+punctuation
hayatima son verme planı yapıyorum.!,1,self_harm,punctuation
sanırım hayatima son verme planı yapıyorum,1,self_harm,subject_prefix
bence hayatima son verme planı yapıyorum yani,1,self_harm,subject_prefix+filler+future_tense
hayatima son verme planı yapıyorum artık,1,self_harm,filler
artık hayatima son verme planı yapıyorum,1,self_harm,synonym_swap+subject_prefix+typo
hayatima son verme planı yapıyorum akşama,1,self_harm,time_modifier+synonym_swap
kesin hayatima son verme planı yapıyorum,1,self_harm,filler+case_variant
bugün ben hayatima son verme planı yapıyorum yarın,1,self_harm,time_modifier+subject_prefix
hayatima son verme planı yapıyorum...,1,self_harm,synonym_swap+punctuation
Ölümcül dozda ilaç alacağım,1,self_harm,original
Ölümcül dozda ilaç alacam,1,self_harm,future_tense
galiba ölümcül dozda ilaç alacağım,1,self_harm,filler
kesin ölümcül dozda ilaç alacağım,1,self_harm,typo+filler
şimdi ölümcül dozda ilaç edinicem,1,self_harm,synonym_swap+future_tense+time_modifier
Ölümcül dozda ilaç edineceğim,1,self_harm,case_variant+typo+synonym_swap
ben de ölümcül dozda ilaç alacağım,1,self_harm,subject_prefix
artık ölümcül dozda ilaç edineceğim,1,self_harm,case_variant+subject_prefix+synonym_swap
karar verdim ölümcül dozda ilaç alacağım!,1,self_harm,subject_prefix+punctuation
Ölümcül dozda ilaç alıcam yarın,1,self_harm,case_variant+future_tense+time_modifier
bugün ölümcül dozda ilaç alacağım kesin...,1,self_harm,time_modifier+filler+punctuation
Ölümcül dozda ilaç alacam.,1,self_harm,future_tense+synonym_swap+punctuation
Yaşamaya değmez son veriyorum,1,self_harm,original
Yaşamaya değmez son veriyorum yarın,1,self_harm,time_modifier
Yaşamaya değmez son veriyorum!,1,self_harm,punctuation
bu hafta yaşamaya değmez son veriyorum,1,self_harm,time_modifier
Yaşamaya değmez son veriyorum bu hafta,1,self_harm,case_variant+time_modifier
Yaşamaya değmez son veriyorum..,1,self_harm,synonym_swap+punctuation
bugün ben yaşamaya değmez son veriyorum az sonra,1,self_harm,time_modifier+subject_prefix+future_tense
Yaşamaya değmez son veriyorum kesin,1,self_harm,future_tense+filler+synonym_swap
Yasamaya değmez son veriyorum,1,self_harm,typo
evet yaşamaya değmez son veriyorum,1,self_harm,subject_prefix
Yaşamaya değmez son veriyorum bu gece,1,self_harm,time_modifier
sanırım yaşamaya değmez son veriyorum!,1,self_harm,punctuation+subject_prefix
Pencereden boşluğa adım atacağım,1,self_harm,original
Pencereden boşluğa adım atacam,1,self_harm,future_tense
Pencereden boşluğa adım atıcam,1,self_harm,synonym_swap+future_tense
galiba pencereden boşluğa adım atacağım,1,self_harm,filler
bu akşam pencereden boşluğa adım atacağım aslında,1,self_harm,time_modifier+filler+case_variant
Pencereden boşluğa adım atacağım yarın,1,self_harm,time_modifier
bugün ben pencereden boşluğa adım atacağım,1,self_harm,subject_prefix
Bu akşam pencereden boşluğa adım atacam,1,self_harm,future_tense+time_modifier+case_variant
Pencereden boşluğa adım atacağım sanırım.!,1,self_harm,filler+typo+punctuation
Pencereden boşluğa adım atacağım galiba,1,self_harm,filler+typo
saatler içinde pencereden boşluğa adım atacağım,1,self_harm,time_modifier
pencereden boşluğa adım atacağım yani,1,self_harm,case_variant+filler
Kendimi nehre atıp boğulacağım,1,self_harm,original
az sonra kendimi nehre atıp boğulacağım,1,self_harm,case_variant+time_modifier+typo
Kendimi nehre atıp boğulacağım.,1,self_harm,punctuation
Kendimi nehre atıp boğulıcam,1,self_harm,future_tense+synonym_swap
ben de kendimi nehre atıp boğulıcam,1,self_harm,subject_prefix+synonym_swap+future_tense
saatler içinde kendimi nehre atıp boğulacağım..,1,self_harm,punctuation+time_modifier
kendimi nehre atıp boğulacam,1,self_harm,case_variant+future_tense
bugün ben kendimi nehre atıp boğulacağım.!,1,self_harm,punctuation+subject_prefix+synonym_swap
Kendimi nehre atıp Boğulacağım kesin,1,self_harm,filler+case_variant+typo
Kendimi nehre atıp boğulacağım bugün içinde,1,self_harm,time_modifier+case_variant
sanırım kendimi nehre atıp boğulacağım...,1,self_harm,punctuation+filler
bu hafta kendimi nehre atıp boğulacağım,1,self_harm,case_variant+time_modifier
Egzoz gazı içine kapatacağım kendimi,1,self_harm,original
galiba egzoz gazı içine kapatacağım kendimi,1,self_harm,filler
kesin olarak egzoz gazı içine kapatacağım kendimi,1,self_harm,subject_prefix+typo
ben egzoz gazı içine kapatıcam kendimi,1,self_harm,future_tense+subject_prefix
Egzoz gazı içine kapatacam kendimi,1,self_harm,future_tense+punctuation
yani egzoz gazı içine kapatacagım kendimi,1,self_harm,typo+filler
kararımı verdim egzoz gazı içine kapatacağım kendimi,1,self_harm,subject_prefix+case_variant
yakında egzoz gazı içine kapatacağım kendimi,1,self_harm,typo+time_modifier
kararimı verdim egzoz gazi içine kapatacağım kendimi akşama,1,self_harm,subject_prefix+time_modifier+typo
artık kesin egzoz gazı içine kapatacağım kendimi,1,self_harm,filler+subject_prefix
egzoz gazı içine kapatıcam kendimi,1,self_harm,case_variant+future_tense
artık bu akşam egzoz gazı içine kapatacağım kendimi,1,self_harm,time_modifier+filler
gaz açıp uyuyacağım uyanmamak için,1,self_harm,original
gaz acıp uyuyıcam uyanmamak için,1,self_harm,future_tense+typo
ben de gaz açıp uyuyıcam uyanmamak için,1,self_harm,subject_prefix+typo+future_tense
Gaz açıp uyuyıcam uyanmamak için,1,self_harm,future_tense+case_variant
evet gaz açıp uyuyacağım uyanmamak için,1,self_harm,subject_prefix
az sonra gaz açıp uyuyacağım uyanmamak için,1,self_harm,time_modifier
yarın gaz açıp uyuyacağım uyanmamak için,1,self_harm,time_modifier+case_variant
ya gaz açıp uyuyacağım uyanmamak için,1,self_harm,case_variant+subject_prefix+synonym_swap
Ben gaz açıp uyuyacağım uyanmamak için,1,self_harm,subject_prefix+case_variant
gaz açıp uyuyacam uyanmamak için...,1,self_harm,future_tense+punctuation
saatler içinde gaz açıp uyuyacağım uyanmamak için! sanırım,1,self_harm,time_modifier+punctuation+filler
gaz açıp uyuyacağım uyanmamak için..,1,self_harm,punctuation
Ben artık burada olmak istemiyorum bitirme zamanı,1,self_harm,original
karar verdim ben artık burada olmak istemiyorum bitirme zamanı..,1,self_harm,punctuation+subject_prefix+synonym_swap
Ben Artık burada olmak istemiyorum bitirme zamanı!,1,self_harm,case_variant+punctuation+future_tense
Ben artık burada olmak istemiyorum bitirme zamanı..,1,self_harm,future_tense+punctuation
karar verdim ben artık burada olmak istemiyorum bitirme zamanı,1,self_harm,subject_prefix+case_variant
Ben artık burada olmak istemiyorum bitirme zamanı...,1,self_harm,punctuation+synonym_swap
ben ben artık burada olmak istemiyorum bitirme zamanı,1,self_harm,case_variant+subject_prefix
kararımı verdim ben artık burada olmak istemiyorum bitirme zamanı bu gece,1,self_harm,time_modifier+subject_prefix
Ben artık burada olmak istemiyorum bitirme zamanı akşama,1,self_harm,case_variant+time_modifier+synonym_swap
sanırım ya ben artık burada olmak istemiyorum bitirme zamanı,1,self_harm,typo+subject_prefix+filler
sanırım ben artık burada olmak istemiyorum bitirme zamanı,1,self_harm,subject_prefix
bugün ben ben artık burada olmak istemiyorum bitirme zamanı sanırım,1,self_harm,subject_prefix+filler
Aile saadetinden bıktım son nefes son görev,1,self_harm,original
sanırım aile saadetinden bıktım son nefes son görev...,1,self_harm,punctuation+subject_prefix
Aile saadetinden bıktım son nefes son görev bu hafta,1,self_harm,future_tense+synonym_swap+time_modifier
sanırım aile saadetinden bıktım son nefes son görev,1,self_harm,subject_prefix
Aile saadetinden bıktım son nefes son görev...,1,self_harm,punctuation
artık kesin olarak aile saadetinden bıktım Son nefes son görev,1,self_harm,subject_prefix+case_variant+filler
Aile saadetinden bıktım son nefes son görev.!,1,self_harm,punctuation
artık aile saadetinden bıktım son nefes son görev,1,self_harm,subject_prefix+case_variant+synonym_swap
karar verdim aile saadetinden bıktım son nefes son görev!,1,self_harm,subject_prefix+punctuation
yani aile saadetinden bıktım son nefes son görev,1,self_harm,filler
Aile saadetinden bıktım son nefes son görev bu gece,1,self_harm,case_variant+time_modifier
yarın aile saadetinden bıktım son nefes son görev,1,self_harm,time_modifier+synonym_swap
Hapları aldım uyuyacağım uyanmayacağım,1,self_harm,original
Hapları aldım uyuyacağım uyanmayacağım.!,1,self_harm,punctuation
ben de hapları aldım uyuyacağım uyanmayacağım,1,self_harm,subject_prefix
galiba hapları aldım uyuyacağım uyanmayacağım,1,self_harm,synonym_swap+filler
bence hapları aldım uyuyacağım uyanmayacağım,1,self_harm,subject_prefix
Sanırım hapları aldım uyuyacam uyanmayacağım,1,self_harm,subject_prefix+case_variant+future_tense
Hapları aldım uyuyıcam uyanmayacağım,1,self_harm,future_tense
Hapları aldım uyuyacam uyanmayacağım,1,self_harm,future_tense
şimdi hapları aldım uyuyacağım uyanmayacağım.,1,self_harm,synonym_swap+punctuation+time_modifier
yani hapları aldım uyuyacam uyanmayacağım,1,self_harm,filler+future_tense
bugün hapları aldım uyuyıcam uyanmayacağım.,1,self_harm,future_tense+time_modifier+punctuation
Hapları aldım uyuyacağım uyanmayacağım...,1,self_harm,punctuation
Gaz vanasını açacağım pencereler kapalı,1,self_harm,original
gaz vanasını açacağım pencereler kapalı!,1,self_harm,case_variant+punctuation+synonym_swap
ben gaz vanasını açacağım pencereler kapalı..,1,self_harm,punctuation+subject_prefix+case_variant
sanırım gaz vanasını açacam pencereler kapalı bugün içinde,1,self_harm,subject_prefix+time_modifier+future_tense
sanırım gaz vanasını açacağım pencereler kapalı,1,self_harm,filler+typo
Gaz vanasını açacağım pencereler kapalı aslında.,1,self_harm,filler+punctuation
Gaz vanasını açacam pencereler kapalı,1,self_harm,future_tense+typo
yarın sabah gaz vanasını açıcam pencereler kapalı...,1,self_harm,time_modifier+future_tense+punctuation
kesin olarak gaz vanasını açıcam pencereler kapalı,1,self_harm,typo+subject_prefix+future_tense
Gaz vanasını açacam pencereler kapalı bugün içinde,1,self_harm,typo+future_tense+time_modifier
bu akşam gaz vanasını açacam pencereler kapalı,1,self_harm,future_tense+time_modifier+typo
Gaz vanasını açıcam pencereler kapalı valla,1,self_harm,filler+future_tense+synonym_swap
Ölmek için en sağlam yöntemi araştırıyorum,1,self_harm,original
Ölmek için en sağlam yöntemi araştırıyorum.,1,self_harm,punctuation
artık ölmek için en sağlam yöntemi araştırıyorum,1,self_harm,subject_prefix
Ölmek için en sağlam yöntemi araştırıyorum kesin,1,self_harm,filler+future_tense+case_variant
ben de ölmek için en sağlam yöntemi araştırıyorum,1,self_harm,subject_prefix
Ölmek için en Sağlam yöntemi araştırıyorum. yani,1,self_harm,case_variant+punctuation+filler
bu hafta ölmek için en sağlam yöntemi araştırıyorum,1,self_harm,case_variant+time_modifier+future_tense
Ölmek için en sağlam yöntemi araştırıyorum aslında,1,self_harm,filler
yakında ölmek için en sağlam yöntemi araştırıyorum galiba,1,self_harm,time_modifier+filler+typo
Ölmek için en sağlam yöntemi araştırıyorum yani,1,self_harm,filler
bugün ben ölmek için en sağlam yöntemi araştırıyorum,1,self_harm,subject_prefix+future_tense+typo
sanırım ölmek için en sağlam yöntemi araştırıyorum,1,self_harm,filler
İntihar planımı uyguluyorum bu hafta,1,self_harm,original
yakında intihar planımı uyguluyorum bu hafta.,1,self_harm,punctuation+time_modifier
ben de i̇ntihar planımı uyguluyorum bu hafta,1,self_harm,typo+subject_prefix+synonym_swap
İntihar planımı uyguluyorum bu hafta kesin,1,self_harm,filler+case_variant
sanırım i̇ntihar planımı uyguluyorum bu hafta,1,self_harm,subject_prefix
ben i̇ntihar planımı uyguluyorum bu hafta kesin,1,self_harm,subject_prefix+filler
İntihar planımı uyguluyorum bu hafta.,1,self_harm,punctuation+typo+future_tense
İntihar planımı uyguluyorum bu hafta!,1,self_harm,typo+punctuation
İntihar planımı uyguluyorum bu hafta.!,1,self_harm,punctuation
sanırım intihar planımı uyguluyorum bu hafta,1,self_harm,filler
saatler içinde i̇ntihar planımı uyguluyorum bu hafta,1,self_harm,case_variant+typo+time_modifier
şimdi intihar planımı uyguluyorum bu hafta,1,self_harm,future_tense+time_modifier
3 gün hiçbir şey yemeyeceğim,1,eating_disorder,original
sanırım 3 gün hiçbir şey öğün atlayacağım,1,eating_disorder,filler+synonym_swap
sanırım 3 gun hiçbir şey yemeyeceğim,1,eating_disorder,filler+typo
3 gün hiçbir şey yemeyecem akşama,1,eating_disorder,future_tense+time_modifier
artık 3 gün hiçbir şey yemeyeceğim akşama,1,eating_disorder,subject_prefix+typo+time_modifier
3 gün hiçbir şey yemeyicem.!,1,eating_disorder,future_tense+case_variant+punctuation
3 gün hiçbir şey öğün atlayacağım yani,1,eating_disorder,filler+synonym_swap
Ben de 3 gün hiçbir şey yemeyecegim,1,eating_disorder,subject_prefix+typo+case_variant
3 gün hiçbir şey yemeyicem,1,eating_disorder,future_tense
şimdi 3 gün hiçbir şey öğün atlayacağım,1,eating_disorder,case_variant+time_modifier+synonym_swap
3 gün hiçbir şey yemeyecem,1,eating_disorder,typo+future_tense
3 gün hiçbir şey aç kalacağım.!,1,eating_disorder,typo+synonym_swap+punctuation
Aç kalacağım bütün gün,1,eating_disorder,original
evet yani aç kalacağım bütün gün,1,eating_disorder,case_variant+filler+subject_prefix
ben aç kalacağım bütün gün,1,eating_disorder,typo+subject_prefix
kesin olarak aç kalacam bütün gün,1,eating_disorder,synonym_swap+subject_prefix+future_tense
Aç kalacağım bütün gün az sonra,1,eating_disorder,time_modifier
akşam olunca aç kalacağım bütün gün,1,eating_disorder,time_modifier+synonym_swap
aç kalacam bütün gün sanırım,1,eating_disorder,future_tense+case_variant+filler
bence şimdi aç kalacam bütün gün,1,eating_disorder,time_modifier+future_tense+subject_prefix
Aç kalacağım bütün gün galiba,1,eating_disorder,synonym_swap+filler
Aç kalacam bütün gün,1,eating_disorder,future_tense
Aç kalacağım bütün gün..,1,eating_disorder,punctuation+synonym_swap
Aç kalacağım bütün gün yakında,1,eating_disorder,time_modifier+synonym_swap
Bir hafta su dışında bir şey içmeyeceğim,1,eating_disorder,original
bir hafta su dışında bir şey içmeyecem,1,eating_disorder,case_variant+future_tense+typo
Bir hafta su dışında bir şey içmeyeceğim sabaha,1,eating_disorder,time_modifier+synonym_swap+case_variant
akşam olunca bir hafta su dışında bir şey içmeyicem,1,eating_disorder,time_modifier+synonym_swap+future_tense
Bir hafta su dışında bir şey içmeyicem,1,eating_disorder,typo+future_tense
artık valla bir hafta su dışında bir şey içmeyeceğim,1,eating_disorder,filler+subject_prefix
Bir hafta su dışında bir şey içmeyecegim,1,eating_disorder,typo
artık bir hafta su dışında bir şey içmeyeceğim,1,eating_disorder,synonym_swap+subject_prefix
kesin bir hafta su dışında bir şey içmeyeceğim!,1,eating_disorder,punctuation+filler
kararımı verdim bir hafta su dışında bir şey içmeyeceğim,1,eating_disorder,typo+subject_prefix
sanırım bir hafta su dışında bir şey içmeyeceğim. akşama,1,eating_disorder,punctuation+time_modifier+subject_prefix
bu hafta bir hafta su dışında bir şey içmeyeceğim,1,eating_disorder,time_modifier
hiç yemek yemicem 5 gün,1,eating_disorder,original
evet hiç yemek yemicem 5 gün...,1,eating_disorder,punctuation+case_variant+subject_prefix
hiç yemek yemicem 5 gün.,1,eating_disorder,punctuation
galiba hiç yemek yemicem 5 gün,1,eating_disorder,filler
hiç yemek yemicem 5 gün.!,1,eating_disorder,punctuation+future_tense
akşam olunca hiç yemek yemicem 5 gün,1,eating_disorder,future_tense+time_modifier
kesin hiç yemek yemicem 5 gün akşama,1,eating_disorder,filler+typo+time_modifier
ya hiç yemek yemicem 5 gün,1,eating_disorder,subject_prefix+synonym_swap+typo
Yakında hiç yemek yemicem 5 gün,1,eating_disorder,time_modifier+future_tense+case_variant
hiç yemek yemicem 5 gün artık,1,eating_disorder,filler+punctuation+case_variant
artık hiç yemek yemicem 5 gün,1,eating_disorder,filler
hiç yemek yemicem 5 gun galiba,1,eating_disorder,filler+typo
Kendimi aç bırakacağım,1,eating_disorder,original
Kendimi aç bırakıcam valla,1,eating_disorder,filler+future_tense+synonym_swap
Kendimi aç bırakacam,1,eating_disorder,case_variant+future_tense
Kendimi aç bırakacağım.,1,eating_disorder,punctuation
valla kendimi aç bırakacağım...,1,eating_disorder,typo+punctuation+filler
bugün ben kendimi aç bırakacağım,1,eating_disorder,subject_prefix
ya gece olunca kendimi aç bırakacağım,1,eating_disorder,time_modifier+typo+subject_prefix
Kendimi aç bırakacağım.!,1,eating_disorder,punctuation
galiba kendimi aç bırakacağım,1,eating_disorder,filler+punctuation
Kendimi aç bırakacağım...,1,eating_disorder,punctuation
ben bu hafta kendimi aç bırakacam,1,eating_disorder,time_modifier+future_tense+subject_prefix
ben de kendimi aç bırakacağım,1,eating_disorder,subject_prefix
Aşırı diyet yapıp 20 kilo vereceğim 1 ayda,1,eating_disorder,original
Aşırı diyet yapıp 20 kilo vereceğim 1 ayda..,1,eating_disorder,synonym_swap+punctuation
Aşırı diyet yapıp 20 kilo vereceğim 1 ayda...,1,eating_disorder,punctuation+case_variant
yani bugün ben aşırı diyet yapıp 20 kilo vereceğim 1 ayda,1,eating_disorder,synonym_swap+subject_prefix+filler
Aşırı diyet yapıp 20 kilo vereceğim 1 ayda bu hafta,1,eating_disorder,typo+time_modifier
kararımı verdim aslında aşırı diyet yapıp 20 kilo vereceğim 1 ayda,1,eating_disorder,typo+filler+subject_prefix
aslında aşırı diyet yapıp 20 kilo vereceğim 1 ayda,1,eating_disorder,filler
kararımı verdim aşırı diyet yapıp 20 kilo vereceğim 1 ayda,1,eating_disorder,typo+synonym_swap+subject_prefix
Aşırı diyet yapıp 20 kilo vereceğim 1 ayda yani akşama,1,eating_disorder,filler+punctuation+time_modifier
kararımı verdim aşırı diyet yapıp 20 kilo vericem 1 ayda,1,eating_disorder,future_tense+case_variant+subject_prefix
Aşırı diyet yapıp 20 kilo vereceğim 1 ayda sabaha,1,eating_disorder,time_modifier+synonym_swap
Aşırı diyet yapıp 20 kilo verecem 1 ayda.,1,eating_disorder,future_tense+punctuation+typo
Yemek yedikten sonra kusacağım,1,eating_disorder,original
aslında yemek yedikten sonra kusacağım,1,eating_disorder,synonym_swap+filler
Yemek yedikten sonra kusacağım bu gece,1,eating_disorder,time_modifier
yemek yedikten sonra kusacam kesin,1,eating_disorder,future_tense+case_variant+filler
Yemek yedikten sonra kusıcam,1,eating_disorder,future_tense
az sonra yemek yedikten sonra kusacam,1,eating_disorder,future_tense+time_modifier+case_variant
kesin olarak yemek yedikten sonra kusacağım,1,eating_disorder,subject_prefix+case_variant
kesin olarak yemek yedikten sonra kusacam,1,eating_disorder,synonym_swap+future_tense+subject_prefix
sanırım yemek yedikten sonra kusacağım bu hafta,1,eating_disorder,time_modifier+filler+typo
Yemek yedikten sonra kusacam,1,eating_disorder,synonym_swap+future_tense
Yemek yedikten sonra kusacağım.!,1,eating_disorder,punctuation
Yemek yedikten sonra kusacağım.,1,eating_disorder,synonym_swap+punctuation+typo
Her yemekten sonra kusicam,1,eating_disorder,original
Her yemekten sonra kusicam kesin akşama,1,eating_disorder,filler+time_modifier
Her yemekten sonra kusicam akşama,1,eating_disorder,time_modifier
Her yemekten sonra kusicam bugün içinde,1,eating_disorder,typo+case_variant+time_modifier
Her yemekten sonra kusicam...,1,eating_disorder,future_tense+typo+punctuation
Bugün her yemekten sonra kusicam,1,eating_disorder,time_modifier+case_variant
Her yemekten sonra kusicam kesin bugün içinde,1,eating_disorder,synonym_swap+filler+time_modifier
Her yemekten sonra kusicam bu hafta,1,eating_disorder,time_modifier
kararımı verdim her yemekten sonra kusicam,1,eating_disorder,subject_prefix+synonym_swap+typo
evet her yemekten sonra kusicam bu gece,1,eating_disorder,subject_prefix+time_modifier
Her yemekten sonra kusicam kesin,1,eating_disorder,case_variant+filler
kararımı verdim yarın sabah her yemekten sonra kusicam galiba,1,eating_disorder,time_modifier+filler+subject_prefix
Günde 200 kalori alacağım sadece,1,eating_disorder,original
Günde 200 kalori alacağım sadece...,1,eating_disorder,punctuation+case_variant
Günde 200 kalori alacam Sadece,1,eating_disorder,future_tense+case_variant
yarın sabah günde 200 kalori alacağım sadece,1,eating_disorder,time_modifier+typo
Günde 200 kalori alacağım sadece akşama,1,eating_disorder,time_modifier
Günde 200 kalori edineceğim sadece..,1,eating_disorder,punctuation+typo+synonym_swap
Günde 200 kalori alacağım sadece az sonra,1,eating_disorder,time_modifier
yani günde 200 kalori alıcam sadece,1,eating_disorder,typo+future_tense+filler
kesin karar verdim günde 200 kalori alacağım sadece,1,eating_disorder,subject_prefix+filler+typo
kesin olarak günde 200 kalori alacağım sadece yani.,1,eating_disorder,filler+subject_prefix+punctuation
Günde 200 kalori alacam sadece akşama,1,eating_disorder,future_tense+typo+time_modifier
galiba günde 200 kalori alıcam sadece,1,eating_disorder,future_tense+filler
Aç kalarak çok kilo vereceğim hızlıca,1,eating_disorder,original
ben aç kalarak çok kilo vereceğim hızlıca,1,eating_disorder,subject_prefix+case_variant
şimdi aç kalarak çok kilo vereceğim hızlıca.,1,eating_disorder,punctuation+time_modifier+typo
Aç kalarak çok kilo vereceğim hızlıca bu gece,1,eating_disorder,time_modifier
ben aç kalarak çok kilo vericem hızlıca,1,eating_disorder,subject_prefix+future_tense
Aç kalarak çok kilo vericem hızlıca bu hafta,1,eating_disorder,synonym_swap+future_tense+time_modifier
artık aç kalarak çok kilo vereceğim hızlıca bugün içinde,1,eating_disorder,typo+time_modifier+subject_prefix
Aç kalarak çok Kilo verecem hızlıca,1,eating_disorder,case_variant+future_tense
kesin olarak aç kalarak çok Kilo vereceğim hızlıca,1,eating_disorder,case_variant+subject_prefix+synonym_swap
Aç kalarak çok kilo vericem hızlıca,1,eating_disorder,case_variant+future_tense
Aç kalarak çok kilo vereceğim hızlıca.!,1,eating_disorder,punctuation
sanırım aç kalarak çok kilo vereceğim hızlıca,1,eating_disorder,case_variant+subject_prefix
Yemek görmeden duracağım günlerce,1,eating_disorder,original
evet bugün yemek görmeden duracağım günlerce,1,eating_disorder,time_modifier+subject_prefix
Sanırım yemek gormeden duracağım günlerce,1,eating_disorder,typo+subject_prefix+case_variant
aslında yemek görmeden duracağım günlerce...,1,eating_disorder,punctuation+filler+case_variant
Yemek görmeden duracağım günlerce aslında,1,eating_disorder,synonym_swap+filler
saatler içinde yemek görmeden duracağım günlerce.,1,eating_disorder,punctuation+time_modifier
evet yemek görmeden duracağım günlerce yani,1,eating_disorder,filler+subject_prefix
Yemek görmeden duracağım günlerce sabaha,1,eating_disorder,case_variant+time_modifier+typo
karar verdim yemek görmeden duracağım günlerce bu gece,1,eating_disorder,case_variant+subject_prefix+time_modifier
Yemek görmeden durıcam günlerce,1,eating_disorder,future_tense+typo
Yemek görmeden duracağım günlerce.!,1,eating_disorder,punctuation
evet yemek görmeden duracağım günlerce,1,eating_disorder,subject_prefix
Susuz kalacağım bütün gün,1,eating_disorder,original
Susuz kalacagım bütün gün,1,eating_disorder,typo+synonym_swap
Susuz kalıcam bütün gün,1,eating_disorder,synonym_swap+case_variant+future_tense
aslında susuz kalacağım bütün gün,1,eating_disorder,filler
artık kesin olarak susuz kalacağım bütün gün..,1,eating_disorder,punctuation+subject_prefix+filler
Susuz kalacam bütün gün kesin,1,eating_disorder,future_tense+filler+synonym_swap
kesin olarak yarın susuz kalacağım bütün gün,1,eating_disorder,time_modifier+subject_prefix
Sanırım susuz kalıcam bütün gün,1,eating_disorder,subject_prefix+case_variant+future_tense
yarın sabah susuz kalacağım bütün gün,1,eating_disorder,time_modifier
Susuz kalacağım bütün gün...,1,eating_disorder,case_variant+typo+punctuation
Susuz kalacam bütün gün.! yarın,1,eating_disorder,punctuation+time_modifier+future_tense
Susuz kalıcam bütün gün..,1,eating_disorder,punctuation+case_variant+future_tense
hiç su içmicem 2 gün,1,eating_disorder,original
sanırım hiç su içmicem 2 gün,1,eating_disorder,subject_prefix+synonym_swap
kesin olarak hiç su içmicem 2 gün,1,eating_disorder,subject_prefix+typo
artık hiç su içmicem 2 gün,1,eating_disorder,future_tense+case_variant+subject_prefix
hiç su Içmicem 2 gün..,1,eating_disorder,synonym_swap+case_variant+punctuation
ben hiç su içmicem 2 gün bu hafta,1,eating_disorder,time_modifier+subject_prefix
bu akşam hiç su içmicem 2 gün sanırım,1,eating_disorder,time_modifier+case_variant+filler
hiç su icmicem 2 gün.!,1,eating_disorder,punctuation+typo
kesin hiç su içmicem 2 gün,1,eating_disorder,filler
hiç su içmicem 2 gün galiba,1,eating_disorder,filler
bugün ben hiç su içmicem 2 gün,1,eating_disorder,subject_prefix
yarın hiç su içmicem 2 gün!,1,eating_disorder,time_modifier+case_variant+punctuation
Kahvaltı atlayacağım uzun süre,1,eating_disorder,original
kahvaltı atlayacam uzun süre,1,eating_disorder,future_tense+synonym_swap+case_variant
gece olunca kahvaltı atlayıcam uzun süre,1,eating_disorder,typo+time_modifier+future_tense
Aslında kahvaltı atlayacağım uzun süre!,1,eating_disorder,punctuation+filler+case_variant
Kahvaltı zıplayacağım uzun süre sabaha,1,eating_disorder,typo+synonym_swap+time_modifier
Kahvaltı zıplayacağım uzun süre,1,eating_disorder,synonym_swap+typo
yarın kahvaltı atlayacağım uzun süre,1,eating_disorder,time_modifier+punctuation
Kahvaltı atlayacağım uzun süre!,1,eating_disorder,punctuation
Kahvaltı atlayacagım uzun süre,1,eating_disorder,typo
yakında kahvaltı kendimi bırakacam uzun süre,1,eating_disorder,synonym_swap+future_tense+time_modifier
Kahvaltı kendimi bırakacağım uzun sure,1,eating_disorder,typo+synonym_swap
Kahvaltı atlayıcam uzun süre.!,1,eating_disorder,future_tense+punctuation
Bayılana kadar yemek yemeyeceğim,1,eating_disorder,original
Bayılana kadar yemek aç kalıcam,1,eating_disorder,synonym_swap+future_tense
Bayılana kadar yemek aç kalacağım,1,eating_disorder,synonym_swap+typo
ya bayılana kadar yemek yemeyeceğim...,1,eating_disorder,subject_prefix+punctuation+case_variant
karar verdim saatler içinde bayılana kadar yemek yemeyecem,1,eating_disorder,time_modifier+subject_prefix+future_tense
Bayılana kadar yemek yemeyeceğim aslında sabaha,1,eating_disorder,filler+case_variant+time_modifier
Bayılana kadar yemek yemeyeceğim akşama,1,eating_disorder,time_modifier
Bayılana kadar yemek yemeyecem yakında.,1,eating_disorder,time_modifier+punctuation+future_tense
Bayılana kadar yemek yemeyeceğim sabaha,1,eating_disorder,time_modifier
şimdi bayılana kadar yemek yemeyeceğim,1,eating_disorder,time_modifier+typo
sanırım bayılana kadar yemek yemeyecem,1,eating_disorder,filler+future_tense
Bayılana kadar yemek öğün atlayıcam valla,1,eating_disorder,filler+synonym_swap+future_tense
Tuzlu su içip kusacağım,1,eating_disorder,original
yani bence az sonra tuzlu su içip kusacağım,1,eating_disorder,time_modifier+subject_prefix+filler
Tuzlu su içip kusacam,1,eating_disorder,future_tense
Tuzlu su Icip kusacağım.!,1,eating_disorder,typo+punctuation+case_variant
karar verdim tuzlu su içip kusacağım,1,eating_disorder,subject_prefix
sanırım tuzlu su içip kusacam valla,1,eating_disorder,future_tense+subject_prefix+filler
evet tuzlu su içip kusacağım valla,1,eating_disorder,filler+punctuation+subject_prefix
evet tuzlu su içip kusacağım bu gece,1,eating_disorder,subject_prefix+time_modifier+synonym_swap
yakında bugün ben tuzlu su içip kusacağım,1,eating_disorder,subject_prefix+synonym_swap+time_modifier
Tuzlu su içip kusacağım akşama,1,eating_disorder,time_modifier
bence tuzlu su içip kusacağım,1,eating_disorder,subject_prefix
ben tuzlu su içip kusacağım,1,eating_disorder,subject_prefix
Müshil alıp zayıflayacağım,1,eating_disorder,original
Müshil alıp zayıflayacam,1,eating_disorder,typo+case_variant+future_tense
Müshil alıp zayıflayacam yakında,1,eating_disorder,future_tense+time_modifier
Müshil alıp zayıflayacağım...,1,eating_disorder,case_variant+punctuation
ben müshil alıp zayıflayacam,1,eating_disorder,subject_prefix+future_tense
sanırım müshil alıp zayıflayacam,1,eating_disorder,subject_prefix+future_tense
galiba müshil alıp zayıflayacağım,1,eating_disorder,filler
Mushil alıp zayıflayacağım,1,eating_disorder,typo
yakında müshil alıp zayıflayıcam.,1,eating_disorder,punctuation+future_tense+time_modifier
Müshil alıp zayıflayacağım yarın,1,eating_disorder,time_modifier
Bu akşam müshil alıp zayıflayacağım sanırım,1,eating_disorder,filler+time_modifier+case_variant
Müshil alıp zayıflayacağım bu hafta.,1,eating_disorder,time_modifier+punctuation
Yemekten sonra parmak atıp kusacağım,1,eating_disorder,original
ben de yemekten sonra parmak atıp kusacağım,1,eating_disorder,subject_prefix
yani yemekten Sonra parmak atıp kusacağım,1,eating_disorder,filler+case_variant
artık yemekten sonra parmak atıp kusacağım,1,eating_disorder,synonym_swap+filler
kararımı verdim artık yemekten sonra parmak atıp kusacağım.!,1,eating_disorder,filler+punctuation+subject_prefix
Yemekten sonra parmak atıp kusacağım aslında,1,eating_disorder,filler
bugün ben şimdi yemekten sonra parmak atıp kusacağım kesin,1,eating_disorder,time_modifier+subject_prefix+filler
akşam olunca yemekten sonra parmak atıp kusacagım,1,eating_disorder,typo+time_modifier+synonym_swap
galiba yemekten sonra parmak atıp kusacağım,1,eating_disorder,typo+case_variant+filler
Yemekten sonra parmak atıp kusıcam,1,eating_disorder,synonym_swap+future_tense+typo
valla yemekten sonra parmak atıp kusacağım,1,eating_disorder,synonym_swap+filler
Yemekten sonra parmak atıp kusacağım!,1,eating_disorder,punctuation
Mide kasılana kadar aç kalacağım,1,eating_disorder,original
karar verdim mide kasılana kadar aç kalacağım,1,eating_disorder,subject_prefix
ya mide kasılana kadar aç kalacağım,1,eating_disorder,subject_prefix
bugün ben mide kasılana kadar aç kalacağım,1,eating_disorder,subject_prefix+case_variant
akşam olunca sanırım mide kasılana kadar aç kalacagım,1,eating_disorder,filler+time_modifier+typo
Mide kasılana kadar aç kalıcam...,1,eating_disorder,typo+punctuation+future_tense
Mide kasılana kadar aç kalacağım aslında,1,eating_disorder,filler+case_variant+typo
Sanırım mide kasılana kadar aç kalacağım,1,eating_disorder,filler+case_variant+typo
bu akşam mide kasılana kadar aç kalacağım,1,eating_disorder,time_modifier
Mide kasılana kadar aç kalacağım sanırım,1,eating_disorder,typo+filler
mide kasılana kadar aç kalacağım yarın,1,eating_disorder,time_modifier+case_variant+typo
Mide kasılana kadar aç kalacağım.!,1,eating_disorder,synonym_swap+punctuation
Kemik gözükene kadar zayıflayacağım,1,eating_disorder,original
Kemik gözükene kadar zayıflayacağım sabaha,1,eating_disorder,punctuation+synonym_swap+time_modifier
karar verdim kemik gözükene kadar zayıflayacağım,1,eating_disorder,subject_prefix
Kemik gözükene kadar zayıflayacağım..,1,eating_disorder,punctuation+typo
Kemik gözukene kadar zayıflayacağım,1,eating_disorder,typo
yani kemik gözükene kadar zayıflayacağım,1,eating_disorder,filler
kemik gözükene kadar zayıflayacağım...,1,eating_disorder,synonym_swap+case_variant+punctuation
bugün ben kemik gözükene kadar zayıflayacam.,1,eating_disorder,subject_prefix+punctuation+future_tense
Kemik gözükene kadar zayıflayacağım bugün içinde,1,eating_disorder,time_modifier+synonym_swap
bugün ben kemik gözükene kadar zayıflayacağım,1,eating_disorder,subject_prefix
akşam olunca kemik gözükene kadar zayıflayacağım,1,eating_disorder,time_modifier
sanırım kemik gözükene kadar zayıflayacağım,1,eating_disorder,case_variant+filler
Tek öğün yiyeceğim haftalarca,1,eating_disorder,original
Tek öğün yiyecem haftalarca az sonra,1,eating_disorder,future_tense+time_modifier+synonym_swap
Tek öğün yiyeceğim Haftalarca.,1,eating_disorder,punctuation+case_variant
az sonra tek öğün yiyeceğim haftalarca,1,eating_disorder,time_modifier
Tek öğün yiyicem haftalarca...,1,eating_disorder,punctuation+future_tense
bence tek öğün yiyeceğim haftalarca,1,eating_disorder,subject_prefix
Tek öğün yiyeceğim haftalarca az sonra...,1,eating_disorder,time_modifier+punctuation+typo
Tek öğün yiyeceğim haftalarca akşama,1,eating_disorder,time_modifier
valla tek öğün yiyicem haftalarca,1,eating_disorder,synonym_swap+filler+future_tense
bu gece bence tek öğün yiyeceğim haftalarca,1,eating_disorder,case_variant+subject_prefix+time_modifier
Tek öğün yiyicem haftalarca aslında,1,eating_disorder,synonym_swap+future_tense+filler
Tek öğün Yiyicem haftalarca.!,1,eating_disorder,future_tense+punctuation+case_variant
Sadece sigara ve kahve ile yaşayacağım,1,eating_disorder,original
bu hafta sadece sigara ve kahve ile yaşayacağım valla!,1,eating_disorder,filler+time_modifier+punctuation
ya sadece sigara ve kahve ile yaşayacam...,1,eating_disorder,subject_prefix+punctuation+future_tense
bu akşam sadece sigara ve kahve ile yaşayacağım,1,eating_disorder,time_modifier+synonym_swap
galiba sadece sigara ve kahve ile yaşayacağım,1,eating_disorder,filler
Sadece sigara ve kahve ile yaşayacam,1,eating_disorder,future_tense+synonym_swap
valla sadece sigara ve kahve ile yaşayacağım,1,eating_disorder,filler
Sadece sigara ve kahve ile yaşayacam..,1,eating_disorder,future_tense+punctuation
kesin olarak sadece sigara ve kahve ile yaşayacağım,1,eating_disorder,subject_prefix
bugün ben sadece sigara ve kahve ile yaşayacağım,1,eating_disorder,punctuation+subject_prefix
evet yarın sadece sigara ve kahve ile yaşayacağım..,1,eating_disorder,time_modifier+punctuation+subject_prefix
Sadece sigara ve kahve ile yaşayıcam...,1,eating_disorder,future_tense+punctuation
Daha az ekmek yiyip günde 1 öğüne ineceğim 3 ay,1,eating_disorder,original
valla daha az ekmek yiyip günde 1 öğüne ineceğim 3 ay,1,eating_disorder,punctuation+filler
Daha az ekmek yiyip günde 1 öğüne inicem 3 ay...,1,eating_disorder,typo+punctuation+future_tense
evet kesin daha az ekmek yiyip günde 1 öğüne ineceğim 3 ay,1,eating_disorder,filler+subject_prefix
sanırım az sonra daha az ekmek yiyip günde 1 öğüne ineceğim 3 ay,1,eating_disorder,time_modifier+filler+synonym_swap
Daha az ekmek yiyip günde 1 öğüne ineceğim 3 ay bu gece!,1,eating_disorder,time_modifier+punctuation
bugün daha az ekmek yiyip günde 1 öğüne inicem 3 ay!,1,eating_disorder,time_modifier+future_tense+punctuation
karar verdim daha az ekmek yiyip günde 1 öğüne ineceğim 3 ay!,1,eating_disorder,subject_prefix+punctuation
Daha az ekmek yiyip günde 1 öğüne inecem 3 ay,1,eating_disorder,future_tense
Daha az ekmek yiyip günde 1 öğüne ineceğim 3 ay valla,1,eating_disorder,filler
bugün karar verdim daha az ekmek yiyip günde 1 öğüne ineceğim 3 ay,1,eating_disorder,subject_prefix+typo+time_modifier
ben daha az ekmek yiyip günde 1 öğüne ineceğim 3 ay galiba,1,eating_disorder,subject_prefix+filler
Tartı 35 kiloya düşene kadar yemicem,1,eating_disorder,original
artık tartı 35 Kiloya düşene kadar yemicem.,1,eating_disorder,subject_prefix+case_variant+punctuation
Tartı 35 kiloya düşene kadar yemicem.!,1,eating_disorder,punctuation+future_tense
Tartı 35 kiloya düşene kadar yemicem akşama,1,eating_disorder,case_variant+time_modifier
Bence tartı 35 kiloya düşene kadar yemicem,1,eating_disorder,subject_prefix+case_variant
Tartı 35 kiloya düşene kadar yemicem bugün içinde,1,eating_disorder,case_variant+time_modifier
Tartı 35 kiloya düşene kadar yemicem!,1,eating_disorder,punctuation
artık tartı 35 kiloya düşene kadar yemicem,1,eating_disorder,filler+typo
ben de tartı 35 kiloya duşene kadar yemicem yani,1,eating_disorder,typo+subject_prefix+filler
yani tartı 35 kiloya düşene kadar yemicem,1,eating_disorder,filler+future_tense
Tartı 35 kiloya düşene kadar yemicem..,1,eating_disorder,punctuation
sanırım tartı 35 kiloya düşene kadar yemicem,1,eating_disorder,filler
Karbonhidrat görmeyecem sıfır karbonhidrat,1,eating_disorder,original
Karbonhidrat görmeyecem sıfır karbonhidrat...,1,eating_disorder,typo+punctuation
karbonhidrat görmeyecem sıfır karbonhidrat galiba,1,eating_disorder,filler+case_variant
Karbonhidrat görmeyecem sıfır karbonhidrat bu gece,1,eating_disorder,time_modifier+synonym_swap
Karbonhidrat görmeyecem sıfır karbonhidrat kesin,1,eating_disorder,future_tense+filler
şimdi karbonhidrat görmeyecem sıfır karbonhidrat,1,eating_disorder,time_modifier+future_tense
Karbonhidrat görmeyecem sıfır karbonhidrat.!,1,eating_disorder,typo+future_tense+punctuation
sanırım karbonhidrat görmeyecem sıfır karbonhidrat,1,eating_disorder,case_variant+filler
kesin olarak karbonhidrat görmeyecem sıfır karbonhidrat,1,eating_disorder,synonym_swap+subject_prefix+case_variant
ben karbonhidrat görmeyecem sıfır karbonhidrat..,1,eating_disorder,punctuation+future_tense+subject_prefix
kararımı verdim karbonhidrat görmeyecem sıfır karbonhidrat yani,1,eating_disorder,synonym_swap+filler+subject_prefix
sanırım bu hafta karbonhidrat görmeyecem sıfır karbonhidrat,1,eating_disorder,case_variant+time_modifier+filler
Yağ tüketimimi sıfırlayıp aç kalacağım,1,eating_disorder,original
bence yağ tüketimimi sıfırlayıp aç kalacağım akşama,1,eating_disorder,time_modifier+subject_prefix
aslında yağ tüketimimi sıfırlayıp aç kalacağım...,1,eating_disorder,punctuation+typo+filler
yağ tüketimimi sıfırlayıp aç kalacağım aslında,1,eating_disorder,case_variant+filler
Yağ tüketimimi sıfırlayıp aç Kalacağım artık,1,eating_disorder,typo+filler+case_variant
Yağ tüketimimi sıfırlayıp aç kalacam,1,eating_disorder,synonym_swap+future_tense
Yağ tüketimimi sıfırlayıp aç kalacağım akşama,1,eating_disorder,time_modifier
ya yağ tüketimimi sıfırlayıp aç kalacağım aslında,1,eating_disorder,filler+synonym_swap+subject_prefix
Yağ tüketimimi sıfırlayıp aç kalacağım.,1,eating_disorder,punctuation+synonym_swap
karar verdim saatler içinde yağ tüketimimi sıfırlayıp aç kalacağım,1,eating_disorder,typo+time_modifier+subject_prefix
Yağ tüketimimi sıfırlayıp aç kalacam akşama,1,eating_disorder,synonym_swap+time_modifier+future_tense
Yağ tüketimimi sıfırlayıp aç kalacağım...,1,eating_disorder,punctuation
Gizli gizli yemek yiyip sonra kusacağım,1,eating_disorder,original
Gizli gizli yemek yiyip sonra kusacam,1,eating_disorder,typo+future_tense+synonym_swap
ben de gizli gizli yemek yiyip sonra kusacağım.,1,eating_disorder,subject_prefix+punctuation
Gizli gizli yemek yiyip sonra kusacağım kesin,1,eating_disorder,synonym_swap+filler
Gizli gizli yemek yiyip sonra kusıcam,1,eating_disorder,future_tense+case_variant
Bence gizli gizli yemek yiyip sonra kusacağım,1,eating_disorder,synonym_swap+subject_prefix+case_variant
Gizli gizli yemek yiyip sonra kusacağım... bu gece,1,eating_disorder,punctuation+typo+time_modifier
Gizli gizli yemek yiyip sonra kusacağım galiba,1,eating_disorder,filler
kararımı verdim sanırım gizli gizli yemek yiyip sonra kusacağım,1,eating_disorder,filler+subject_prefix
artık gizli gizli yemek yiyip sonra kusacağım bugün içinde,1,eating_disorder,time_modifier+subject_prefix
yarın sabah gizli gizli yemek yiyip sonra kusacam,1,eating_disorder,time_modifier+future_tense
bence gizli gizli yemek yiyip sonra kusacam,1,eating_disorder,future_tense+case_variant+subject_prefix
Yemek yedikten 10 dakika sonra parmak atıcam,1,eating_disorder,original
artık yemek yedikten 10 dakika sonra parmak atıcam!,1,eating_disorder,punctuation+filler
bence yemek Yedikten 10 dakika sonra parmak atıcam!,1,eating_disorder,case_variant+punctuation+subject_prefix
kararımı verdim yemek yedikten 10 dakika sonra parmak atıcam akşama,1,eating_disorder,typo+subject_prefix+time_modifier
yani yemek yedikten 10 dakika sonra parmak atıcam,1,eating_disorder,future_tense+typo+filler
Yemek yedikten 10 dakika sonra parmak atıcam...,1,eating_disorder,punctuation+typo
bugün ben kesin yemek yedikten 10 dakika sonra parmak atıcam,1,eating_disorder,typo+filler+subject_prefix
Yemek yedikten 10 dakika sonra parmak atıcam.! az sonra,1,eating_disorder,punctuation+case_variant+time_modifier
Yemek yedikten 10 dakika sonra parmak atıcam yani,1,eating_disorder,filler+synonym_swap
karar verdim yemek yedikten 10 dakika sonra parmak atıcam,1,eating_disorder,subject_prefix+punctuation
Yemek yedikten 10 dakika sonra parmak atıcam.. sanırım bugün içinde,1,eating_disorder,punctuation+filler+time_modifier
yarın yemek yedikten 10 dakika sonra parmak atıcam,1,eating_disorder,time_modifier
Sindirim sistemim kapansın diye susuz kalacağım,1,eating_disorder,original
Sindirim sistemim kapansın diye susuz kalacağım akşama,1,eating_disorder,synonym_swap+punctuation+time_modifier
bence sindirim sistemim kapansın diye susuz kalacağım,1,eating_disorder,typo+subject_prefix
kesin sindirim sistemim kapansın diye susuz kalacağım!,1,eating_disorder,filler+punctuation
yakında bugün ben sindirim sistemim kapansın diye susuz kalacağım,1,eating_disorder,subject_prefix+time_modifier
artık sindirim sistemim kapansın diye susuz kalacağım aslında,1,eating_disorder,filler+subject_prefix
bu hafta sindirim sistemim kapansın diye susuz kalacağım,1,eating_disorder,time_modifier
kararımı verdim az sonra sindirim sistemim kapansın diye susuz kalacağım...,1,eating_disorder,punctuation+time_modifier+subject_prefix
ben sindirim sistemim kapansın diye susuz kalacağım,1,eating_disorder,case_variant+subject_prefix
evet sindirim sistemim kapansın diye susuz kalacağım... bugün içinde,1,eating_disorder,subject_prefix+punctuation+time_modifier
bugün ben artık sindirim sistemim kapansın diye susuz kalacağım,1,eating_disorder,filler+subject_prefix
Sindirim sistemim kapansın diye susuz kalıcam sabaha,1,eating_disorder,synonym_swap+future_tense+time_modifier
Kafam dönene kadar yemicem bayılayım,1,eating_disorder,original
sanırım kafam dönene kadar yemicem bayılayım,1,eating_disorder,typo+filler
Kafam dönene kadar yemicem bayılayım.!,1,eating_disorder,punctuation
gece olunca kafam dönene kadar yemicem bayılayım,1,eating_disorder,time_modifier
kafam dönene kadar yemicem bayılayım!,1,eating_disorder,punctuation+case_variant
kafam dönene kadar yemicem bayılayım.,1,eating_disorder,case_variant+punctuation+typo
bugün ben kafam dönene kadar yemicem bayılayım galiba,1,eating_disorder,typo+subject_prefix+filler
bu akşam evet kafam dönene kadar yemicem bayılayım,1,eating_disorder,subject_prefix+time_modifier
karar verdim kafam dönene kadar yemicem bayılayım,1,eating_disorder,synonym_swap+subject_prefix+case_variant
aslında kafam dönene kadar yemicem bayılayım.,1,eating_disorder,future_tense+punctuation+filler
Kafam donene kadar yemicem bayılayım yarın,1,eating_disorder,typo+time_modifier
akşam olunca kafam dönene kadar yemicem bayılayım,1,eating_disorder,time_modifier
Detoks adı altında 10 gün su ile yaşayacağım,1,eating_disorder,original
artık detoks adı altında 10 gün su ile yaşayacağım,1,eating_disorder,subject_prefix+synonym_swap
bugün detoks adı altında 10 gün su ile yaşayacam,1,eating_disorder,time_modifier+future_tense
Detoks adı altında 10 gün su ile yaşayacağım.!,1,eating_disorder,punctuation
Detoks adı altında 10 gün su ile yaşayacağım bugün içinde,1,eating_disorder,punctuation+time_modifier
Detoks adı altında 10 gün su ile yaşayacam,1,eating_disorder,future_tense
valla detoks adı altında 10 gün su ile yaşayacağım,1,eating_disorder,filler+case_variant
ben de detoks adı altında 10 gün su ile Yaşayacağım...,1,eating_disorder,case_variant+punctuation+subject_prefix
karar verdim detoks adı altında 10 gün su ile yaşayacağım,1,eating_disorder,subject_prefix
Detoks adı altında 10 gün su ile yaşayacağım az sonra artık,1,eating_disorder,time_modifier+filler+synonym_swap
bu akşam detoks adı altında 10 gün su ile yaşayacağım,1,eating_disorder,time_modifier
Akşam olunca detoks adı altında 10 gün su ile yaşayacağım,1,eating_disorder,time_modifier+synonym_swap+case_variant
50 saat uyumadan duracağım,1,sleep_deprivation,original
50 saat uyumadan duracağım yakında,1,sleep_deprivation,time_modifier
gece olunca 50 saat uyumadan duracağım,1,sleep_deprivation,typo+time_modifier
50 saat uyumadan duracam yakında,1,sleep_deprivation,typo+time_modifier+future_tense
kesin olarak valla 50 saat uyumadan duracam,1,sleep_deprivation,future_tense+filler+subject_prefix
50 saat uyumadan duracağım. yakında,1,sleep_deprivation,punctuation+synonym_swap+time_modifier
ben 50 saat uyumadan duracağım,1,sleep_deprivation,subject_prefix
50 saat uyumadan duracağım kesin,1,sleep_deprivation,filler
sanırım 50 saat uyumadan duracağım.,1,sleep_deprivation,filler+punctuation
bu hafta 50 saat uyumadan durıcam yani,1,sleep_deprivation,filler+future_tense+time_modifier
50 saat uyumadan duracağım.!,1,sleep_deprivation,punctuation
50 saat uyumadan durıcam bu gece,1,sleep_deprivation,future_tense+punctuation+time_modifier
3 gün uyumayacağım,1,sleep_deprivation,original
bugün 3 gün uyumayacam,1,sleep_deprivation,future_tense+time_modifier
3 Gün uyanık kalacağım,1,sleep_deprivation,case_variant+synonym_swap
3 gün uyumayacam! aslında,1,sleep_deprivation,punctuation+future_tense+filler
3 gün uyumayacağım...,1,sleep_deprivation,punctuation
bugün 3 gün uyumayacağım,1,sleep_deprivation,case_variant+time_modifier
3 gün gözümü kırpmayacağım,1,sleep_deprivation,punctuation+synonym_swap
3 gün uyumayacağım valla,1,sleep_deprivation,filler+case_variant+typo
yarın 3 gün uyanık kalacam,1,sleep_deprivation,synonym_swap+future_tense+time_modifier
3 gün uyumayacam,1,sleep_deprivation,future_tense
3 gün uyumayacağım az sonra,1,sleep_deprivation,time_modifier+typo
valla 3 gün uyumayacağım! az sonra,1,sleep_deprivation,punctuation+filler+time_modifier
hiç uyumicam bu hafta,1,sleep_deprivation,original
gece olunca hiç uyumicam bu hafta,1,sleep_deprivation,time_modifier
akşam olunca sanırım hiç uyumicam bu hafta,1,sleep_deprivation,future_tense+subject_prefix+time_modifier
hiç uyumicam bu hafta bugün içinde,1,sleep_deprivation,typo+synonym_swap+time_modifier
hiç uyumicam bu hafta yakında,1,sleep_deprivation,synonym_swap+time_modifier+punctuation
hiç uyumicam bu hafta aslında,1,sleep_deprivation,case_variant+typo+filler
hiç uyumicam bu hafta!,1,sleep_deprivation,typo+punctuation
hiç uyumicam bu hafta.!,1,sleep_deprivation,punctuation
evet hiç uyumicam bu hafta bu gece,1,sleep_deprivation,subject_prefix+typo+time_modifier
hiç uyumicam bu hafta...,1,sleep_deprivation,case_variant+punctuation+synonym_swap
hiç uyumicam bu hafta Sanırım,1,sleep_deprivation,filler+case_variant+future_tense
hiç uyumicam bu hafta valla,1,sleep_deprivation,filler
Bütün gece ayakta duracağım,1,sleep_deprivation,original
Bütün gece ayakta duracağım!,1,sleep_deprivation,punctuation+typo
saatler içinde bütün gece ayakta duracağım,1,sleep_deprivation,time_modifier
Bütün gece ayakta duracağım bugün içinde,1,sleep_deprivation,time_modifier
Bütün gece ayakta duracağım.!,1,sleep_deprivation,punctuation+case_variant
bugün ben bütün gece ayakta duracağım sanırım,1,sleep_deprivation,filler+subject_prefix+case_variant
Bütün gece ayakta duracağım galiba,1,sleep_deprivation,case_variant+filler+synonym_swap
Bütün gece ayakta duracağım yarın,1,sleep_deprivation,time_modifier+typo
sanırım bütün gece ayakta duracağım artık,1,sleep_deprivation,filler+synonym_swap+subject_prefix
kesin olarak bütün gece ayakta duracağım sanırım,1,sleep_deprivation,typo+subject_prefix+filler
Bütün gece ayakta duracagım akşama,1,sleep_deprivation,typo+time_modifier+punctuation
artık butun gece ayakta duracağım..,1,sleep_deprivation,filler+punctuation+typo
4 günlük uyku yoksunluğu deneyeceğim,1,sleep_deprivation,original
ben de 4 günlük uyku yoksunluğu deneyeceğim,1,sleep_deprivation,subject_prefix+synonym_swap+typo
artık 4 günlük uyku yoksunluğu deneyecem kesin,1,sleep_deprivation,future_tense+subject_prefix+filler
4 günlük uyku yoksunluğu deneyeceğim bugün içinde,1,sleep_deprivation,time_modifier
sanırım 4 günlük uyku yoksunluğu deneyeceğim,1,sleep_deprivation,filler
4 günlük uyku yoksunluğu deneyeceğim..,1,sleep_deprivation,typo+synonym_swap+punctuation
ben 4 günlük uyku yoksunluğu deneyeceğim,1,sleep_deprivation,case_variant+subject_prefix
4 günlük uyku yoksunluğu deneyicem,1,sleep_deprivation,future_tense+case_variant
4 günlük uyku yoksunluğu deneyeceğim...,1,sleep_deprivation,typo+punctuation
4 günlük uyku yoksunluğu deneyeceğim kesin!,1,sleep_deprivation,synonym_swap+filler+punctuation
4 günlük uyku yoksunluğu deneyeceğim akşama,1,sleep_deprivation,time_modifier
4 günlük uyku yoksunluğu deneyeceğim.!,1,sleep_deprivation,punctuation+synonym_swap+typo
Uyumadan dayanabildiğim kadar duracağım,1,sleep_deprivation,original
Bence uyumadan dayanabildiğim kadar duracağım,1,sleep_deprivation,subject_prefix+typo+case_variant
Uyumadan dayanabildiğim kadar duracağım..,1,sleep_deprivation,punctuation
uyumadan dayanabildiğim kadar duracağım yakında,1,sleep_deprivation,synonym_swap+case_variant+time_modifier
uyumadan dayanabildiğim kadar duracağım.,1,sleep_deprivation,punctuation+case_variant
Uyumadan dayanabildiğim kadar duracağım...,1,sleep_deprivation,punctuation
ben uyumadan dayanabildiğim kadar duracağım,1,sleep_deprivation,case_variant+subject_prefix
Uyumadan dayanabildiğim kadar durıcam,1,sleep_deprivation,future_tense+typo
Uyumadan dayanabildiğim kadar duracağım yarın,1,sleep_deprivation,time_modifier
kararımı verdim uyumadan dayanabildiğim kadar duracağım yani,1,sleep_deprivation,filler+subject_prefix
bence uyumadan Dayanabildiğim kadar duracam,1,sleep_deprivation,case_variant+subject_prefix+future_tense
evet uyumadan dayanabildiğim kadar duracağım akşama,1,sleep_deprivation,time_modifier+synonym_swap+subject_prefix
Bir hafta uyumadan duracağım,1,sleep_deprivation,original
Bir hafta uyumadan Duracağım..,1,sleep_deprivation,synonym_swap+case_variant+punctuation
Bir hafta uyumadan duracağım galiba,1,sleep_deprivation,filler+synonym_swap
Bir hafta uyumadan duracam,1,sleep_deprivation,future_tense+synonym_swap
karar verdim bir hafta uyumadan duracağım.!,1,sleep_deprivation,punctuation+subject_prefix
kararımı verdim bir hafta uyumadan duracam aslında,1,sleep_deprivation,filler+future_tense+subject_prefix
bir hafta uyumadan durıcam,1,sleep_deprivation,future_tense+typo+case_variant
Bir hafta uyumadan duracagım..,1,sleep_deprivation,typo+punctuation
valla bir hafta uyumadan duracam,1,sleep_deprivation,filler+synonym_swap+future_tense
Bir hafta uyumadan duracağım az sonra,1,sleep_deprivation,time_modifier
aslında bir hafta uyumadan duracağım,1,sleep_deprivation,filler+typo
akşam olunca bir hafta uyumadan duracağım sanırım,1,sleep_deprivation,filler+time_modifier+typo
Bayılana kadar uyumayacağım,1,sleep_deprivation,original
saatler içinde bayılana kadar uyumayacağım sanırım,1,sleep_deprivation,time_modifier+filler
yarın bayılana kadar uyanık kalacağım,1,sleep_deprivation,punctuation+synonym_swap+time_modifier
ben bayılana kadar uyumayacağım!,1,sleep_deprivation,punctuation+subject_prefix+typo
Bayılana kadar uyanık kalacağım sanırım,1,sleep_deprivation,punctuation+synonym_swap+filler
şimdi bayılana kadar uyumayacağım galiba,1,sleep_deprivation,time_modifier+typo+filler
ya gece olunca bayılana kadar uyumayacağım,1,sleep_deprivation,time_modifier+subject_prefix
artık bayılana kadar uyumayacağım yakında..,1,sleep_deprivation,time_modifier+subject_prefix+punctuation
Bayılana kadar uyumayacağım.!,1,sleep_deprivation,punctuation
Bayılana kadar uyumayacam!,1,sleep_deprivation,punctuation+future_tense
ben bayılana kadar uyumayacağım,1,sleep_deprivation,case_variant+subject_prefix
artık bayılana kadar uyumayacağım,1,sleep_deprivation,filler
Uyku haplarını fazla alacağım,1,sleep_deprivation,original
aslında uyku haplarını fazla alacam,1,sleep_deprivation,typo+future_tense+filler
galiba uyku haplarını fazla alacağım,1,sleep_deprivation,filler
uyku haplarını fazla alacağım kesin,1,sleep_deprivation,case_variant+filler
Bence uyku haplarını fazla alacağım,1,sleep_deprivation,subject_prefix+case_variant
bence uyku haplarını fazla alacam,1,sleep_deprivation,subject_prefix+future_tense
aslında uyku haplarını fazla edineceğim,1,sleep_deprivation,typo+synonym_swap+filler
Uyku haplarını fazla alacağım valla bu hafta,1,sleep_deprivation,filler+time_modifier
evet uyku haplarını fazla alacağım,1,sleep_deprivation,subject_prefix
artık uyku haplarını fazla edinicem,1,sleep_deprivation,synonym_swap+subject_prefix+future_tense
Uyku haplarını fazla edineceğim,1,sleep_deprivation,synonym_swap
Uyku haplarını fazla alacağım artık,1,sleep_deprivation,filler
Gözlerim kapanana kadar uyumamaya çalışacağım,1,sleep_deprivation,original
Gözlerim kapanana kadar uyumamaya çalışacağım galiba,1,sleep_deprivation,case_variant+filler
karar verdim gözlerim kapanana kadar uyumamaya çalışacağım galiba,1,sleep_deprivation,synonym_swap+subject_prefix+filler
Gözlerim kapanana kadar uyumamaya çalışacam,1,sleep_deprivation,future_tense
ben galiba gözlerim kapanana kadar uyumamaya çalışacağım,1,sleep_deprivation,typo+filler+subject_prefix
kararımı verdim gözlerim kapanana kadar uyumamaya çalışacağım artık,1,sleep_deprivation,subject_prefix+typo+filler
gözlerim kapanana kadar uyumamaya çalışacağım valla,1,sleep_deprivation,filler+typo+case_variant
sanırım gözlerim kapanana kadar uyumamaya çalışacam sabaha,1,sleep_deprivation,time_modifier+future_tense+filler
yani ben de gözlerim kapanana kadar uyumamaya çalışacağım akşama,1,sleep_deprivation,subject_prefix+filler+time_modifier
Gözlerim kapanana kadar uyumamaya çalışacağım.!,1,sleep_deprivation,punctuation
bugün ben gözlerim kapanana kadar uyumamaya çalışacağım,1,sleep_deprivation,case_variant+subject_prefix
Gözlerim kapanana kadar uyumamaya calışacağım bugün icinde.!,1,sleep_deprivation,time_modifier+typo+punctuation
5 günlük yaşam deneyi uyku yok,1,sleep_deprivation,original
artık 5 günlük yaşam deneyi uyku yok,1,sleep_deprivation,subject_prefix+future_tense
bu Hafta 5 günlük yaşam deneyi uyku yok...,1,sleep_deprivation,time_modifier+punctuation+case_variant
ben 5 günlük yaşam deneyi uyku yok,1,sleep_deprivation,subject_prefix
ya 5 günlük yaşam deneyi uyku yok,1,sleep_deprivation,subject_prefix
yarın sabah 5 günlük yaşam deneyi uyku yok,1,sleep_deprivation,future_tense+time_modifier
kesin 5 günlük yaşam deneyi uyku yok,1,sleep_deprivation,filler+synonym_swap
5 günlük yaşam deneyi uyku yok artık,1,sleep_deprivation,filler
5 günlük yaşam deneyi uyku yok...,1,sleep_deprivation,punctuation+future_tense+synonym_swap
sanırım 5 günlük yaşam deneyi uyku yok,1,sleep_deprivation,subject_prefix+future_tense
galiba 5 günlük yaşam deneyi Uyku yok,1,sleep_deprivation,typo+filler+case_variant
5 günlük yaşam deneyi uyku yok bu hafta,1,sleep_deprivation,time_modifier+case_variant
Sabaha kadar uyanık kalıp ders çalışmak yerine acı duyacağım,1,sleep_deprivation,original
sanırım sabaha kadar uyanık kalıp ders çalışmak yerine acı duyıcam.,1,sleep_deprivation,filler+punctuation+future_tense
bu gece sabaha kadar uyanık kalıp ders çalışmak yerine acı duyacağım,1,sleep_deprivation,time_modifier+punctuation+case_variant
ya sabaha kadar uyanık kalıp ders çalışmak yerine acı duyacağım,1,sleep_deprivation,subject_prefix+case_variant+synonym_swap
sabaha kadar uyanık kalıp ders çalışmak yerine acı duyacağım sabaha,1,sleep_deprivation,case_variant+time_modifier
Sabaha kadar uyanık kalıp ders çalışmak yerine acı duyacağım.. bu hafta,1,sleep_deprivation,typo+punctuation+time_modifier
kararımı verdim sabaha kadar uyanık kalıp ders çalışmak yerine acı duyacağım,1,sleep_deprivation,subject_prefix
Sabaha kadar uyanık kalıp ders çalışmak yerine acı duyacağım aslında,1,sleep_deprivation,filler
yakında sabaha kadar uyanık kalıp ders çalışmak yerine acı duyacam,1,sleep_deprivation,future_tense+time_modifier
şimdi sabaha kadar uyanık kalıp ders çalışmak yerine acı duyıcam,1,sleep_deprivation,time_modifier+future_tense+synonym_swap
Sabaha kadar uyanık kalıp ders çalışmak yerine acı duyacağım sanırım,1,sleep_deprivation,filler
bugün ben sabaha kadar uyanık kalıp ders çalışmak yerine acı duyacağım,1,sleep_deprivation,subject_prefix
Gözlerim açık kalacak şekilde gece duracağım,1,sleep_deprivation,original
Gözlerim açık kalacak şekilde gece duracam,1,sleep_deprivation,future_tense+typo
Gözlerim açık kalacak şekilde gece duracağım..,1,sleep_deprivation,punctuation
artık gözlerim açık kalacak şekilde gece Duracağım,1,sleep_deprivation,filler+case_variant+typo
Gözlerim açık kalacak şekilde gece durıcam yani,1,sleep_deprivation,filler+future_tense+synonym_swap
kesin yarın sabah gözlerim açık kalacak şekilde gece durıcam,1,sleep_deprivation,future_tense+time_modifier+filler
bu hafta gözlerim açık kalacak şekilde gece duracağım yani,1,sleep_deprivation,time_modifier+filler
şimdi gözlerim açık kalacak şekilde gece duracağım,1,sleep_deprivation,time_modifier+synonym_swap
az sonra gözlerim açık kalacak şekilde gece duracağım...,1,sleep_deprivation,punctuation+time_modifier+typo
Gözlerim açık kalacak sekilde gece durıcam valla,1,sleep_deprivation,typo+filler+future_tense
Gözlerim açık kalacak şekilde gece durıcam,1,sleep_deprivation,synonym_swap+typo+future_tense
sanırım gözlerim açık kalacak şekilde gece duracağım,1,sleep_deprivation,subject_prefix
Uyku hapı içip dönmeyecek kadar uyuyacağım,1,sleep_deprivation,original
Uyku hapı içip dönmeyecek kadar uyuyacağım.. sanırım,1,sleep_deprivation,typo+punctuation+filler
akşam olunca uyku hapı içip dönmeyecek kadar uyuyacağım,1,sleep_deprivation,time_modifier+typo
Uyku hapı içip dönmeyecek kadar uyuyıcam,1,sleep_deprivation,synonym_swap+typo+future_tense
galiba uyku hapı içip dönmeyecek kadar uyuyacağım,1,sleep_deprivation,filler
Uyku hapı içip dönmeyecek kadar uyuyacağım.!,1,sleep_deprivation,punctuation+typo+case_variant
yarın sabah uyku hapı içip dönmeyecek kadar uyuyıcam,1,sleep_deprivation,time_modifier+future_tense
kararımı verdim uyku hapı içip dönmeyecek kadar uyuyacağım...,1,sleep_deprivation,punctuation+synonym_swap+subject_prefix
Uyku hapı içip dönmeyecek kadar uyuyacağım valla az sonra,1,sleep_deprivation,filler+time_modifier+typo
Uyku hapı içip dönmeyecek kadar uyuyacam,1,sleep_deprivation,future_tense+typo
Uyku hapı içip dönmeyecek kadar Uyuyacağım...,1,sleep_deprivation,case_variant+punctuation+synonym_swap
ben de uyku hapı içip dönmeyecek kadar uyuyacağım.,1,sleep_deprivation,subject_prefix+typo+punctuation
Yüksek bir binadan atlayacağım,1,risky_dare,original
Yüksek bir binadan atlayıcam galiba,1,risky_dare,filler+future_tense
Yüksek bir binadan zıplayacağım,1,risky_dare,punctuation+synonym_swap
Yüksek bir binadan zıplayacağım yakında,1,risky_dare,typo+time_modifier+synonym_swap
Yüksek bir binadan atlayacam bugün içinde,1,risky_dare,time_modifier+future_tense+synonym_swap
artık kararımı verdim yüksek bir binadan atlayacağım sabaha,1,risky_dare,subject_prefix+filler+time_modifier
artık yüksek bir binadan atlayacağım,1,risky_dare,subject_prefix
ben yüksek bir binadan kendimi bırakacağım,1,risky_dare,synonym_swap+subject_prefix+typo
Yüksek bir binadan atlayıcam,1,risky_dare,future_tense+typo+synonym_swap
Yüksek bir binadan atlayacağım...,1,risky_dare,punctuation
yakında bugün ben yüksek bir binadan atlayacağım,1,risky_dare,typo+subject_prefix+time_modifier
yani yüksek bir binadan atlayacağım,1,risky_dare,filler
Köprüden atlayacağım,1,risky_dare,original
sanırım köprüden atlayacağım,1,risky_dare,case_variant+subject_prefix
kararımı verdim yani köpruden atlayacağım,1,risky_dare,filler+typo+subject_prefix
evet köprüden atlayacağım.,1,risky_dare,punctuation+subject_prefix
Köprüden atlayacağım.,1,risky_dare,punctuation
Köprüden atlayıcam,1,risky_dare,future_tense+synonym_swap
Valla köprüden zıplayacağım,1,risky_dare,filler+case_variant+synonym_swap
kararımı verdim köprüden atlayacağım,1,risky_dare,subject_prefix
Köprüden zıplayacağım,1,risky_dare,synonym_swap
Köprüden atlayıcam galiba,1,risky_dare,future_tense+filler
evet köprüden atlayacağım,1,risky_dare,subject_prefix
Köprüden atlayacağım artık yarın,1,risky_dare,filler+time_modifier
Çatıdan aşağı bakıp atlayacağım,1,risky_dare,original
sanırım çatıdan aşağı bakıp atlayacağım,1,risky_dare,subject_prefix+typo
bugün ben çatıdan aşağı bakıp atlayacağım,1,risky_dare,subject_prefix+case_variant
galiba kararımı verdim çatıdan aşagı bakıp atlayacağım,1,risky_dare,typo+subject_prefix+filler
Çatıdan aşağı bakıp atlayıcam,1,risky_dare,future_tense
Çatıdan aşağı bakıp atlayacam,1,risky_dare,future_tense
ben artik çatıdan aşağı bakıp atlayacağım,1,risky_dare,filler+subject_prefix+typo
bugün ben çatıdan aşağı bakıp atlayacağım sanırım,1,risky_dare,filler+subject_prefix+typo
yarın sabah yani çatıdan aşağı Bakıp atlayacağım,1,risky_dare,filler+case_variant+time_modifier
ben çatıdan aşağı bakıp atlayacağım artık,1,risky_dare,filler+subject_prefix
Çatıdan aşağı bakıp atlayacağım.,1,risky_dare,case_variant+punctuation
Çatıdan aşağı bakıp atlayacağım!,1,risky_dare,punctuation
Trenin önünden geçeceğim son anda,1,risky_dare,original
akşam olunca evet trenin önünden geçeceğim son anda,1,risky_dare,subject_prefix+time_modifier
Trenin önünden geçecem son anda sanırım,1,risky_dare,future_tense+synonym_swap+filler
bu akşam kararımı verdim trenin önünden geçeceğim son anda,1,risky_dare,subject_prefix+time_modifier
trenin önünden geçeceğim son anda.!,1,risky_dare,punctuation+case_variant
Trenin önünden geçecem son anda yani,1,risky_dare,filler+future_tense+typo
yani trenin önünden geçeceğim son anda!,1,risky_dare,filler+punctuation
evet trenin önünden geçecem son anda,1,risky_dare,subject_prefix+future_tense+typo
Trenin önünden geçeceğim son anda. yakında,1,risky_dare,punctuation+time_modifier+typo
bugün ben trenin önünden Geçeceğim son anda,1,risky_dare,subject_prefix+case_variant
ben de trenin önünden geçecem son anda,1,risky_dare,punctuation+subject_prefix+future_tense
bence yani trenin önünden geçicem son anda,1,risky_dare,filler+future_tense+subject_prefix
Trafiğin ortasından koşarak geçeceğim,1,risky_dare,original
trafiğin ortasından koşarak geçeceğim..,1,risky_dare,case_variant+punctuation
Trafiğin ortasindan koşarak geçeceğim,1,risky_dare,typo
Trafiğin ortasından koşarak geçicem.,1,risky_dare,synonym_swap+punctuation+future_tense
aslında trafiğin ortasından koşarak geçeceğim.!,1,risky_dare,filler+punctuation+synonym_swap
aslında trafiğin ortasından koşarak geçeceğim,1,risky_dare,filler+synonym_swap
Trafiğin Ortasından koşarak geçeceğim bugün içinde,1,risky_dare,case_variant+time_modifier
Trafiğin ortasından koşarak geçeceğim artık,1,risky_dare,filler+case_variant
Trafiğin ortasından koşarak geçicem galiba,1,risky_dare,filler+future_tense
Trafiğin ortasından koşarak geçecem,1,risky_dare,future_tense
Trafiğin ortasından koşarak geçicem az sonra,1,risky_dare,future_tense+typo+time_modifier
Trafigin ortasından koşarak geçecegim...,1,risky_dare,typo+future_tense+punctuation
otobanda yürüyecem,1,risky_dare,original
az sonra otobanda yürüyecem...,1,risky_dare,punctuation+synonym_swap+time_modifier
galiba sanırım otobanda yürüyecem bu gece,1,risky_dare,subject_prefix+time_modifier+filler
otobanda yürüyecem.!,1,risky_dare,case_variant+typo+punctuation
artık otobanda yürüyecem,1,risky_dare,subject_prefix+synonym_swap
otobanda yürüyecem akşama,1,risky_dare,time_modifier
ya otobanda yürüyecem az sonra,1,risky_dare,synonym_swap+time_modifier+subject_prefix
karar verdim otobanda yürüyecem sabaha,1,risky_dare,subject_prefix+time_modifier
sanırım otobanda yurüyecem,1,risky_dare,filler+typo+synonym_swap
artık yani otobanda yürüyecem,1,risky_dare,synonym_swap+filler+subject_prefix
bu hafta evet otobanda yürüyecem,1,risky_dare,case_variant+subject_prefix+time_modifier
ben otobanda yürüyecem.!,1,risky_dare,punctuation+subject_prefix+typo
Yüksek voltajlı kabloya dokunacağım,1,risky_dare,original
artık yüksek voltajlı kabloya dokunacağım,1,risky_dare,subject_prefix+punctuation
valla yüksek voltajlı kabloya dokunacağım,1,risky_dare,filler+case_variant
sanırım yüksek voltajlı kabloya dokunacağım,1,risky_dare,typo+synonym_swap+subject_prefix
Yüksek Voltajlı kabloya dokunacağım bu hafta,1,risky_dare,synonym_swap+case_variant+time_modifier
kesin olarak yüksek voltajlı kabloya dokunacam,1,risky_dare,future_tense+subject_prefix+typo
Yüksek voltajlı kabloya dokunacağım.,1,risky_dare,punctuation
sanırım yüksek voltajlı kabloya dokunacağım.,1,risky_dare,filler+case_variant+punctuation
Yüksek voltajlı kabloya dokunacağım sabaha,1,risky_dare,time_modifier
Yüksek voltajlı kabloya dokunacağım.!,1,risky_dare,synonym_swap+punctuation
Yüksek voltajlı kabloya dokunacam,1,risky_dare,future_tense
Yüksek Voltajlı kabloya dokunıcam,1,risky_dare,case_variant+future_tense
Elektrik direğine tırmanacağım,1,risky_dare,original
Elektrik direğine tırmanacam,1,risky_dare,future_tense
şimdi elektrik direğine tırmanacağım,1,risky_dare,time_modifier+synonym_swap
sanırım elektrik direğine tırmanacağım,1,risky_dare,filler
elektrik direğine tırmanacağım...,1,risky_dare,punctuation+case_variant
elektrik direğine tırmanacağım..,1,risky_dare,case_variant+punctuation+typo
bugün ben elektrik direğine tırmanacağım,1,risky_dare,case_variant+subject_prefix+synonym_swap
sanırım bugün ben elektrik diregine tırmanacagım,1,risky_dare,subject_prefix+filler+typo
Elektrik direğine tırmanacağım.!,1,risky_dare,synonym_swap+punctuation
bence elektrik direğine tırmanacağım bugün içinde,1,risky_dare,time_modifier+subject_prefix
Elektrik direğine tırmanıcam,1,risky_dare,synonym_swap+future_tense
Elektrik diregine tırmanacagım,1,risky_dare,typo
Donmuş gölün üzerinde yürüyeceğim,1,risky_dare,original
ben donmuş gölün üzerinde yürüyicem,1,risky_dare,subject_prefix+future_tense
ben yarın donmuş gölün üzerinde yürüyeceğim,1,risky_dare,time_modifier+subject_prefix
Donmuş gölün üzerinde yürüyecem artık,1,risky_dare,filler+synonym_swap+future_tense
donmuş gölun üzerinde yürüyecem,1,risky_dare,typo+future_tense+case_variant
Donmuş gölün üzerinde yürüyecegim...,1,risky_dare,typo+punctuation
az sonra donmuş gölün üzerinde yürüyeceğim,1,risky_dare,time_modifier+case_variant+typo
Donmuş gölün üzerinde yürüyeceğim yani!,1,risky_dare,filler+punctuation
evet donmuş gölün üzerinde yürüyeceğim,1,risky_dare,typo+subject_prefix+synonym_swap
Donmuş gölün üzerinde yürüyeceğim az sonra,1,risky_dare,time_modifier
artık donmuş gölün üzerinde yürüyeceğim...,1,risky_dare,subject_prefix+punctuation
Donmuş gölün üzerinde yürüyeceğim...,1,risky_dare,punctuation
Derin sularda yüzme bilmeden gireceğim,1,risky_dare,original
Derin sularda yüzme bilmeden girecem,1,risky_dare,future_tense+synonym_swap
Derin sularda yüzme bilmeden girecem bugün içinde,1,risky_dare,future_tense+case_variant+time_modifier
sanırım derin sularda yüzme bilmeden gireceğim,1,risky_dare,synonym_swap+filler+typo
Derin sularda yüzme bilmeden giricem,1,risky_dare,future_tense+synonym_swap
bugün ben derin sularda yuzme bilmeden gireceğim,1,risky_dare,typo+synonym_swap+subject_prefix
ben de derin sularda yüzme bilmeden giricem,1,risky_dare,future_tense+subject_prefix
ben derin sularda yüzme bilmeden gireceğim,1,risky_dare,subject_prefix
artık şimdi derin sularda yüzme bilmeden giricem,1,risky_dare,future_tense+time_modifier+subject_prefix
yani derin sularda yüzme bilmeden gireceğim,1,risky_dare,filler+synonym_swap
Derin sularda yüzme bilmeden giricem yani,1,risky_dare,synonym_swap+future_tense+filler
bugün ben derin sularda yüzme bilmeden gireceğim,1,risky_dare,subject_prefix+typo+synonym_swap
Vahşi hayvana yaklaşacağım,1,risky_dare,original
saatler içinde aslında vahşi hayvana yaklaşacağım,1,risky_dare,filler+punctuation+time_modifier
bence vahşi hayvana yaklaşacağım,1,risky_dare,subject_prefix
kesin olarak vahşi hayvana yaklaşacağım,1,risky_dare,punctuation+subject_prefix
Vahşi hayvana yaklaşacağım..,1,risky_dare,punctuation
Vahşi hayvana yaklaşacam!,1,risky_dare,future_tense+case_variant+punctuation
Vahşi hayvana yaklaşacağım!,1,risky_dare,typo+punctuation
artık bu gece vahşi hayvana yaklaşacağım yani,1,risky_dare,filler+time_modifier+subject_prefix
Vahşi hayvana yaklaşacam artık,1,risky_dare,future_tense+filler+typo
vahşi hayvana yaklaşacağım valla az sonra,1,risky_dare,case_variant+filler+time_modifier
Vahşi hayvana yaklaşacağım sanırım,1,risky_dare,filler
Vahşi hayvana yaklaşacağım valla,1,risky_dare,typo+filler
50 katlı bina çatısında selfie çekeceğim,1,risky_dare,original
yakında 50 katlı bina çatısında selfie çekeceğim yani,1,risky_dare,typo+time_modifier+filler
kararımı verdim 50 katlı bina çatısında selfie çekeceğim,1,risky_dare,subject_prefix
50 katlı bina çatısında selfie çekecem,1,risky_dare,future_tense
50 katlı bina çatısında selfie çekeceğim.!,1,risky_dare,punctuation+case_variant+typo
evet 50 katlı bina çatısında selfie çekeceğim,1,risky_dare,subject_prefix
artık 50 katlı bina çatısında selfie çekeceğim,1,risky_dare,subject_prefix
kesin 50 katlı bina çatısında selfie çekeceğim!,1,risky_dare,filler+punctuation
sanırım 50 katlı bina çatısında selfie çekeceğim,1,risky_dare,synonym_swap+filler
50 katlı bina çatısında selfie çekeceğim kesin,1,risky_dare,filler
ben 50 Katlı bina çatısında selfie çekeceğim,1,risky_dare,case_variant+subject_prefix
evet 50 katlı bina çatısında selfie çekeceğim artık,1,risky_dare,subject_prefix+filler+case_variant
Pencereden sarkacağım,1,risky_dare,original
galiba pencereden sarkacağım,1,risky_dare,filler
Pencereden sarkacağım bu gece,1,risky_dare,time_modifier
ben de pencereden sarkacağım.!,1,risky_dare,subject_prefix+synonym_swap+punctuation
kesin olarak pencereden sarkıcam sabaha,1,risky_dare,time_modifier+subject_prefix+future_tense
Pencereden sarkacağım yarın,1,risky_dare,time_modifier+typo
sanırım ben de pencereden sarkacağım.!,1,risky_dare,subject_prefix+punctuation+filler
sanırım pencereden sarkacağım,1,risky_dare,filler+synonym_swap+case_variant
evet bu akşam pencereden sarkacağım,1,risky_dare,time_modifier+subject_prefix
artık pencereden sarkacam,1,risky_dare,future_tense+subject_prefix
Pencereden sarkacağım.!,1,risky_dare,punctuation
Pencereden sarkacam galiba,1,risky_dare,filler+future_tense
yüksek yerlerden kendimi atıcam,1,risky_dare,original
yani yüksek yerlerden kendimi atıcam,1,risky_dare,filler+case_variant
yakında yüksek yerlerden kendimi atıcam,1,risky_dare,time_modifier
kararımı verdim yüksek yerlerden kendimi atıcam,1,risky_dare,case_variant+subject_prefix
yüksek yerlerden kendimi atıcam valla,1,risky_dare,filler
yarın sabah yüksek yerlerden kendimi atıcam,1,risky_dare,future_tense+time_modifier
kesin yüksek yerlerden kendimi atıcam,1,risky_dare,case_variant+filler
artık gece olunca yüksek yerlerden kendimi atıcam..,1,risky_dare,time_modifier+punctuation+filler
ben yüksek yerlerden kendimi atıcam,1,risky_dare,typo+subject_prefix+future_tense
ben de yüksek yerlerden kendimi atıcam,1,risky_dare,subject_prefix
yüksek yerlerden kendimi atıcam bu gece,1,risky_dare,punctuation+time_modifier
galiba bugün yüksek yerlerden kendimi atıcam,1,risky_dare,time_modifier+filler
Yola çıkıp arabaların önüne yatacağım,1,risky_dare,original
Yola çıkıp arabaların önüne yatıcam sanırım,1,risky_dare,future_tense+filler
kesin olarak yola çıkıp arabaların önüne yatacağım yani,1,risky_dare,case_variant+filler+subject_prefix
Yola çıkıp arabaların önüne yatıcam,1,risky_dare,future_tense
Yola çıkıp arabaların önüne yatacam,1,risky_dare,future_tense+typo
Yola çıkıp arabaların önüne yatacağım kesin,1,risky_dare,filler
Yola çıkıp arabaların önüne yatacagım,1,risky_dare,synonym_swap+typo
gece olunca yola çıkıp arabaların önüne yatacağım,1,risky_dare,time_modifier
Yola çıkıp arabaların önüne yatacam kesin,1,risky_dare,typo+filler+future_tense
az sonra yola çıkıp arabaların önüne yatacağım,1,risky_dare,time_modifier
Yola çıkıp arabaların önüne yatacağım..,1,risky_dare,punctuation
bence yola çıkıp arabalarin önüne yatacağim,1,risky_dare,typo+synonym_swap+subject_prefix
Tehlikeli oyun oynayacağım,1,risky_dare,original
karar verdim tehlikeli oyun oynayacağım yakında,1,risky_dare,subject_prefix+time_modifier
Tehlikeli oyun oynayacam bu gece,1,risky_dare,future_tense+typo+time_modifier
kesin olarak tehlikeli oyun oynayacağım,1,risky_dare,subject_prefix+synonym_swap
bu akşam tehlikeli oyun oynayacağım.!,1,risky_dare,punctuation+time_modifier
yani tehlikeli oyun oynayacağım...,1,risky_dare,filler+punctuation+synonym_swap
artık ya tehlikeli oyun Oynayacağım,1,risky_dare,subject_prefix+filler+case_variant
aslında tehlikeli oyun oynayacağım.,1,risky_dare,punctuation+filler
aslında şimdi tehlikeli oyun oynayacağım,1,risky_dare,time_modifier+filler
evet tehlikeli oyun oynayıcam,1,risky_dare,future_tense+subject_prefix
yani tehlikeli oyun oynayacağım yakında,1,risky_dare,time_modifier+synonym_swap+filler
sanırım bugün tehlikeli oyun oynayacağım,1,risky_dare,time_modifier+synonym_swap+filler
Mavi balina görevlerini yapacağım,1,risky_dare,original
karar verdim mavi balina görevlerini yapacağım,1,risky_dare,typo+subject_prefix
Mavi balina görevlerini yapıcam valla,1,risky_dare,filler+future_tense+typo
kararımı verdim mavi balina görevlerini yapacağım...,1,risky_dare,synonym_swap+subject_prefix+punctuation
Mavi balina görevlerini yapacağım bu hafta.!,1,risky_dare,time_modifier+punctuation+case_variant
Mavi balina görevlerini yapacağım! bu gece,1,risky_dare,punctuation+time_modifier
Mavi balina görevlerini yapacam,1,risky_dare,future_tense+case_variant
Mavi balina görevlerini yapıcam bu gece,1,risky_dare,time_modifier+typo+future_tense
valla mavi balina görevlerini yapacam bu gece,1,risky_dare,time_modifier+filler+future_tense
Mavi balina görevlerini yapıcam.,1,risky_dare,future_tense+typo+punctuation
Mavi balina görevlerini yapıcam,1,risky_dare,synonym_swap+future_tense+typo
Mavi balina görevlerini yapacağım yakında.!,1,risky_dare,time_modifier+synonym_swap+punctuation
51 günlük tehlikeli oyun başlıyor,1,risky_dare,original
kesin 51 günlük tehlikeli oyun başlıyor...,1,risky_dare,punctuation+filler
bugün ben 51 günlük tehlikeli oyun başlıyor,1,risky_dare,subject_prefix
bu akşam ben de 51 günlük tehlikeli oyun başlıyor,1,risky_dare,subject_prefix+time_modifier+future_tense
kesin olarak valla 51 günlük tehlikeli oyun başlıyor,1,risky_dare,typo+filler+subject_prefix
51 günlük tehlikeli oyun başlıyor sabaha...,1,risky_dare,time_modifier+punctuation
karar verdim 51 günlük tehlikeli oyun başlıyor!,1,risky_dare,synonym_swap+subject_prefix+punctuation
51 günlük tehlikeli oyun başlıyor akşama..,1,risky_dare,time_modifier+punctuation+case_variant
ya 51 günlük tehlikeli oyun başlıyor,1,risky_dare,subject_prefix+punctuation+synonym_swap
51 günlük tehlikeli oyun başlıyor kesin,1,risky_dare,filler
51 günlük tehlikeli oyun başlıyor. bu hafta,1,risky_dare,punctuation+typo+time_modifier
kesin olarak 51 Günlük tehlikeli oyun başlıyor,1,risky_dare,case_variant+subject_prefix
Korkuyu yenmek için intihar simülasyonu yapacağım,1,risky_dare,original
Korkuyu yenmek için intihar simülasyonu yapacagım,1,risky_dare,typo+case_variant
Korkuyu yenmek için intihar simülasyonu yapıcam,1,risky_dare,future_tense
Korkuyu yenmek için intihar Simülasyonu yapacam,1,risky_dare,future_tense+case_variant
Korkuyu yenmek için intihar simülasyonu yapıcam sanırım,1,risky_dare,filler+future_tense
Korkuyu yenmek için intihar simülasyonu yapıcam.,1,risky_dare,future_tense+typo+punctuation
artık korkuyu yenmek için Intihar simülasyonu yapacağım,1,risky_dare,filler+case_variant
ben korkuyu yenmek için intihar simülasyonu yapacağım,1,risky_dare,subject_prefix
bugün korkuyu yenmek için intihar simülasyonu yapacağım,1,risky_dare,case_variant+synonym_swap+time_modifier
karar verdim korkuyu yenmek için intihar simülasyonu yapacağım! galiba,1,risky_dare,punctuation+subject_prefix+filler
kesin korkuyu yenmek için intihar simülasyonu yapacağım,1,risky_dare,filler
Korkuyu yenmek için intihar simülasyonu yapacağım aslında,1,risky_dare,filler+typo
Boğularak nefes tutma yapacağım,1,risky_dare,original
ya boğularak nefes tutma yapacağım valla,1,risky_dare,subject_prefix+filler+punctuation
şimdi boğularak nefes tutma yapacağım,1,risky_dare,time_modifier
valla boğularak nefes tutma yapıcam,1,risky_dare,filler+future_tense
Boğularak nefes tutma yapacağım...,1,risky_dare,punctuation
yani boğularak nefes tutma yapacağım,1,risky_dare,filler+typo+synonym_swap
bu gece artık boğularak nefes tutma yapacağım,1,risky_dare,subject_prefix+time_modifier
ben boğularak nefes tutma yapacam,1,risky_dare,future_tense+subject_prefix+synonym_swap
kesin olarak boğularak nefes tutma Yapacağım yakında,1,risky_dare,subject_prefix+case_variant+time_modifier
bugün ben boğularak nefes tutma yapacağım,1,risky_dare,subject_prefix
valla boğularak nefes tutma yapacağım,1,risky_dare,filler
Boğularak nefes tutma yapacağım..,1,risky_dare,punctuation+typo
Kendimi astırma oyunu deneyeceğim,1,risky_dare,original
ben kendimi astırma oyunu deneyeceğim,1,risky_dare,subject_prefix
bugün ben kendimi astırma oyunu deneyicem,1,risky_dare,subject_prefix+future_tense
kesin olarak galiba kendimi astırma oyunu deneyeceğim.!,1,risky_dare,filler+subject_prefix+punctuation
Kendimi astırma oyunu deneyeceğim aslında,1,risky_dare,filler
Kendimi astırma oyunu deneyeceğim..,1,risky_dare,punctuation
Kendimi astırma oyunu deneyeceğim bu gece..,1,risky_dare,time_modifier+punctuation
Kendimi astırma oyunu deneyecem,1,risky_dare,future_tense
Kendimi Astırma oyunu deneyeceğim. artık,1,risky_dare,case_variant+punctuation+filler
artık kendimi astırma oyunu deneyeceğim,1,risky_dare,subject_prefix
şimdi kendimi astırma oyunu deneyecem,1,risky_dare,future_tense+time_modifier
şimdi kendimi Astırma oyunu deneyeceğim...,1,risky_dare,case_variant+punctuation+time_modifier
İlaç karışımı içeceğim,1,risky_dare,original
akşam olunca ilaç karışımı içeceğim,1,risky_dare,time_modifier+synonym_swap+case_variant
İlac karışımı iceceğim sabaha,1,risky_dare,time_modifier+typo+synonym_swap
İlaç karışımı içicem,1,risky_dare,future_tense
ben i̇laç karışımı içeceğim,1,risky_dare,case_variant+subject_prefix
gece olunca ilaç karışımı içeceğim,1,risky_dare,time_modifier+synonym_swap
İlaç karışımı içicem aslında,1,risky_dare,future_tense+filler
İlaç karışımı Içecem,1,risky_dare,punctuation+case_variant+future_tense
karar verdim i̇lac karışımı içeceğim,1,risky_dare,typo+subject_prefix
İlaç karışımı içicem!,1,risky_dare,future_tense+punctuation
bence i̇laç karışımı içeceğim..,1,risky_dare,subject_prefix+punctuation
evet i̇laç karışımı içeceğim bugün içinde!,1,risky_dare,subject_prefix+time_modifier+punctuation
Boğazımı sıkacağım nefes tutmak için,1,risky_dare,original
Boğazımı sıkacağım nefes tutmak için valla..,1,risky_dare,synonym_swap+filler+punctuation
Boğazımı sıkacağım nefes tutmak için..,1,risky_dare,punctuation
Boğazımı sıkıcam nefes tutmak için...,1,risky_dare,future_tense+punctuation+typo
Boğazımı sıkacağım nefes tutmak için.!,1,risky_dare,punctuation
bugün ben boğazımı sıkacağım nefes tutmak için,1,risky_dare,synonym_swap+case_variant+subject_prefix
Boğazımı sıkacağım nefes tutmak için akşama,1,risky_dare,time_modifier
Boğazımı sıkacağım nefes tutmak için valla,1,risky_dare,filler
artık boğazımı sıkacam nefes tutmak için,1,risky_dare,subject_prefix+synonym_swap+future_tense
yani boğazımı sıkacağım nefes tutmak için,1,risky_dare,case_variant+filler
Boğazımı sıkacağım nefes tutmak için!,1,risky_dare,punctuation+typo
Boğazımı sıkıcam nefes tutmak için,1,risky_dare,future_tense+punctuation+case_variant
Yastıkla nefesimi keseceğim,1,risky_dare,original
Yastıkla nefesimi doğrayacağım,1,risky_dare,synonym_swap
kararımı verdim yastıkla nefesimi keseceğim.! kesin,1,risky_dare,punctuation+filler+subject_prefix
Yastıkla nefesimi keseceğim.!,1,risky_dare,punctuation
yarın sabah yastıkla nefesimi kesecem,1,risky_dare,time_modifier+future_tense+punctuation
kararımı verdim yastıkla nefesimi keseceğim,1,risky_dare,case_variant+typo+subject_prefix
bugün ben yastıkla nefesimi keseceğim,1,risky_dare,case_variant+subject_prefix
Yastıkla nefesimi kesicem,1,risky_dare,future_tense+case_variant
Yastıkla nefesimi keseceğim akşama,1,risky_dare,time_modifier
Yastıkla nefesimi keseceğim sabaha,1,risky_dare,time_modifier
Yastıkla nefesimi kesecem,1,risky_dare,typo+future_tense
artık yastıkla nefesimi biçeceğim,1,risky_dare,filler+synonym_swap
Tehlikeli bir maddeyi içeceğim,1,risky_dare,original
Tehlikeli bir maddeyi içicem..,1,risky_dare,synonym_swap+future_tense+punctuation
şimdi tehlikeli bir maddeyi içeceğim.!,1,risky_dare,time_modifier+punctuation
galiba tehlikeli bir maddeyi içeceğim,1,risky_dare,filler+case_variant+typo
Tehlikeli bir maddeyi içecem,1,risky_dare,typo+future_tense
Tehlikeli bir maddeyi içeceğim aslında,1,risky_dare,filler
Tehlikeli bir maddeyi içeceğim.!,1,risky_dare,punctuation
Tehlikeli bir maddeyi içeceğim!,1,risky_dare,typo+case_variant+punctuation
Tehlikeli bir maddeyi içicem,1,risky_dare,future_tense
Tehlikeli bir maddeyi içeceğim kesin,1,risky_dare,filler
kesin olarak tehlikeli bir maddeyi Içeceğim,1,risky_dare,case_variant+typo+subject_prefix
ben tehlikeli bir maddeyi içeceğim,1,risky_dare,case_variant+typo+subject_prefix
Zehir tadacağım,1,risky_dare,original
Zehir tadacağım az sonra,1,risky_dare,typo+time_modifier+synonym_swap
valla bence zehir tadacağım,1,risky_dare,synonym_swap+subject_prefix+filler
Zehir tadıcam,1,risky_dare,future_tense+typo
Zehir tadacağım.,1,risky_dare,punctuation+synonym_swap+case_variant
Zehir tadacağım!,1,risky_dare,typo+punctuation
kesin olarak zehir tadacağım,1,risky_dare,synonym_swap+subject_prefix
yani zehir tadacağım,1,risky_dare,filler
Zehir tadacağım yakında,1,risky_dare,time_modifier+typo
Zehir tadacağım sabaha..,1,risky_dare,time_modifier+punctuation
Zehir tadacam...,1,risky_dare,future_tense+punctuation+typo
Zehir tadacağım..,1,risky_dare,punctuation
Çamaşır suyu içicem,1,risky_dare,original
Çamaşır suyu içicem.. bu gece,1,risky_dare,punctuation+time_modifier+case_variant
Çamaşır suyu içicem akşama,1,risky_dare,time_modifier
yarın sabah bugün ben çamaşir suyu içicem,1,risky_dare,typo+subject_prefix+time_modifier
kararımı verdim çamaşır suyu içicem,1,risky_dare,subject_prefix
bence gece olunca çamaşır suyu içicem,1,risky_dare,time_modifier+subject_prefix
ya çamaşır suyu içicem..,1,risky_dare,punctuation+subject_prefix+typo
ben çamaşır suyu içicem,1,risky_dare,subject_prefix
Çamasır suyu içicem,1,risky_dare,typo
sanırım çamaşır suyu Içicem,1,risky_dare,case_variant+subject_prefix
bu hafta çamaşır suyu içicem sanırım,1,risky_dare,time_modifier+punctuation+filler
Çamaşır suyu içicem yani,1,risky_dare,filler
Benzin yutacağım,1,risky_dare,original
kararımı verdim benzin yutacağım,1,risky_dare,subject_prefix
Benzin yutacağım.!,1,risky_dare,synonym_swap+punctuation+typo
Benzin yutıcam,1,risky_dare,future_tense
karar verdim benzin yutacağım..,1,risky_dare,punctuation+subject_prefix
yakında benzin yutıcam,1,risky_dare,future_tense+time_modifier
Benzin yutacağim,1,risky_dare,case_variant+typo
Benzin yutacam kesin,1,risky_dare,typo+future_tense+filler
karar verdim benzin yutacağım,1,risky_dare,subject_prefix+synonym_swap
kesin olarak benzin yutacağım,1,risky_dare,subject_prefix
ben benzin yutacağım,1,risky_dare,subject_prefix
bugün ben galiba benzin yutacağım,1,risky_dare,filler+subject_prefix+typo
Antifriz içeceğim,1,risky_dare,original
Antifriz içicem,1,risky_dare,future_tense+synonym_swap+punctuation
ben bu gece antifriz içeceğim.,1,risky_dare,time_modifier+subject_prefix+punctuation
karar verdim antifriz iceceğim,1,risky_dare,synonym_swap+subject_prefix+typo
Antifriz içecegim,1,risky_dare,typo
antifriz içeceğim.!,1,risky_dare,synonym_swap+case_variant+punctuation
Kesin olarak antifriz içeceğim,1,risky_dare,subject_prefix+case_variant+synonym_swap
kararımı verdim antifriz içeceğim,1,risky_dare,subject_prefix
Antifriz içecem,1,risky_dare,future_tense+typo
evet antifriz içeceğim,1,risky_dare,subject_prefix
Antifriz içeceğim valla,1,risky_dare,filler
ben antifriz içeceğim,1,risky_dare,subject_prefix+synonym_swap
İlaç dolabındaki bütün hapları içeceğim,1,risky_dare,original
İlaç dolabındaki bütün Hapları içeceğim aslında,1,risky_dare,case_variant+filler
ben i̇laç dolabındaki bütün hapları içeceğim,1,risky_dare,subject_prefix
saatler içinde ilaç dolabındaki bütün hapları içeceğim,1,risky_dare,synonym_swap+time_modifier
bu hafta sanırım ilaç dolabındaki bütün hapları içicem,1,risky_dare,future_tense+filler+time_modifier
İlaç Dolabındaki bütün hapları içeceğim!,1,risky_dare,punctuation+case_variant
İlaç dolabındaki bütün hapları içicem..,1,risky_dare,future_tense+punctuation
kesin olarak i̇laç dolabındaki bütün hapları içeceğim..,1,risky_dare,subject_prefix+punctuation
galiba ya i̇laç dolabındaki bütün hapları içeceğim,1,risky_dare,subject_prefix+filler
evet i̇laç dolabındaki bütün hapları içeceğim galiba!,1,risky_dare,filler+punctuation+subject_prefix
İlaç dolabındaki bütün hapları içecem,1,risky_dare,future_tense+synonym_swap
ya i̇laç dolabındaki bütün hapları içeceğim,1,risky_dare,case_variant+synonym_swap+subject_prefix
yüksek dozda hap alıcam,1,risky_dare,original
karar verdim yüksek dozda hap alıcam,1,risky_dare,subject_prefix
Bu gece yüksek dozda hap alıcam artık,1,risky_dare,filler+time_modifier+case_variant
bugün ben yüksek dozda hap alıcam.!,1,risky_dare,subject_prefix+synonym_swap+punctuation
ben yüksek dozda hap alıcam,1,risky_dare,typo+subject_prefix+future_tense
ben de yüksek dozda hap alıcam,1,risky_dare,typo+future_tense+subject_prefix
az sonra yüksek dozda hap alıcam,1,risky_dare,future_tense+typo+time_modifier
galiba yüksek dozda hap alıcam,1,risky_dare,punctuation+filler
yüksek dozda hap alıcam az sonra,1,risky_dare,synonym_swap+future_tense+time_modifier
yüksek dozda hap alıcam.,1,risky_dare,punctuation
yüksek dozda hap alıcam yarın,1,risky_dare,time_modifier
valla yüksek dozda hap alıcam,1,risky_dare,case_variant+filler+future_tense
Yüksek hızla araba kullanacağım emniyet kemeri olmadan,1,risky_dare,original
valla yüksek hızla araba kullanacağım emniyet kemeri olmadan,1,risky_dare,filler
Yüksek hızla araba kullanacam emniyet kemeri olmadan,1,risky_dare,typo+synonym_swap+future_tense
Yüksek hızla araba kullanacağım emniyet kemeri olmadan... galiba,1,risky_dare,punctuation+filler
sanırım ben de yüksek hızla araba kullanacağım emniyet kemeri olmadan,1,risky_dare,subject_prefix+punctuation+filler
gece olunca yüksek hızla araba kullanacağım emniyet kemeri olmadan,1,risky_dare,time_modifier
Yüksek hızla araba kullanıcam emniyet kemeri olmadan,1,risky_dare,future_tense
bu hafta yüksek hızla araba kullanacağım emniyet kemeri olmadan,1,risky_dare,time_modifier
Yüksek hızla araba kullanıcam emniyet kemeri olmadan yakında,1,risky_dare,future_tense+time_modifier
ben yüksek hızla araba kullanacam emniyet kemeri olmadan,1,risky_dare,subject_prefix+future_tense+typo
Yüksek hızla araba kullanacağım emniyet kemeri olmadan!,1,risky_dare,punctuation+case_variant
Yüksek hızla araba kullanacağım emniyet kemeri olmadan valla.,1,risky_dare,filler+punctuation
Motosikletle 200 km hıza çıkacağım,1,risky_dare,original
ya motosikletle 200 km hıza çıkacağım,1,risky_dare,typo+subject_prefix+case_variant
Motosikletle 200 km hıza çıkacağım.,1,risky_dare,punctuation
yakında motosikletle 200 km hıza çıkacağım,1,risky_dare,time_modifier+synonym_swap
kesin olarak aslında motosikletle 200 km hıza çıkacağım,1,risky_dare,synonym_swap+filler+subject_prefix
aslında gece olunca motosikletle 200 km hıza çıkacağım,1,risky_dare,time_modifier+filler
Motosikletle 200 km hıza çıkacağım galiba,1,risky_dare,typo+filler
Motosikletle 200 km hıza çıkacağım bu gece!,1,risky_dare,time_modifier+punctuation+typo
Motosikletle 200 km hıza çıkacağım az sonra,1,risky_dare,time_modifier+typo
Motosikletle 200 km hıza çıkacağım!,1,risky_dare,punctuation
Motosikletle 200 km hıza Çıkacam artık,1,risky_dare,future_tense+case_variant+filler
Motosikletle 200 km hıza çıkıcam...,1,risky_dare,future_tense+punctuation
Kırmızı ışıkta geçeceğim trafikte,1,risky_dare,original
karar verdim kırmızı ışıkta geçeceğim trafikte,1,risky_dare,case_variant+subject_prefix
yani kırmizı işıkta geçeceğim trafikte yarın,1,risky_dare,typo+time_modifier+filler
Kırmızı ışıkta geçicem trafikte,1,risky_dare,future_tense
artık bugün kırmızı ışıkta geçeceğim Trafikte,1,risky_dare,time_modifier+case_variant+subject_prefix
gece olunca kırmızı ışıkta geçeceğim trafikte,1,risky_dare,time_modifier
Kırmızı ışıkta geçeceğim trafikte bu gece,1,risky_dare,time_modifier+case_variant
evet kırmızı ışıkta geçeceğim trafikte.!,1,risky_dare,synonym_swap+punctuation+subject_prefix
Kırmızı ışıkta geçecem trafikte,1,risky_dare,future_tense
Kırmızı ısıkta geçeceğim trafikte,1,risky_dare,typo
Kırmızı ışıkta geçeceğim trafikte..,1,risky_dare,punctuation
Kırmızı ışıkta geçeceğim trafikte yarın..,1,risky_dare,time_modifier+punctuation
Soğukta donana kadar dışarıda duracağım,1,risky_dare,original
Soğukta donana kadar Dışarıda duracağım galiba,1,risky_dare,case_variant+filler
Soğukta donana kadar dışarıda durıcam valla,1,risky_dare,synonym_swap+filler+future_tense
yarın sabah sanırım soğukta donana kadar dışarıda duracağım,1,risky_dare,filler+typo+time_modifier
Soğukta donana kadar dışarıda durıcam,1,risky_dare,future_tense+typo
ben de soğukta donana kadar dışarıda duracağım,1,risky_dare,subject_prefix
bence soğukta donana kadar dışarıda duracağım sanırım,1,risky_dare,filler+synonym_swap+subject_prefix
artık soğukta donana kadar dışarıda duracağım,1,risky_dare,case_variant+synonym_swap+subject_prefix
galiba soğukta donana kadar dışarıda duracam,1,risky_dare,future_tense+filler
Soğukta donana kadar dışarıda duracağım!,1,risky_dare,punctuation
ya soğukta donana kadar dışarıda duracağım..,1,risky_dare,subject_prefix+punctuation
bugün soğukta donana kadar dışarıda duracağım.,1,risky_dare,time_modifier+punctuation+case_variant
Buzlu suya dalıp uzun süre kalacağım,1,risky_dare,original
sanırım buzlu suya dalıp uzun süre kalacağım,1,risky_dare,subject_prefix
ben de buzlu suya dalıp uzun süre kalacağım,1,risky_dare,case_variant+typo+subject_prefix
Buzlu suya dalıp uzun süre kalıcam,1,risky_dare,punctuation+synonym_swap+future_tense
Buzlu suya dalıp uzun süre kalacağım sabaha,1,risky_dare,typo+time_modifier
valla buzlu suya dalıp uzun süre kalacağım,1,risky_dare,filler
buzlu suya dalıp uzun süre kalacağım..,1,risky_dare,punctuation+case_variant
kararımı verdim buzlu suya dalıp uzun süre kalacağım,1,risky_dare,subject_prefix
yarın sabah buzlu suya dalıp uzun süre kalacağım,1,risky_dare,case_variant+time_modifier
ya buzlu suya dalıp uzun süre kalacağım.!,1,risky_dare,subject_prefix+typo+punctuation
ya buzlu suya dalıp uzun süre kalacagım galiba,1,risky_dare,subject_prefix+filler+typo
kesin buzlu suya dalıp uzun süre kalacağım yakında,1,risky_dare,time_modifier+filler+case_variant
Demiryolu rayında uzanıp duracağım,1,risky_dare,original
Demiryolu rayında uzanıp duracam,1,risky_dare,future_tense+synonym_swap+typo
Demiryolu rayında uzanıp Duracağım!,1,risky_dare,punctuation+case_variant
ben de demiryolu rayında uzanıp duracağım,1,risky_dare,synonym_swap+subject_prefix
valla bugün ben demiryolu rayında uzanıp duracağım bu hafta,1,risky_dare,subject_prefix+filler+time_modifier
ben de demiryolu rayında uzanıp durıcam,1,risky_dare,future_tense+subject_prefix
Demiryolu rayında uzanıp duracağım az sonra yani,1,risky_dare,case_variant+time_modifier+filler
artık demiryolu rayında uzanıp duracam,1,risky_dare,subject_prefix+future_tense
ya demiryolu rayında uzanıp duracağım akşama,1,risky_dare,typo+subject_prefix+time_modifier
yarın sabah demiryolu rayında uzanıp duracağım...,1,risky_dare,punctuation+time_modifier
Demiryolu rayında uzanıp duracagım!,1,risky_dare,typo+future_tense+punctuation
Demiryolu rayında uzanıp durıcam,1,risky_dare,future_tense
İntihar etmek için ipi hazırlayacağım,1,risky_dare,original
ben de i̇ntihar etmek için ipi hazırlayacağım,1,risky_dare,synonym_swap+subject_prefix
ya i̇ntihar etmek için ipi hazırlayacağım,1,risky_dare,subject_prefix+typo+synonym_swap
İntihar etmek için ipi hazırlayıcam,1,risky_dare,future_tense
evet i̇ntihar etmek için ipi hazırlayacağım,1,risky_dare,synonym_swap+subject_prefix
artık intihar etmek için ipi hazırlayacağım sabaha,1,risky_dare,filler+time_modifier
bence i̇ntihar etmek için ipi hazırlayacağım yakında,1,risky_dare,subject_prefix+time_modifier+case_variant
sanırım i̇ntihar etmek için ipi hazırlayacağım,1,risky_dare,subject_prefix+typo
İntihar etmek için ipi hazırlayacağım..,1,risky_dare,punctuation
sanırım intihar etmek için ipi hazırlayacağım,1,risky_dare,filler+synonym_swap+punctuation
ben de az sonra intihar etmek için ipi hazırlayacağım,1,risky_dare,time_modifier+subject_prefix+case_variant
yarın intihar etmek için ipi hazırlayacağım,1,risky_dare,synonym_swap+time_modifier
Tabancayı bulup oyun oynayacağım,1,risky_dare,original
gece olunca tabancayı bulup oyun oynayacağım.. kesin,1,risky_dare,time_modifier+punctuation+filler
valla tabancayı bulup oyun oynayıcam,1,risky_dare,filler+future_tense
ben de tabancayı Bulup oyun oynayacağım yani,1,risky_dare,case_variant+subject_prefix+filler
Tabancayı bulup oyun oynayıcam,1,risky_dare,typo+future_tense
Tabancayı bulup oyun oynayacam,1,risky_dare,future_tense
aslında tabancayı bulup oyun oynayacağım,1,risky_dare,filler
Artık tabancayı bulup oyun oynayacağım,1,risky_dare,subject_prefix+case_variant
şimdi tabancayı bulup oyun oynayacağım,1,risky_dare,synonym_swap+time_modifier
Tabancayı bulup oyun oynayacağım yani bu hafta,1,risky_dare,filler+synonym_swap+time_modifier
Tabancayı bulup oyun oynayacağım...,1,risky_dare,typo+punctuation
karar verdim tabancayı bulup Oyun oynayacağım,1,risky_dare,case_variant+subject_prefix+synonym_swap
Bıçakla rus ruleti oynayacağım,1,risky_dare,original
bence bıçakla rus ruleti oynayacam..,1,risky_dare,punctuation+subject_prefix+future_tense
bu akşam bıçakla rus Ruleti oynayacağım,1,risky_dare,typo+time_modifier+case_variant
Bıçakla rus ruleti oynayıcam,1,risky_dare,case_variant+future_tense
Bıçakla rus ruleti oynayacağım.,1,risky_dare,punctuation
Bıçakla rus ruleti oynayacam... akşama,1,risky_dare,punctuation+time_modifier+future_tense
Bıçakla rus ruleti oynayacam,1,risky_dare,punctuation+future_tense
ben bıçakla rus ruleti oynayacağım,1,risky_dare,case_variant+subject_prefix
Bıçakla rus ruleti oynayacağım galiba,1,risky_dare,typo+filler
Bıçakla rus ruleti oynayıcam sabaha,1,risky_dare,future_tense+time_modifier
Bıçakla rus ruleti oynayacağım az sonra,1,risky_dare,time_modifier
Bıçakla rus ruleti oynayacam!,1,risky_dare,future_tense+punctuation
Korkuyu yenmek için tren raylarında yürüyeceğim,1,risky_dare,original
Korkuyu yenmek için tren raylarında yürüyeceğim bu gece,1,risky_dare,time_modifier
ya korkuyu yenmek için tren raylarında yürüyeceğim kesin,1,risky_dare,subject_prefix+filler
Korkuyu yenmek için tren raylarında yürüyicem... yani,1,risky_dare,future_tense+punctuation+filler
Korkuyu yenmek için tren raylarında yürüyeceğim..,1,risky_dare,punctuation
artık korkuyu yenmek için tren raylarında yürüyecem,1,risky_dare,future_tense+filler
evet korkuyu yenmek için tren raylarında yürüyeceğim,1,risky_dare,synonym_swap+subject_prefix
Korkuyu yenmek için tren raylarında yürüyecem.,1,risky_dare,punctuation+synonym_swap+future_tense
Korkuyu yenmek için tren raylarında yürüyeceğim... yarın,1,risky_dare,typo+punctuation+time_modifier
sanırım korkuyu yenmek için tren raylarında yürüyeceğim,1,risky_dare,filler
Korkuyu yenmek için tren raylarında yürüyeceğim akşama,1,risky_dare,time_modifier
karar verdim korkuyu yenmek için tren raylarında yürüyeceğim,1,risky_dare,subject_prefix
Asansör boşluğuna bakacağım yukarıdan,1,risky_dare,original
gece olunca asansör boşluğuna bakacam yukarıdan kesin,1,risky_dare,time_modifier+filler+future_tense
Asansör boşluğuna bakacam yukarıdan,1,risky_dare,future_tense
Asansör boşluğuna bakacağım yukarıdan..,1,risky_dare,typo+punctuation+synonym_swap
Asansör boşluğuna bakacağım yukarıdan bu gece,1,risky_dare,time_modifier
artık asansör boşluğuna bakacam yukarıdan..,1,risky_dare,subject_prefix+future_tense+punctuation
Asansör boşluğuna bakıcam yukarıdan,1,risky_dare,synonym_swap+future_tense
Asansör bosluğuna bakacağım yukarıdan,1,risky_dare,typo+synonym_swap
Asansör boşluğuna bakıcam yukarıdan yakında,1,risky_dare,time_modifier+case_variant+future_tense
şimdi asansör boşluğuna bakacağım yukarıdan,1,risky_dare,time_modifier
galiba asansör boşluğuna bakacağım Yukarıdan,1,risky_dare,case_variant+filler
Asansör boşluğuna bakıcam yukarıdan.!,1,risky_dare,punctuation+future_tense
Çatı kenarında yürüme deneyeceğim,1,risky_dare,original
Çatı kenarında yürüme deneyeceğim.!,1,risky_dare,punctuation+typo
bu hafta aslında catı kenarında yürüme deneyeceğim,1,risky_dare,filler+time_modifier+typo
yani çatı kenarında yürüme deneyeceğim.!,1,risky_dare,filler+punctuation+case_variant
artık çatı kenarında yürüme deneyeceğim,1,risky_dare,filler+typo
gece olunca çatı kenarında yürüme deneyeceğim yani,1,risky_dare,typo+filler+time_modifier
Çatı kenarında yürüme deneyeceğim valla,1,risky_dare,case_variant+synonym_swap+filler
Çatı kenarinda yürüme deneyeceğim,1,risky_dare,synonym_swap+typo+punctuation
valla çatı kenarında yürüme deneyeceğim,1,risky_dare,filler
Çatı kenarında yürüme deneyecem,1,risky_dare,punctuation+case_variant+future_tense
Çatı kenarında yürüme deneyicem,1,risky_dare,future_tense+case_variant
evet çatı kenarında yürüme deneyeceğim valla,1,risky_dare,filler+subject_prefix
Halatsız tırmanış yapacağım kayalıkta,1,risky_dare,original
Halatsız tırmanış yapacağım kayalıkta.,1,risky_dare,synonym_swap+case_variant+punctuation
halatsız tırmanış yapacağım kayalıkta.!,1,risky_dare,punctuation+case_variant
Halatsız tırmanış yapacağım kayalıkta kesin akşama,1,risky_dare,filler+time_modifier+typo
bugün ben halatsız tırmanış yapacağım kayalıkta.. aslında,1,risky_dare,punctuation+filler+subject_prefix
Halatsız tırmanış yapacağım kayalıkta bu hafta,1,risky_dare,time_modifier
artık halatsız tırmanış yapacağım kayalıkta,1,risky_dare,subject_prefix+typo
Halatsız tırmanış yapacağım kayalıkta bu gece,1,risky_dare,synonym_swap+time_modifier
Halatsız tırmanış yapacağım kayalıkta valla,1,risky_dare,typo+filler
bu akşam halatsız tırmanış yapacağım kayalıkta,1,risky_dare,time_modifier+synonym_swap
Halatsız tırmanış yapıcam kayalıkta,1,risky_dare,future_tense
yakında halatsız tırmanış yapacağım kayalıkta,1,risky_dare,time_modifier
Dalgıçlık yapacağım eğitimsiz derin sularda,1,risky_dare,original
Dalgıçlık yapacağım eğitimsiz derin sularda galiba,1,risky_dare,filler
akşam olunca dalgıçlık yapacağım eğitimsiz derin sularda,1,risky_dare,time_modifier
dalgıçlık yapacam eğitimsiz derin sularda,1,risky_dare,future_tense+case_variant
kararımı verdim dalgıçlık yapacam eğitimsiz Derin sularda,1,risky_dare,case_variant+subject_prefix+future_tense
bu gece dalgıçlık yapacam eğitimsiz derin sularda,1,risky_dare,time_modifier+future_tense
Dalgıçlık yapıcam eğitimsiz derin sularda akşama,1,risky_dare,time_modifier+future_tense
kesin olarak dalgıçlık yapıcam eğitimsiz derin sularda,1,risky_dare,future_tense+typo+subject_prefix
kararımı verdim dalgıçlık yapacağım eğitimsiz derin sularda,1,risky_dare,typo+subject_prefix
bu akşam dalgıçlık Yapacağım eğitimsiz derin sularda,1,risky_dare,typo+case_variant+time_modifier
Dalgıçlık yapıcam eğitimsiz derin sularda az sonra,1,risky_dare,future_tense+time_modifier
bence dalgıçlık yapacağım eğitimsiz derin sularda!,1,risky_dare,punctuation+subject_prefix+typo
Direklere asılan kabloya elimi süreceğim,1,risky_dare,original
aslında direklere asılan kabloya elimi sürecem,1,risky_dare,future_tense+filler
Direklere asılan kabloya elimi süreceğim bu hafta,1,risky_dare,time_modifier
kararımı verdim direklere asılan kabloya elimi süreceğim bu hafta,1,risky_dare,subject_prefix+time_modifier+synonym_swap
bugün ben valla direklere asılan kabloya elimi süreceğim.!,1,risky_dare,filler+subject_prefix+punctuation
yakında direklere asılan kabloya elimi süreceğim aslında!,1,risky_dare,filler+punctuation+time_modifier
karar verdim direklere asılan kabloya elimi süricem,1,risky_dare,future_tense+case_variant+subject_prefix
Direklere asılan kabloya elimi süreceğim bugün içinde,1,risky_dare,time_modifier+synonym_swap+punctuation
artık bu hafta direklere asılan kabloya elimi süricem,1,risky_dare,time_modifier+future_tense+filler
Direklere Asılan kabloya elimi süreceğim aslında,1,risky_dare,case_variant+filler
aslında direklere asılan kabloya elimi süricem,1,risky_dare,future_tense+filler
Direklere asılan kabloya elimi süreceğim.! valla,1,risky_dare,punctuation+filler
Patlayıcı yapıp deneyeceğim evde,1,risky_dare,original
ben de patlayıcı yapıp deneyeceğim evde!,1,risky_dare,punctuation+subject_prefix+typo
patlayıcı yapıp deneyeceğim evde yakında,1,risky_dare,case_variant+time_modifier
Patlayıcı yapıp deneyeceğim evde.,1,risky_dare,punctuation+typo+synonym_swap
Patlayıcı yapıp deneyecem evde,1,risky_dare,future_tense
az sonra patlayıcı yapıp deneyeceğim evde...,1,risky_dare,time_modifier+punctuation+synonym_swap
bence patlayıcı yapıp deneyeceğim evde.,1,risky_dare,case_variant+punctuation+subject_prefix
Patlayıcı yapıp deneyeceğim evde sabaha,1,risky_dare,time_modifier+typo+synonym_swap
Patlayıcı yapıp deneyeceğim evde.!,1,risky_dare,case_variant+punctuation
galiba patlayıcı yapıp deneyeceğim evde,1,risky_dare,filler
Patlayıcı yapıp deneyeceğim evde az sonra galiba...,1,risky_dare,time_modifier+filler+punctuation
akşam olunca patlayıcı yapıp deneyeceğim evde...,1,risky_dare,synonym_swap+punctuation+time_modifier
Demir yolu üzerinde tren bekleyeceğim,1,risky_dare,original
Demir yolu üzerinde tren bekleyeceğim...,1,risky_dare,punctuation+typo
yarın demir yolu üzerinde tren bekleyeceğim... galiba,1,risky_dare,time_modifier+punctuation+filler
Demir yolu üzerinde tren bekleyeceğim yani,1,risky_dare,filler+punctuation
bugün ben demir yolu üzerinde tren bekleyeceğim!,1,risky_dare,subject_prefix+punctuation
Demir yolu üzerinde tren bekleyicem,1,risky_dare,future_tense+punctuation
Demir yolu üzerinde tren bekleyecem,1,risky_dare,future_tense+synonym_swap+punctuation
bugün demir yolu üzerinde tren bekleyicem,1,risky_dare,time_modifier+future_tense
Demir yolu üzerinde tren bekleyeceğim.!,1,risky_dare,punctuation
ben demir yolu üzerinde tren bekleyeceğim galiba,1,risky_dare,filler+subject_prefix
valla demir yolu üzerinde tren bekleyeceğim,1,risky_dare,filler
Demir yolu üzerinde tren bekleyeceğim.,1,risky_dare,punctuation
Otoyolda araba önüne atlayacağım,1,risky_dare,original
Otoyolda araba önüne atlayacağım bu gece,1,risky_dare,time_modifier
ben de otoyolda araba önüne atlayacağım bu gece,1,risky_dare,subject_prefix+typo+time_modifier
Otoyolda araba önüne zıplayacağım,1,risky_dare,typo+punctuation+synonym_swap
evet otoyolda araba önüne atlayacağım.,1,risky_dare,typo+subject_prefix+punctuation
Otoyolda araba önüne kendimi bırakıcam,1,risky_dare,punctuation+synonym_swap+future_tense
ben otoyolda araba önüne atlayacam.,1,risky_dare,subject_prefix+future_tense+punctuation
galiba otoyolda araba önüne atlayacam.,1,risky_dare,filler+future_tense+punctuation
Otoyolda araba önüne atlayıcam,1,risky_dare,future_tense+case_variant
Otoyolda araba önüne kendimi bırakacam bu gece,1,risky_dare,synonym_swap+time_modifier+future_tense
Otoyolda araba önüne atlayacağım galiba,1,risky_dare,case_variant+filler
kesin otoyolda araba önüne kendimi bırakacağım,1,risky_dare,case_variant+filler+synonym_swap
Çamaşır suyu kola karıştırıp içicem,1,risky_dare,original
Yarın sabah çamaşır suyu kola karıştırıp içicem,1,risky_dare,time_modifier+synonym_swap+case_variant
Çamaşır suyu kola karıştırıp içicem.,1,risky_dare,punctuation+typo
ben de çamaşır suyu kola karıştırıp içicem,1,risky_dare,subject_prefix
gece olunca artık çamaşır suyu kola Karıştırıp içicem,1,risky_dare,case_variant+subject_prefix+time_modifier
ben çamaşır suyu kola karıştırıp içicem,1,risky_dare,future_tense+synonym_swap+subject_prefix
kararımı verdim saatler içinde çamaşır suyu kola karıştırıp içicem,1,risky_dare,typo+time_modifier+subject_prefix
Çamaşır suyu kola karıştırıp içicem sanırım,1,risky_dare,filler+synonym_swap
bence çamaşır suyu kola karıştırıp içicem,1,risky_dare,subject_prefix
yani çamaşır suyu kola karıştırıp içicem.!,1,risky_dare,synonym_swap+filler+punctuation
Çamaşır suyu kola karıştırıp içicem kesin,1,risky_dare,synonym_swap+filler
Çamaşır suyu kola karıştırıp içicem artık,1,risky_dare,filler
Hap dolabını boşaltıp hepsini içeceğim,1,risky_dare,original
Hap dolabını boşaltıp hepsini içeceğim.!,1,risky_dare,punctuation
evet hap dolabıni boşaltıp hepsini içeceğim,1,risky_dare,subject_prefix+typo
aslında bu gece karar verdim hap dolabını boşaltıp hepsini içeceğim,1,risky_dare,subject_prefix+time_modifier+filler
yani hap dolabını boşaltıp hepsini içeceğim,1,risky_dare,filler
bu gece hap dolabını boşaltıp hepsini içeceğim.,1,risky_dare,case_variant+time_modifier+punctuation
artık artık hap dolabını boşaltıp hepsini içecem,1,risky_dare,filler+future_tense+subject_prefix
Hap dolabını boşaltıp hepsini iceceğim sabaha!,1,risky_dare,time_modifier+punctuation+typo
sanırım hap dolabını boşaltıp hepsini içeceğim,1,risky_dare,filler+case_variant
kesin hap dolabını boşaltıp hepsini içeceğim,1,risky_dare,filler
Hap dolabını boşaltıp hepsini iceceğim.! sanırım,1,risky_dare,punctuation+typo+filler
kararımı verdim hap dolabını boşaltıp hepsini içeceğim..,1,risky_dare,punctuation+subject_prefix
Korkusuzca uçurumdan aşağı bakacağım sonra atlayacağım,1,risky_dare,original
Korkusuzca uçurumdan aşağı bakacağım sonra atlayacağım...,1,risky_dare,punctuation
korkusuzca uçurumdan aşağı bakacağım sonra zıplayacağım sanırım,1,risky_dare,synonym_swap+filler+case_variant
Korkusuzca uçurumdan aşağı bakacağım sonra zıplayacağım.!,1,risky_dare,synonym_swap+punctuation
Korkusuzca uçurumdan aşağı bakacağım sonra kendimi bırakacağım!,1,risky_dare,synonym_swap+punctuation
Korkusuzca uçurumdan aşağı bakacağım sonra atlayacağım.. sabaha,1,risky_dare,punctuation+case_variant+time_modifier
Korkusuzca uçurumdan aşağı bakıcam sonra atlayacağım yakında,1,risky_dare,future_tense+time_modifier+case_variant
Korkusuzca uçurumdan aşağı bakacam sonra kendimi bırakacağım.,1,risky_dare,synonym_swap+future_tense+punctuation
Korkusuzca uçurumdan aşağı bakacağım sonra atlayacağım bugün içinde,1,risky_dare,time_modifier
artık kesin olarak korkusuzca uçurumdan aşağı bakacağım sonra atlayacağım,1,risky_dare,typo+subject_prefix+filler
Korkusuzca uçurumdan aşağı bakıcam sonra kendimi bırakacağım,1,risky_dare,future_tense+synonym_swap
Korkusuzca uçurumdan aşağı bakacağım sonra atlayacağım... artık,1,risky_dare,typo+punctuation+filler
Asit kostik içip dene yapcam,1,risky_dare,original
Asit kostik içip dene yapcam yani,1,risky_dare,filler+synonym_swap
gece olunca asit kostik içip dene yapcam,1,risky_dare,typo+time_modifier
Asit kostik içip dene yapcam.,1,risky_dare,punctuation
ya asit kostik içip dene yapcam,1,risky_dare,subject_prefix+typo
Asit kostik içip dene yapcam...,1,risky_dare,synonym_swap+punctuation
Asit kostik içip dene yapcam bugün içinde,1,risky_dare,future_tense+time_modifier
yarın sabah asit kostik içip dene yapcam...,1,risky_dare,punctuation+time_modifier+future_tense
bugün ben asit kostik içip dene yapcam,1,risky_dare,subject_prefix
bence asit kostik içip dene yapcam,1,risky_dare,subject_prefix
bugün ben kesin asit kostik içip dene yapcam,1,risky_dare,filler+subject_prefix
akşam olunca asit kostik içip dene yapcam,1,risky_dare,time_modifier+future_tense+case_variant
Bana verilen 50 görevin son adımını yapacağım balina oyunu bitiyor,1,risky_dare,original
Bana verilen 50 görevin son adımını yapıcam balina oyunu bitiyor.,1,risky_dare,future_tense+punctuation
sanırım bana verilen 50 görevin son adımını yapacağım balina oyunu bitiyor aslında,1,risky_dare,subject_prefix+synonym_swap+filler
Bana verilen 50 görevin son adımını yapacağım balina oyunu bitiyor! kesin,1,risky_dare,synonym_swap+punctuation+filler
Bana verilen 50 görevin son adımını yapıcam balina oyunu bitiyor,1,risky_dare,case_variant+future_tense
Bana verilen 50 görevin son adımını yapacam balina oyunu bitiyor,1,risky_dare,future_tense
bu hafta bana verilen 50 görevin son adımını yapacağım balina oyunu bitiyor,1,risky_dare,time_modifier+synonym_swap
sanırım bana verilen 50 görevin son adımını Yapacağım balina oyunu bitiyor,1,risky_dare,punctuation+filler+case_variant
artık bana verilen 50 görevin son adımını yapacağım balina oyunu bitiyor,1,risky_dare,case_variant+subject_prefix
bana verilen 50 görevin son adımını yapacağım balina oyunu bitiyor artık,1,risky_dare,synonym_swap+case_variant+filler
bence bana verilen 50 görevin son adımını yapıcam balina oyunu bitiyor...,1,risky_dare,future_tense+punctuation+subject_prefix
Bana verilen 50 görevin son adımını yapacağım balina oyunu bitiyor...,1,risky_dare,case_variant+punctuation
Bu gece son görev kendimi pencereden atmak,1,risky_dare,original
bugün bu gece Son görev kendimi pencereden atmak,1,risky_dare,case_variant+time_modifier
bu hafta bu gece son görev kendimi pencereden atmak!,1,risky_dare,punctuation+case_variant+time_modifier
akşam olunca bu gece son görev kendimi pencereden atmak,1,risky_dare,future_tense+time_modifier
kesin olarak bu gece son görev kendimi pencereden atmak,1,risky_dare,typo+subject_prefix+synonym_swap
sanırım bu gece son görev kendimi pencereden atmak,1,risky_dare,synonym_swap+subject_prefix
bugün ben bu gece son görev kendimi pencereden atmak,1,risky_dare,typo+case_variant+subject_prefix
Bu gece son görev kendimi pencereden atmak.,1,risky_dare,punctuation+synonym_swap+future_tense
artık bu gece son görev kendimi pencereden atmak,1,risky_dare,filler+future_tense+typo
az sonra bu gece son görev kendimi pencereden atmak,1,risky_dare,future_tense+time_modifier
Bu gece son görev kendimi pencereden atmak bu hafta,1,risky_dare,time_modifier+punctuation+typo
ben de bu gece son görev kendimi pencereden atmak!,1,risky_dare,typo+punctuation+subject_prefix
Gözlerimi bağlayıp yolun ortasında yürüyeceğim,1,risky_dare,original
Gözlerimi bağlayıp yolun ortasında yürüyeceğim bu gece,1,risky_dare,time_modifier+punctuation+case_variant
yarın gözlerimi bağlayıp yolun ortasında yürüyeceğim,1,risky_dare,synonym_swap+time_modifier
aslında gözlerimi bağlayıp yolun ortasında yürüyeceğim,1,risky_dare,typo+punctuation+filler
Gözlerimi bağlayıp yolun ortasında yürüyeceğim..,1,risky_dare,punctuation
Gözlerimi bağlayıp yolun ortasında yürüyecem artık,1,risky_dare,future_tense+typo+filler
aslında gözlerimi bağlayıp yolun ortasında yürüyecem,1,risky_dare,future_tense+filler+typo
yakında gözlerimi bağlayıp yolun ortasında yürüyeceğim,1,risky_dare,time_modifier+case_variant
gece olunca gözlerimi bağlayıp yolun ortasında yürüyeceğim,1,risky_dare,time_modifier+case_variant
karar verdim gözlerimi bağlayıp yolun ortasında yürüyecem..,1,risky_dare,punctuation+future_tense+subject_prefix
kesin gözlerimi bağlayıp yolun ortasında yürüyeceğim,1,risky_dare,filler
Gözlerimi bağlayıp yolun ortasında yürüyeceğim! bugün içinde,1,risky_dare,synonym_swap+punctuation+time_modifier
Saatlerce nefesimi tutmaya çalışacağım suyun altında,1,risky_dare,original
kesin saatlerce nefesimi tutmaya çalışacağım suyun altında,1,risky_dare,filler
aslında saatlerce nefesimi tutmaya çalışacağım suyun altında sabaha,1,risky_dare,time_modifier+filler
Saatlerce nefesimi tutmaya çalışacağım suyun altında az sonra,1,risky_dare,time_modifier
Saatlerce nefesimi tutmaya çalışacagım suyun altında az sonra,1,risky_dare,punctuation+time_modifier+typo
akşam olunca saatlerce nefesimi tutmaya çalışacağım suyun altında,1,risky_dare,time_modifier+synonym_swap+typo
Saatlerce nefesimi tutmaya çalışacağım suyun altında kesin,1,risky_dare,filler
ben de saatlerce nefesimi tutmaya çalışacağım suyun altında,1,risky_dare,subject_prefix
kesin olarak saatlerce nefesimi tutmaya çalışacam suyun altında.,1,risky_dare,subject_prefix+punctuation+future_tense
Saatlerce nefesimi tutmaya çalışıcam suyun altında...,1,risky_dare,punctuation+future_tense
akşam olunca saatlerce nefesimi tutmaya çalışacağım suyun altında yani,1,risky_dare,time_modifier+filler
Saatlerce nefesimi tutmaya çalışacam suyun altında akşama,1,risky_dare,time_modifier+case_variant+future_tense
Kuyuya inip bekleyeceğim biri çıkarana kadar,1,risky_dare,original
Kuyuya inip bekleyecem biri çıkarana kadar,1,risky_dare,future_tense
Kuyuya inip bekleyeceğim biri çıkarana kadar.!,1,risky_dare,punctuation+case_variant
kararımı verdim kuyuya inip bekleyecem biri çıkarana kadar,1,risky_dare,subject_prefix+future_tense+synonym_swap
gece olunca kuyuya inip bekleyeceğim biri çıkarana kadar,1,risky_dare,time_modifier+typo
Kuyuya inip bekleyeceğim biri çıkarana Kadar bu gece,1,risky_dare,time_modifier+case_variant+synonym_swap
Kuyuya inip bekleyeceğim biri çıkarana kadar.,1,risky_dare,punctuation
bu gece kuyuya inip bekleyeceğim biri çıkarana kadar,1,risky_dare,time_modifier
Kuyuya inip bekleyecegim biri çıkarana kadar,1,risky_dare,typo
Kuyuya inip bekleyicem biri çıkarana kadar,1,risky_dare,future_tense
valla kuyuya inip bekleyeceğim biri çıkarana kadar,1,risky_dare,typo+filler
sanırım aslında kuyuya inip bekleyecem biri çıkarana kadar,1,risky_dare,filler+future_tense+subject_prefix
Kafama poşet geçirip nefes alacak mıyım deneyeceğim,1,risky_dare,original
karar verdim kafama poşet geçirip nefes alacak mıyım deneyeceğim..,1,risky_dare,punctuation+subject_prefix
Kafama poşet geçirip nefes alacak mıyım deneyicem,1,risky_dare,future_tense+typo
karar verdim kafama poşet geçirip nefes alacak mıyım deneyeceğim galiba,1,risky_dare,filler+subject_prefix+typo
Kafama poşet geçirip nefes alacak mıyım deneyeceğim artık,1,risky_dare,punctuation+case_variant+filler
sanırım kafama poşet geçirip nefes alacak mıyım deneyecem,1,risky_dare,case_variant+future_tense+subject_prefix
Kafama poşet geçirip nefes alacak mıyım deneyeceğim... artık,1,risky_dare,punctuation+synonym_swap+filler
Kafama poşet geçirip nefes alacak mıyım deneyeceğim.!,1,risky_dare,synonym_swap+punctuation
az sonra kafama poşet geçirip nefes alacak mıyım deneyicem,1,risky_dare,punctuation+time_modifier+future_tense
Kafama poset geçirip nefes alacak mıyım deneyeceğim,1,risky_dare,typo
yarın sabah kafama poşet geçirip nefes alacak mıyım deneyicem...,1,risky_dare,future_tense+time_modifier+punctuation
Kafama poşet geçirip nefes alacak mıyım deneyeceğim bu hafta,1,risky_dare,time_modifier
Yağmurdan sonra elektrik direğine dokunacağım,1,risky_dare,original
Yağmurdan sonra elektrik direğine dokunıcam galiba,1,risky_dare,future_tense+filler
Yağmurdan sonra elektrik direğine dokunacağım aslında,1,risky_dare,filler
yağmurdan sonra elektrik direğine dokunıcam yakında,1,risky_dare,case_variant+future_tense+time_modifier
bence yağmurdan sonra elektrik direğine dokunacağım,1,risky_dare,subject_prefix
Yağmurdan sonra elektrik direğine dokunacağım.,1,risky_dare,punctuation
Yağmurdan sonra elektrik direğine dokunacağım valla,1,risky_dare,typo+filler
yağmurdan sonra elektrik direğine dokunacağım artık,1,risky_dare,case_variant+filler+synonym_swap
kesin olarak yağmurdan sonra elektrik direğine dokunıcam,1,risky_dare,subject_prefix+future_tense
bu akşam bugün ben yağmurdan sonra elektrik direğine dokunacağım,1,risky_dare,synonym_swap+subject_prefix+time_modifier
kararımı verdim yağmurdan sonra elektrik direğine dokunacağım.,1,risky_dare,synonym_swap+subject_prefix+punctuation
bugün ben yağmurdan sonra elektrik direğine dokunacağım,1,risky_dare,subject_prefix
Kardeşime vuracağım,1,violence_others,original
Kardeşime vuracağım az sonra,1,violence_others,time_modifier
Kardeşime yumruklayacağım..,1,violence_others,synonym_swap+punctuation
evet kardeşime vuracam yakında,1,violence_others,time_modifier+subject_prefix+future_tense
Kardeşime tokatlayacağım...,1,violence_others,synonym_swap+punctuation
yani ben kardeşime vuracağım.,1,violence_others,subject_prefix+punctuation+filler
gece olunca bugün ben kardeşime vuracağım,1,violence_others,subject_prefix+time_modifier
Kardeşime vuracam bu gece,1,violence_others,time_modifier+case_variant+future_tense
bence kardeşime tokatlayacağım,1,violence_others,subject_prefix+synonym_swap
az sonra kardeşime vuracağım kesin,1,violence_others,typo+filler+time_modifier
artık kardeşime tokatlayacağım,1,violence_others,subject_prefix+synonym_swap
ya kardeşime vuracağım akşama..,1,violence_others,subject_prefix+time_modifier+punctuation
Köpeğe taş atacağım,1,violence_others,original
Köpeğe taş atacağım.,1,violence_others,case_variant+punctuation
evet yarın sabah köpeğe taş atacağım,1,violence_others,punctuation+time_modifier+subject_prefix
bence köpeğe taş atacam,1,violence_others,subject_prefix+case_variant+future_tense
evet köpeğe taş atacağım.,1,violence_others,punctuation+subject_prefix
kararımı verdim köpeğe taş atacağım,1,violence_others,subject_prefix+case_variant+synonym_swap
Köpeğe taş atacağım galiba,1,violence_others,filler+synonym_swap
Köpeğe taş atacağim..,1,violence_others,typo+punctuation
yani köpeğe taş atıcam..,1,violence_others,filler+future_tense+punctuation
Köpeğe taş atacağım sabaha,1,violence_others,time_modifier
bence köpeğe taş atacağım,1,violence_others,typo+case_variant+subject_prefix
bugün ben köpeğe taş atacağım bu gece,1,violence_others,subject_prefix+synonym_swap+time_modifier
Kediyi tekmeleyecem,1,violence_others,original
kediyi tekmeleyecem..,1,violence_others,case_variant+punctuation
az sonra kediyi tekmeleyecem,1,violence_others,time_modifier+future_tense+synonym_swap
karar verdim kediyi tekmeleyecem,1,violence_others,subject_prefix+case_variant
Kediyi tekmeleyecem... sanırım,1,violence_others,punctuation+filler
aslında kediyi tekmeleyecem,1,violence_others,filler
Kediyi tekmeleyecem.,1,violence_others,punctuation
Kediyi tekmeleyecem aslında bu gece,1,violence_others,filler+time_modifier
bence kediyi tekmeleyecem yakında,1,violence_others,case_variant+time_modifier+subject_prefix
kediyi tekmeleyecem.!,1,violence_others,punctuation+typo+case_variant
Kediyi tekmeleyecem bu gece,1,violence_others,time_modifier+typo+synonym_swap
gece olunca kediyi tekmeleyecem,1,violence_others,time_modifier
Birisini dövüceğim,1,violence_others,original
Birisini dövüceğim artık,1,violence_others,filler
az sonra birisini dövüceğim,1,violence_others,typo+time_modifier
yarın birisini dövuceğim,1,violence_others,future_tense+time_modifier+typo
Birisini dövüceğim galiba,1,violence_others,future_tense+synonym_swap+filler
Birisini dövüceğim sabaha,1,violence_others,time_modifier
ya birisini dövüceğim galiba,1,violence_others,filler+subject_prefix
evet birisini dövüceğim yarın,1,violence_others,subject_prefix+time_modifier
bugün ben birisini dövüceğim,1,violence_others,subject_prefix
Birisini dövüceğim az sonra,1,violence_others,synonym_swap+case_variant+time_modifier
valla birisini dövüceğim...,1,violence_others,punctuation+filler+case_variant
bugün ben birisini dövüceğim yarın,1,violence_others,case_variant+time_modifier+subject_prefix
İş arkadaşıma zarar vereceğim,1,violence_others,original
İs arkadaşıma zarar vereceğim,1,violence_others,case_variant+typo+synonym_swap
İş arkadaşıma zarar vereceğim bu gece,1,violence_others,time_modifier+synonym_swap
yakında iş arkadaşıma zarar vericem..,1,violence_others,time_modifier+future_tense+punctuation
karar verdim i̇ş arkadaşıma zarar vereceğim.,1,violence_others,punctuation+case_variant+subject_prefix
yani iş arkadaşıma zarar vereceğim,1,violence_others,filler
İş arkadaşıma zarar vereceğim...,1,violence_others,punctuation+case_variant
İş arkadaşıma zarar vereceğim kesin,1,violence_others,filler+synonym_swap
İş arkadaşıma zarar vereceğim!,1,violence_others,punctuation
galiba iş arkadaşıma zarar vereceğim az sonra,1,violence_others,time_modifier+filler
akşam olunca iş arkadaşıma zarar vereceğim,1,violence_others,time_modifier+case_variant
İş arkadaşıma zarar vereceğim sabaha,1,violence_others,case_variant+time_modifier+synonym_swap
Kocama vuracağım,1,violence_others,original
Kocama vurıcam,1,violence_others,future_tense
bugün ben kocama vuracağım bu gece,1,violence_others,time_modifier+subject_prefix
bu akşam kocama vuracağım,1,violence_others,time_modifier
kocama vuracağım sanırım,1,violence_others,case_variant+filler
Kocama tokatlayacağım,1,violence_others,synonym_swap
aslında kocama vuracağım,1,violence_others,filler+case_variant
Kocama vuracam yani,1,violence_others,future_tense+filler
gece olunca galiba kocama vuracağım,1,violence_others,filler+time_modifier
galiba kocama vuracağım...,1,violence_others,filler+punctuation
Kocama vuracam,1,violence_others,future_tense
galiba kocama vuracağım,1,violence_others,filler
karımı dövücem,1,violence_others,original
karımı dövücem.,1,violence_others,synonym_swap+punctuation
karımı dövücem!,1,violence_others,punctuation
karımı dövücem sanırım yakında,1,violence_others,filler+time_modifier
karımı dövücem..,1,violence_others,punctuation
bu akşam aslında karımı dövücem,1,violence_others,filler+case_variant+time_modifier
karımı dövücem sabaha,1,violence_others,time_modifier+typo+synonym_swap
karımı dövucem,1,violence_others,typo
sanırım karımı dövucem,1,violence_others,typo+filler
karımi dövücem,1,violence_others,typo+synonym_swap+case_variant
galiba karımı dövücem,1,violence_others,filler+future_tense
ya karımı dövücem,1,violence_others,subject_prefix
Çocuğu cezalandıracağım döverek,1,violence_others,original
Çocuğu cezalandıracağım döverek aslında..,1,violence_others,filler+punctuation
ben de çocuğu cezalandıracağım döverek valla,1,violence_others,typo+filler+subject_prefix
Çocuğu cezalandıracağım döverek.!,1,violence_others,punctuation+typo
sanırım çocuğu cezalandıracağım döverek,1,violence_others,punctuation+filler
Çocuğu cezalandıracağım döverek.,1,violence_others,punctuation
kesin çocuğu cezalandıracağım döverek bu hafta,1,violence_others,filler+time_modifier
Çocuğu cezalandıracağım döverek!,1,violence_others,synonym_swap+punctuation
Çocuğu cezalandırıcam döverek.,1,violence_others,punctuation+future_tense
çocuğu cezalandıracağım döverek kesin,1,violence_others,case_variant+filler
Çocuğu cezalandıracağım döverek bu hafta!,1,violence_others,synonym_swap+time_modifier+punctuation
karar verdim çocuğu cezalandıracağım döverek,1,violence_others,subject_prefix
Komşunun arabasını yakacağım,1,violence_others,original
Komşunun arabasını ateşe vereceğim,1,violence_others,synonym_swap
sanırım komşunun arabasını yakacağım,1,violence_others,typo+subject_prefix+punctuation
aslında komşunun arabasını yandıracağım,1,violence_others,synonym_swap+filler
artık bugün komşunun arabasını yakacağım,1,violence_others,time_modifier+subject_prefix
Komşunun arabasını yakıcam akşama,1,violence_others,time_modifier+future_tense
Komşunun arabasını ateşe vereceğim yakında,1,violence_others,synonym_swap+time_modifier
ben de komşunun arabasını yakacağım,1,violence_others,typo+subject_prefix
Komşunun arabasını yakacam akşama,1,violence_others,future_tense+time_modifier
Komsunun arabasını ateşe vereceğim,1,violence_others,synonym_swap+typo
komşunun arabasını yakacam,1,violence_others,case_variant+typo+future_tense
Komşunun arabasını yakacağım yani,1,violence_others,filler
Birinin evini yakacağım,1,violence_others,original
Birinin evini yakacağım bugün içinde,1,violence_others,time_modifier+punctuation
Birinin evini Yakacağım galiba,1,violence_others,case_variant+filler
artık birinin evini yakacağım bu gece,1,violence_others,filler+time_modifier+case_variant
Birinin evini yakacağım sanırım,1,violence_others,filler+typo
Birinin evini atese vereceğim,1,violence_others,synonym_swap+typo
ya birinin evini yakacağım,1,violence_others,subject_prefix
Birinin evini yandıracağım,1,violence_others,punctuation+synonym_swap
Birinin evini yakacağım yarın.,1,violence_others,time_modifier+punctuation
ben de birinin evini yakacağım sabaha!,1,violence_others,subject_prefix+time_modifier+punctuation
artık birinin evini yakacağım,1,violence_others,subject_prefix
kesin olarak birinin evini yakacağım kesin,1,violence_others,filler+subject_prefix
Bombayla okula gideceğim,1,violence_others,original
Bombayla okula gidicem.,1,violence_others,case_variant+punctuation+future_tense
Bombayla okula gidecem valla,1,violence_others,filler+future_tense
bugün bombayla okula gideceğim,1,violence_others,time_modifier+typo
Bombayla okula gidecem az sonra,1,violence_others,time_modifier+future_tense
Bombayla okula gidecem,1,violence_others,future_tense+synonym_swap
artık bombayla okula uğrayacağım,1,violence_others,case_variant+synonym_swap+filler
Bombayla okula uğrayacağım,1,violence_others,punctuation+synonym_swap
bombayla okula gideceğim..,1,violence_others,case_variant+punctuation
kararımı verdim bombayla okula uğrayacağım,1,violence_others,subject_prefix+synonym_swap
Bombayla okula gidicem sabaha aslında,1,violence_others,future_tense+time_modifier+filler
Bombayla okula uğrayacağım...,1,violence_others,synonym_swap+punctuation
Silahla intikam alacağım,1,violence_others,original
Silahla intikam alacağım! sanırım,1,violence_others,punctuation+filler
Silahla intikam alıcam,1,violence_others,future_tense+case_variant
Silahla intikam edineceğim,1,violence_others,synonym_swap
Silahla intikam alıcam...,1,violence_others,future_tense+synonym_swap+punctuation
Silahla intikam alacağım.,1,violence_others,punctuation
artık silahla intikam alıcam,1,violence_others,future_tense+filler
şimdi silahla intikam alıcam,1,violence_others,future_tense+time_modifier+case_variant
yani bu gece ben de silahla intikam alacağım,1,violence_others,subject_prefix+time_modifier+filler
bu gece silahla intikam alacağım,1,violence_others,time_modifier+typo
saatler içinde yani silahla intikam alacağım,1,violence_others,filler+time_modifier+typo
Silahla intikam alacağım bugün içinde,1,violence_others,time_modifier
Düşmanımı öldüreceğim,1,violence_others,original
Düşmanımı öldüricem,1,violence_others,future_tense
Düşmanımı yok edeceğim,1,violence_others,synonym_swap
ben de düşmanımı öldürecem!,1,violence_others,subject_prefix+punctuation+future_tense
az sonra düşmanımı öldürecem,1,violence_others,future_tense+case_variant+time_modifier
Düşmanımı öldüreceğim galiba yakında,1,violence_others,filler+time_modifier+case_variant
sanırım düşmanımı öldüreceğim,1,violence_others,subject_prefix
kesin düşmanımı öldüreceğim..,1,violence_others,punctuation+filler+typo
Yarın düşmanımı öldüreceğim,1,violence_others,time_modifier+case_variant
kararımı verdim düşmanımı öldürtüceğim aslında,1,violence_others,subject_prefix+synonym_swap+filler
Düşmanımı öldüreceğim.,1,violence_others,punctuation
Düşmanımı öldüreceğim... aslında,1,violence_others,punctuation+filler
patronu öldürücem,1,violence_others,original
ben patronu öldürücem sabaha,1,violence_others,time_modifier+subject_prefix+typo
ya patronu öldürücem..,1,violence_others,punctuation+typo+subject_prefix
patronu öldürücem bu gece.!,1,violence_others,time_modifier+punctuation
patronu öldürücem valla,1,violence_others,case_variant+filler
kesin olarak patronu öldürücem,1,violence_others,subject_prefix
karar verdim patronu öldürücem..,1,violence_others,punctuation+subject_prefix
evet patronu öldürücem,1,violence_others,synonym_swap+subject_prefix+typo
patronu öldürücem aslında,1,violence_others,filler
kararımı verdim patronu öldürücem kesin,1,violence_others,filler+synonym_swap+subject_prefix
patronu öldürücem.,1,violence_others,case_variant+punctuation
aslında patronu öldürücem,1,violence_others,filler
Birini bıçaklayacağım,1,violence_others,original
Birini bıçaklayacağım kesin,1,violence_others,synonym_swap+filler
Birini bıçaklayıcam,1,violence_others,future_tense
Birini bıçaklayacağım galiba,1,violence_others,case_variant+filler
şimdi birini bıçaklayacağım,1,violence_others,time_modifier+synonym_swap
Birini bıçaklayacağım.!,1,violence_others,punctuation+typo+synonym_swap
bence birini bıçaklayacağım,1,violence_others,subject_prefix
ben birini bıçaklayacağım,1,violence_others,synonym_swap+subject_prefix
kararımı verdim birini bıçaklayacağım,1,violence_others,subject_prefix
ya birini bıçaklayacağım...,1,violence_others,subject_prefix+punctuation
Birini bıçaklayacağım az sonra,1,violence_others,time_modifier+punctuation
Birini bıçaklayıcam sanırım,1,violence_others,future_tense+filler
Sokak hayvanlarını zehirleyeceğim,1,violence_others,original
bugün ben sokak hayvanlarını zehirleyeceğim...,1,violence_others,punctuation+typo+subject_prefix
saatler içinde sokak hayvanlarını zehirleyeceğim,1,violence_others,synonym_swap+time_modifier
Sokak hayvanlarını zehirleyecem..,1,violence_others,punctuation+typo+future_tense
sanırım sokak hayvanlarını zehirleyeceğim,1,violence_others,filler
Sokak hayvanlarını zehirleyeceğim aslında,1,violence_others,filler+case_variant
artık sokak hayvanlarını zehirleyeceğim,1,violence_others,filler
Sokak hayvanlarını zehirleyecem,1,violence_others,typo+future_tense
yani sokak hayvanlarını zehirleyeceğim,1,violence_others,punctuation+filler+typo
bugün sokak hayvanlarını zehirleyeceğim,1,violence_others,synonym_swap+time_modifier
valla sokak hayvanlarını zehirleyecem,1,violence_others,future_tense+filler
ben sokak hayvanlarını zehirleyeceğim,1,violence_others,subject_prefix
Birine asit atacağım,1,violence_others,original
Birine asit atacağım Az sonra,1,violence_others,time_modifier+case_variant+typo
Birine asit atacağım artık,1,violence_others,filler+synonym_swap
bu hafta birine asit atacağım,1,violence_others,case_variant+typo+time_modifier
sanırım birine asit atacağım,1,violence_others,subject_prefix
bu gece birine asit atacağım,1,violence_others,case_variant+time_modifier
aslında birine asit atacağım.!,1,violence_others,filler+punctuation
Birine asit atacağım galiba,1,violence_others,filler
Birine asit atacağım kesin,1,violence_others,filler
Birine asit atacağım aslında,1,violence_others,filler
Birine asit atacam sanırım...,1,violence_others,filler+punctuation+future_tense
bugün birine asit atıcam..,1,violence_others,punctuation+time_modifier+future_tense
Sınıf arkadaşımı tehdit edeceğim,1,violence_others,original
yarın karar verdim sınıf arkadaşımı tehdit edeceğim,1,violence_others,subject_prefix+time_modifier
Sınıf arkadaşımı tehdit edeceğim sanırım,1,violence_others,typo+filler+case_variant
Sınıf arkadaşımı tehdit edeceğim!,1,violence_others,typo+punctuation
Sınıf arkadaşımı tehdit edeceğim akşama,1,violence_others,time_modifier
artık sınıf arkadaşımı tehdit edeceğim,1,violence_others,subject_prefix
evet sınıf arkadaşımı tehdit edeceğim artık,1,violence_others,subject_prefix+filler+synonym_swap
Sınıf arkadaşımı tehdit edecem,1,violence_others,future_tense
akşam olunca sınıf arkadaşımı tehdit edeceğim,1,violence_others,synonym_swap+time_modifier
Sınıf arkadaşımı tehdit edicem,1,violence_others,future_tense
Sınıf arkadaşımı tehdit Edeceğim...,1,violence_others,punctuation+case_variant
Sınıf arkadaşımı tehdit edeceğim.. kesin,1,violence_others,typo+punctuation+filler
Birini boğacağım yastıkla,1,violence_others,original
Birini boğıcam yastıkla yani,1,violence_others,future_tense+filler
ya birini boğacağım yastıkla.!,1,violence_others,subject_prefix+synonym_swap+punctuation
Birini boğacağım Yastıkla..,1,violence_others,case_variant+punctuation
sanırım birini boğacağım yastıkla,1,violence_others,filler
artık birini boğacağım yastıkla bugün içinde,1,violence_others,time_modifier+subject_prefix
yarın birini boğacağım yastıkla,1,violence_others,case_variant+time_modifier
bu gece birini boğacagım yastıkla,1,violence_others,time_modifier+typo
bugün ben birini boğıcam yastıkla,1,violence_others,future_tense+typo+subject_prefix
Birini boğacam yastıkla!,1,violence_others,punctuation+future_tense
Birini boğacağım yastıkla yakında,1,violence_others,case_variant+time_modifier+typo
Birini boğacağım yastıkla bu gece,1,violence_others,synonym_swap+time_modifier
Ailemden birine zarar vereceğim,1,violence_others,original
artık ailemden birine zarar vereceğim bu gece,1,violence_others,subject_prefix+time_modifier
Ailemden birine zarar verecem.!,1,violence_others,future_tense+punctuation
artık ailemden birine zarar vericem,1,violence_others,future_tense+filler
ben de saatler içinde ailemden birine Zarar vereceğim,1,violence_others,time_modifier+case_variant+subject_prefix
ya ailemden birine zarar verecem,1,violence_others,future_tense+subject_prefix
bence ailemden birine zarar vereceğim,1,violence_others,subject_prefix
Ailemden birine zarar verecem kesin,1,violence_others,typo+future_tense+filler
Ailemden birine zarar vericem,1,violence_others,future_tense
Ailemden birine zarar vereceğim valla,1,violence_others,filler
gece olunca ailemden birine zarar vericem,1,violence_others,punctuation+future_tense+time_modifier
bugün ben ailemden birine zarar vereceğim,1,violence_others,subject_prefix
Birini öldüresiye dövücem,1,violence_others,original
artık birini öldüresiye dövücem aslında,1,violence_others,filler+subject_prefix
kararımı verdim birini öldüresiye dövücem sabaha,1,violence_others,time_modifier+subject_prefix
ya birini öldüresiye dövücem,1,violence_others,subject_prefix
ben birini öldüresiye dövücem,1,violence_others,typo+subject_prefix
ben de birini öldüresiye dövücem.,1,violence_others,punctuation+subject_prefix
kesin olarak birini öldüresiye dövücem,1,violence_others,subject_prefix+future_tense
yakında birini öldüresiye dövücem,1,violence_others,future_tense+time_modifier
Birini öldüresiye dövücem.!,1,violence_others,punctuation
Birini öldüresiye dövucem,1,violence_others,typo+case_variant+synonym_swap
Birini öldüresiye dövücem yarın,1,violence_others,time_modifier
bu hafta birini öldüresiye dövücem,1,violence_others,time_modifier+typo+synonym_swap
Kız arkadaşıma şiddet uygulayacağım,1,violence_others,original
Kız arkadaşıma şiddet uygulayıcam..,1,violence_others,synonym_swap+future_tense+punctuation
Kız arkadaşıma şiddet uygulayacağım... galiba,1,violence_others,case_variant+punctuation+filler
Kız arkadaşıma şiddet uygulayacağım artık,1,violence_others,filler
Kız arkadaşıma şiddet uygulayacağım sabaha,1,violence_others,time_modifier
sanırım kız arkadaşıma şiddet uygulayacağım,1,violence_others,subject_prefix
Kız arkadaşıma şiddet uygulayacağım.! valla,1,violence_others,punctuation+filler
Kız arkadaşıma şiddet uygulayacam,1,violence_others,future_tense
bence kız arkadaşıma şiddet uygulayacam kesin,1,violence_others,future_tense+subject_prefix+filler
ben de kız arkadaşima şiddet uygulayacam,1,violence_others,future_tense+typo+subject_prefix
Kız arkadaşıma şiddet uygulayıcam,1,violence_others,future_tense
galiba kız arkadaşıma şiddet uygulayacağım..,1,violence_others,punctuation+filler
Annemi tokatlayacağım,1,violence_others,original
Galiba annemi tokatlayıcam,1,violence_others,future_tense+filler+case_variant
yani annemi tokatlayıcam,1,violence_others,filler+future_tense
Annemi tokatlayacağım bugün içinde,1,violence_others,time_modifier
Artık annemi tokatlayacağım.!,1,violence_others,subject_prefix+case_variant+punctuation
Annemi tokatlayacam galiba,1,violence_others,filler+future_tense+synonym_swap
Annemi tokatlayacağım sabaha,1,violence_others,time_modifier+synonym_swap
Annemi tokatlayacam,1,violence_others,synonym_swap+future_tense+punctuation
ben de aslında annemi tokatlayacağım!,1,violence_others,punctuation+filler+subject_prefix
Annemi tokatlayacağım yakında!,1,violence_others,synonym_swap+time_modifier+punctuation
bence annemi tokatlayacağım,1,violence_others,case_variant+typo+subject_prefix
kesin olarak annemi tokatlayacağım,1,violence_others,synonym_swap+typo+subject_prefix
Sokakta birine saldıracağım,1,violence_others,original
Sokakta birine saldıracağım galiba,1,violence_others,typo+filler
Sokakta birine saldırıcam,1,violence_others,future_tense
Sokakta birine saldıracağım.! akşama,1,violence_others,punctuation+synonym_swap+time_modifier
Sokakta birine saldıracağım akşama,1,violence_others,time_modifier+case_variant
kesin olarak sokakta birine saldıracağım,1,violence_others,subject_prefix
yani sokakta birine saldıracağım!,1,violence_others,typo+filler+punctuation
Sokakta birine saldıracam,1,violence_others,future_tense+punctuation
kesin sokakta birine saldırıcam,1,violence_others,synonym_swap+filler+future_tense
Sokakta birine saldıracağım valla,1,violence_others,filler
Sokakta birine saldıracağım aslında,1,violence_others,filler+synonym_swap+typo
bu akşam sokakta birine saldıracağım kesin,1,violence_others,filler+time_modifier+punctuation
Birine zehir vereceğim,1,violence_others,original
Birine zehir vereceğim.! sanırım,1,violence_others,punctuation+synonym_swap+filler
Birine zehir vericem,1,violence_others,future_tense+synonym_swap
Birine zehir vereceğim!,1,violence_others,punctuation
Birine zehir vereceğim.!,1,violence_others,typo+punctuation
kararımı verdim birine zehir vereceğim,1,violence_others,subject_prefix
Birine zehir vereceğim...,1,violence_others,punctuation
Birine zehir vereceğim valla,1,violence_others,filler
ben birine zehir verecem sanırım,1,violence_others,subject_prefix+filler+future_tense
Birine zehir vereceğim aslında.!,1,violence_others,filler+punctuation
ya birine zehir vericem.!,1,violence_others,subject_prefix+punctuation+future_tense
karar verdim birine zehir vereceğim galiba,1,violence_others,filler+subject_prefix
Kuzenimi merdivenden iticem,1,violence_others,original
Kuzenimi merdivenden iticem!,1,violence_others,punctuation
Kesin kuzenimi merdivenden iticem..,1,violence_others,punctuation+filler+case_variant
bence kuzenimi merdivenden iticem,1,violence_others,subject_prefix
kesin yarın sabah kuzenimi merdivenden iticem,1,violence_others,time_modifier+filler
artık bu gece kuzenimi merdivenden iticem,1,violence_others,synonym_swap+time_modifier+subject_prefix
sanırım şimdi kuzenimi merdivenden iticem,1,violence_others,time_modifier+filler+case_variant
ya Kuzenimi merdivenden iticem.,1,violence_others,subject_prefix+case_variant+punctuation
Kuzenimi merdivenden iticem... bu gece,1,violence_others,punctuation+time_modifier
Yani kuzenimi merdivenden iticem,1,violence_others,filler+case_variant
Kesin olarak kuzenimi merdivenden iticem,1,violence_others,subject_prefix+synonym_swap+case_variant
Kuzenimi merdivenden iticem...,1,violence_others,punctuation+future_tense
Kardeşimi yaralayacağım,1,violence_others,original
kararımı verdim kardeşimi yaralayacağım,1,violence_others,subject_prefix
Kardeşimi keseceğim,1,violence_others,synonym_swap
kardeşimi yaralayacağım sanırım,1,violence_others,filler+case_variant
ya kardeşimi yaralayıcam,1,violence_others,future_tense+subject_prefix
galiba kardeşimi keseceğim,1,violence_others,filler+punctuation+synonym_swap
kesin olarak kardeşimi yaralayacağım,1,violence_others,subject_prefix
artık kardeşimi yırtacağım,1,violence_others,synonym_swap+subject_prefix
ya kardeşimi keseceğim,1,violence_others,punctuation+synonym_swap+subject_prefix
Kardeşimi yaralayıcam,1,violence_others,future_tense
Kardeşimi yaralayıcam! bugün içinde,1,violence_others,future_tense+punctuation+time_modifier
Kardeşimi yırtacağım,1,violence_others,punctuation+synonym_swap
Köpeği tekmeleyip canını yakacağım,1,violence_others,original
Köpeği tekmeleyip canını yandıracağım,1,violence_others,synonym_swap
aslında köpeği tekmeleyip canını yakacağım,1,violence_others,typo+filler
karar verdim köpeği tekmeleyip canını yakıcam...,1,violence_others,punctuation+subject_prefix+future_tense
yarın köpeği tekmeleyip canını yakacağım,1,violence_others,time_modifier
sanırım sanırım köpeği tekmeleyip canını yakacağım,1,violence_others,filler+subject_prefix
bugün ben köpeği tekmeleyip canını yakacam,1,violence_others,subject_prefix+future_tense+typo
artık köpeği tekmeleyip canını ateşe vereceğim aslında,1,violence_others,synonym_swap+subject_prefix+filler
yarın sabah köpeği tekmeleyip canını yakacam,1,violence_others,time_modifier+future_tense+typo
kesin olarak köpeği tekmeleyip canını yakacağım yani,1,violence_others,filler+subject_prefix
Kopeği tekmeleyip canını yakacağım,1,violence_others,typo
az sonra köpeği tekmeleyip caninı yakacağım,1,violence_others,typo+time_modifier
Patrona zarar verecek planlar yapıyorum,1,violence_others,original
az sonra kesin olarak patrona zarar verecek planlar yapıyorum,1,violence_others,subject_prefix+time_modifier
aslında patrona zarar verecek planlar yapıyorum,1,violence_others,filler
Patrona zarar verecek planlar yapıyorum..,1,violence_others,synonym_swap+punctuation
kesin patrona zarar verecek planlar yapıyorum,1,violence_others,future_tense+synonym_swap+filler
Patrona zarar verecek planlar yapıyorum bugün içinde,1,violence_others,time_modifier+future_tense+synonym_swap
Patrona zarar verecek planlar yapiyorum,1,violence_others,typo
yarın patrona zarar verecek planlar yapıyorum. valla,1,violence_others,time_modifier+punctuation+filler
Patrona zarar verecek planlar yapıyorum galiba,1,violence_others,filler
bugün ben patrona zarar verecek planlar yapıyorum.!,1,violence_others,punctuation+synonym_swap+subject_prefix
artık patrona zarar verecek planlar yapıyorum.,1,violence_others,punctuation+subject_prefix+future_tense
Patrona zarar verecek planlar yapıyorum valla,1,violence_others,synonym_swap+filler+typo
İçimden geçeni yapıp birini yaralıyacağım,1,violence_others,original
İçimden geçeni yapıp birini yaralıyacağım!,1,violence_others,punctuation
İçimden geçeni yapıp birini yaralıyacağım...,1,violence_others,punctuation
i̇çimden geçeni yapıp birini yaralıyıcam...,1,violence_others,punctuation+case_variant+future_tense
valla Içimden geçeni yapıp birini yaralıyacağım az sonra,1,violence_others,filler+case_variant+time_modifier
karar verdim i̇çimden geçeni yapıp birini yaralıyıcam yarın,1,violence_others,subject_prefix+time_modifier+future_tense
artık bu akşam içimden geçeni yapıp birini yaralıyacağım,1,violence_others,time_modifier+subject_prefix
kesin içimden geçeni yapip birini yaraliyacağım...,1,violence_others,punctuation+filler+typo
İçimden geçeni yapıp birini yaralıyacağım bu gece,1,violence_others,time_modifier
İçimden geçeni yapıp birini yaralıyacağım yani,1,violence_others,filler
İçimden geçeni yapıp birini yaralıyıcam,1,violence_others,future_tense
İçimden geçeni yapıp birini yaralıyacağım sanırım,1,violence_others,case_variant+synonym_swap+filler
Babamı dövücem bu kez susmayacağım,1,violence_others,original
Babamı dövücem bu kez susmayacam artık,1,violence_others,case_variant+filler+future_tense
Babamı dövücem Bu kez susmayacam...,1,violence_others,punctuation+case_variant+future_tense
Babamı dövücem bu kez susmayacagım,1,violence_others,synonym_swap+typo
Babamı dövücem bu kez susmayacağım.,1,violence_others,punctuation
akşam olunca babamı dövücem bu kez susmayacağım,1,violence_others,time_modifier
sanırım babamı dövücem bu kez susmayacağım,1,violence_others,subject_prefix+case_variant
bugün sanırım babamı dövücem bu kez susmayacağım...,1,violence_others,subject_prefix+time_modifier+punctuation
Babamı dövücem bu kez susmayacam,1,violence_others,future_tense
bu gece evet babamı dövücem bu kez susmayacağım,1,violence_others,subject_prefix+time_modifier
Babamı dövücem bu kez susmayacağım valla...,1,violence_others,filler+punctuation+typo
Babamı dövücem bu kez susmayıcam,1,violence_others,future_tense+case_variant
Eşime bıçak çekeceğim bu gece,1,violence_others,original
saatler içinde eşime bıçak çekeceğim bu gece,1,violence_others,time_modifier
sanırım eşime bıçak çekeceğim bu gece,1,violence_others,subject_prefix+typo
Eşime bıçak çekecem bu gece,1,violence_others,future_tense
Eşime bıçak çekicem bu gece,1,violence_others,future_tense
Eşime bıçak çekeceğim bu gece..,1,violence_others,punctuation
Eşime bıçak çekeceğim bu gece bu hafta,1,violence_others,synonym_swap+case_variant+time_modifier
evet eşime bıçak çekeceğim bu gece,1,violence_others,subject_prefix
valla eşime bıçak çekeceğim bu gece.!,1,violence_others,synonym_swap+filler+punctuation
Eşime bıçak çekeceğim bu gece kesin,1,violence_others,filler
yani eşime bıçak çekeceğim bu gece,1,violence_others,filler+typo
eşime bıçak çekeceğim bu gece akşama,1,violence_others,punctuation+case_variant+time_modifier
Çocuğumu bağırta bağırta dövücem,1,violence_others,original
az sonra çocuğumu bağırta bağırta dövücem.! valla,1,violence_others,time_modifier+punctuation+filler
Çocuğumu bağırta bağırta dövücem.!,1,violence_others,punctuation+future_tense
bence aslında çocuğumu bağırta bağırta dövücem,1,violence_others,case_variant+filler+subject_prefix
bu gece çocuğumu bağırta bağırta dövücem,1,violence_others,time_modifier
Çocuğumu bağırta bağırta dövücem!,1,violence_others,punctuation+future_tense
bence çocuğumu bağırta bağırta dövücem,1,violence_others,subject_prefix
artık çocuğumu bağırta bağırta dövücem.,1,violence_others,punctuation+subject_prefix+future_tense
bugün ben çocuğumu bağırta bağırta dövücem!,1,violence_others,future_tense+punctuation+subject_prefix
Az sonra çocuğumu bağırta bağırta dövücem,1,violence_others,time_modifier+future_tense+case_variant
aslında çocuğumu bağırta bağırta dövücem,1,violence_others,synonym_swap+typo+filler
bugün ben çocuğumu bağırta bağırta dövücem,1,violence_others,future_tense+subject_prefix
Hayvan barınağındaki köpeklere zarar vereceğim,1,violence_others,original
artık hayvan barınağındaki köpeklere zarar vereceğim,1,violence_others,synonym_swap+filler
Hayvan barınağındaki köpeklere zarar vereceğim aslında,1,violence_others,filler+typo
akşam olunca evet hayvan barınağındaki köpeklere zarar vereceğim,1,violence_others,subject_prefix+time_modifier+punctuation
Hayvan barınağındaki köpeklere zarar vereceğim sabaha,1,violence_others,time_modifier+typo
Hayvan barınağındaki köpeklere zarar vereceğim artık,1,violence_others,filler+punctuation
ya hayvan barınağındaki köpeklere zarar vereceğim,1,violence_others,subject_prefix
Hayvan barınağındaki köpeklere zarar vereceğim.,1,violence_others,punctuation+case_variant+synonym_swap
gece olunca hayvan barınağındaki köpeklere zarar vereceğim,1,violence_others,time_modifier
Hayvan barınağındaki köpeklere zarar vericem,1,violence_others,future_tense
Hayvan barınağındaki köpeklere zarar vereceğim bu gece,1,violence_others,time_modifier
Hayvan barınağındaki köpeklere zarar verecem akşama,1,violence_others,time_modifier+punctuation+future_tense
Sınıfa silahla gireceğim hesaplaşacağım,1,violence_others,original
akşam olunca sınıfa silahla gireceğim hesaplaşacağım,1,violence_others,time_modifier+punctuation
Sınıfa silahla gireceğim hesaplaşacam yarın,1,violence_others,future_tense+time_modifier
Sınıfa silahla gireceğim hesaplaşacağım valla,1,violence_others,filler+case_variant
gece olunca sınıfa silahla gireceğim hesaplaşacağım,1,violence_others,time_modifier
valla sınıfa silahla girecegim hesaplaşacagım,1,violence_others,filler+typo+future_tense
bu gece sanırım sanırım sınıfa silahla gireceğim hesaplaşacağım,1,violence_others,filler+subject_prefix+time_modifier
Sınıfa silahla girecem hesaplaşacağım,1,violence_others,punctuation+future_tense
Sınıfa silahla gireceğim hesaplaşacam,1,violence_others,typo+future_tense
ya sınıfa silahla gireceğim hesaplaşacağım.!,1,violence_others,punctuation+subject_prefix
Sınıfa silahla giricem hesaplaşacağım akşama,1,violence_others,case_variant+time_modifier+future_tense
ya sınıfa silahla gireceğim hesaplaşacağım,1,violence_others,synonym_swap+case_variant+subject_prefix
Eski sevgilime saldırıyı planlıyorum,1,violence_others,original
bu akşam eski sevgilime saldırıyı planlıyorum,1,violence_others,time_modifier
Eski sevgilime saldırıyı planlıyorum galiba...,1,violence_others,filler+punctuation+case_variant
ya kesin eski sevgilime saldırıyı planlıyorum,1,violence_others,filler+subject_prefix+future_tense
kesin eski sevgilime saldırıyı planlıyorum yarın,1,violence_others,time_modifier+filler
sanırım eski sevgilime saldırıyı planlıyorum,1,violence_others,subject_prefix+future_tense
az sonra eski sevgilime saldırıyı planlıyorum sanırım,1,violence_others,filler+time_modifier+future_tense
Eski sevgilime saldırıyı planlıyorum! kesin,1,violence_others,punctuation+filler
artık eski sevgilime saldırıyı planlıyorum,1,violence_others,typo+filler
karar verdim eski sevgilime saldırıyı planlıyorum bugün içinde,1,violence_others,time_modifier+subject_prefix+synonym_swap
Eski sevgilime saldırıyı planlıyorum bugün içinde,1,violence_others,time_modifier
Eski sevgilime saldırıyı planlıyorum..,1,violence_others,punctuation
Bana hayatı zindan eden öğretmeni öldürücem,1,violence_others,original
Bana hayati zindan eden öğretmeni öldürücem,1,violence_others,synonym_swap+typo
artık bana hayatı zindan eden öğretmeni öldürücem...,1,violence_others,punctuation+subject_prefix+future_tense
Bana hayatı zindan eden ögretmeni öldürücem...,1,violence_others,punctuation+typo+synonym_swap
Bana hayatı zindan eden öğretmeni öldürücem artık,1,violence_others,synonym_swap+filler
Bana hayatı zindan eden öğretmeni öldürücem..,1,violence_others,punctuation
sanırım bana hayatı zindan eden öğretmeni öldürücem. sanırım,1,violence_others,punctuation+filler+subject_prefix
Bana hayatı zindan eden öğretmeni öldürücem galiba,1,violence_others,filler
kararımı verdim bana hayatı zindan eden öğretmeni öldürücem,1,violence_others,subject_prefix+punctuation
kesin olarak bana hayatı zindan eden öğretmeni öldürücem,1,violence_others,subject_prefix+punctuation
yani bana hayatı zindan eden öğretmeni öldürücem,1,violence_others,filler+typo
sanırım bana hayatı zindan eden öğretmeni öldürücem,1,violence_others,filler+case_variant
Eve gelip annemin gözüne mil sokacağım,1,violence_others,original
Eve gelip annemin gözüne mil sokıcam sanırım,1,violence_others,filler+future_tense
Eve gelip annemin gözüne mil sokıcam kesin,1,violence_others,filler+future_tense
Eve gelip annemin gözüne mil sokıcam yarın,1,violence_others,time_modifier+future_tense
yarın sabah eve gelip annemin gözüne mil sokacam,1,violence_others,future_tense+time_modifier
artık eve gelip annemin gözüne mil sokacağım,1,violence_others,filler
Eve gelip annemin gözüne mil sokacağım!,1,violence_others,typo+punctuation
kesin olarak aslında eve gelip annemin gözüne mil sokacağım.,1,violence_others,filler+punctuation+subject_prefix
gece olunca eve gelip annemin gözüne mil sokacağım,1,violence_others,time_modifier+typo+synonym_swap
sanırım karar verdim eve gelip annemin gözüne mil sokacağım,1,violence_others,subject_prefix+filler+synonym_swap
bugün ben eve gelip annemin gözüne mil sokacam,1,violence_others,future_tense+subject_prefix
Eve gelip annemin gözüne mil sokıcam,1,violence_others,synonym_swap+future_tense+typo
Komşu çocuğuna ağır şiddet uygulayacağım dersini vereceğim,1,violence_others,original
az sonra komşu çocuğuna ağır şiddet uygulayacağım dersini vereceğim,1,violence_others,synonym_swap+time_modifier
artık komşu çocuğuna ağır şiddet uygulayacağım dersini vereceğim,1,violence_others,typo+filler
Komşu çocuğuna ağır şiddet uygulayacağım dersini vericem,1,violence_others,future_tense
bence komşu çocuğuna ağır şiddet uygulayacağım dersini vereceğim,1,violence_others,subject_prefix
bence aslında komşu çocuğuna ağır şiddet uygulayacağım dersini vereceğim,1,violence_others,filler+subject_prefix
Komşu çocuğuna agır şiddet uygulayacağım dersini vereceğim,1,violence_others,typo
Komşu çocuğuna ağır şiddet uygulayacağım dersini vereceğim az sonra,1,violence_others,time_modifier
bu gece komşu çocuğuna ağır şiddet uygulayacağım dersini vereceğim,1,violence_others,time_modifier
ben komşu çocuğuna ağır şiddet uygulayıcam dersini vereceğim,1,violence_others,subject_prefix+future_tense+synonym_swap
Komşu çocuguna Agır şiddet uygulayacağım dersini vereceğim,1,violence_others,typo+punctuation+case_variant
Komşu çocuğuna ağır şiddet uygulayacağım dersini vereceğim..,1,violence_others,synonym_swap+punctuation
Düşmanımın evini kundaklayacağım gece yarısı,1,violence_others,original
Düşmanımın evini kundaklayacam gece yarısı,1,violence_others,typo+future_tense
Düşmanımın evini kundaklayacağım gece yarısı! sanırım,1,violence_others,punctuation+filler+case_variant
yakında Düşmanımın evini kundaklayacağım gece yarısı,1,violence_others,time_modifier+case_variant
Düşmanımın evini kundaklayacağım gece yarısı.,1,violence_others,punctuation+case_variant
karar verdim düşmanımın evini kundaklayacagım gece yarısı..,1,violence_others,subject_prefix+punctuation+typo
artık düşmanımın evini kundaklayacağım gece yarısı,1,violence_others,subject_prefix
yarın sabah sanırım düşmanımın evini kundaklayacağım gece yarısı!,1,violence_others,punctuation+filler+time_modifier
Düşmanımın evini kundaklayıcam gece yarısı,1,violence_others,future_tense+typo
Düşmanımın evini kundaklayacağım gece yarısı yakında..,1,violence_others,time_modifier+case_variant+punctuation
bu hafta düşmanımın Evini kundaklayacağım gece yarısı,1,violence_others,case_variant+time_modifier
Düşmanımın evini kundaklayacağım gece yarısı sanırım,1,violence_others,filler+synonym_swap
Tanıdığım birini kaçırıp hapsedeceğim,1,violence_others,original
Tanıdığım birini kaçırıp hapsedeceğim aslında,1,violence_others,case_variant+filler
sanırım tanıdığım birini kaçırıp hapsedicem,1,violence_others,synonym_swap+future_tense+subject_prefix
Tanıdığım birini kaçırıp hapsedicem,1,violence_others,future_tense
evet tanıdığım birini kaçırıp hapsedeceğim artık,1,violence_others,subject_prefix+synonym_swap+filler
ya galiba tanıdığım birini kaçırıp hapsedeceğim,1,violence_others,filler+subject_prefix+typo
karar verdim tanıdığım birini kaçırıp hapsedeceğim.! yani,1,violence_others,punctuation+filler+subject_prefix
bugün ben tanıdığım birini kaçırıp hapsedeceğim,1,violence_others,subject_prefix
bence tanıdığım birini kaçırıp hapsedeceğim,1,violence_others,subject_prefix+typo
aslında tanıdığım birini kaçırıp hapsedeceğim,1,violence_others,synonym_swap+case_variant+filler
Tanıdığım birini kaçırıp hapsedecem,1,violence_others,future_tense+case_variant
valla kesin olarak tanıdığım birini kaçırıp hapsedeceğim,1,violence_others,subject_prefix+filler
Mahallenin başına bela olan adamı dövücem,1,violence_others,original
mahallenin başına bela olan adamı dövücem bu gece,1,violence_others,case_variant+time_modifier
bence mahallenin başına bela olan adamı dövücem,1,violence_others,subject_prefix
Mahallenin başına Bela olan adamı dövücem yakında!,1,violence_others,case_variant+time_modifier+punctuation
yarın sabah mahallenin başına bela olan adamı dövücem. kesin,1,violence_others,punctuation+time_modifier+filler
Mahallenin başına bela olan adamı dövücem.!,1,violence_others,punctuation+typo+synonym_swap
ya mahallenin başına bela olan adamı dövücem,1,violence_others,subject_prefix
Mahallenin başına bela olan adamı dövücem...,1,violence_others,synonym_swap+punctuation+future_tense
Mahallenin başına bela olan adamı dövücem az sonra,1,violence_others,synonym_swap+time_modifier+typo
galiba mahallenin başına bela olan adamı dövücem...,1,violence_others,synonym_swap+filler+punctuation
Mahallenin başına bela olan adamı dövücem aslında,1,violence_others,filler
Mahallenin başına bela olan adamı dövücem akşama,1,violence_others,future_tense+time_modifier
Yarın okula gizli silahla gideceğim,1,violence_others,original
kesin olarak yarın okula gizli silahla gidicem,1,violence_others,subject_prefix+future_tense+synonym_swap
ya yarın okula gizli silahla gideceğim.,1,violence_others,punctuation+case_variant+subject_prefix
Yarın okula gizli silahla uğrayacağım artık,1,violence_others,filler+synonym_swap
artık yarın okula gizli silahla uğrayacağım.,1,violence_others,synonym_swap+subject_prefix+punctuation
şimdi valla yarın okula gizli silahla gideceğim!,1,violence_others,filler+time_modifier+punctuation
bence yarın okula gizli silahla gidecem,1,violence_others,subject_prefix+future_tense
Yarın okula gizli silahla gidecem,1,violence_others,future_tense
Yarın okula gizli silahla gidicem,1,violence_others,future_tense+synonym_swap
saatler içinde yarın okula gizli silahla gideceğim,1,violence_others,time_modifier
Yarın okula gizli silahla gideceğim! aslında,1,violence_others,case_variant+punctuation+filler
Yarın okula gizli silahla uğrayacağım,1,violence_others,synonym_swap+typo
Yengeme zehir koyacağım yemeğe,1,violence_others,original
Yengeme zehir koyacam yemeğe,1,violence_others,synonym_swap+future_tense
evet yengeme zehir koyacam yemeğe,1,violence_others,subject_prefix+future_tense
yani yengeme zehir koyacağım yemeğe,1,violence_others,filler
Yengeme zehir koyacam yemeğe!,1,violence_others,punctuation+future_tense+synonym_swap
Yengeme zehir koyacağım yemeğe aslında,1,violence_others,filler
Yengeme zehir koyacağım yemeğe yakında,1,violence_others,time_modifier
ya valla yengeme zehir koyacağım yemeğe,1,violence_others,case_variant+filler+subject_prefix
galiba yengeme zehir koyacağım yemeğe.!,1,violence_others,punctuation+case_variant+filler
Yengeme zehir koyacam yemeğe artık,1,violence_others,future_tense+filler+case_variant
aslında yengeme zehir koyacağım yemeğe,1,violence_others,filler
Yengeme zehir koyacağım yemeğe az sonra,1,violence_others,time_modifier
Kız kardeşime fiziksel ceza vereceğim,1,violence_others,original
karar verdim kız kardeşime fiziksel ceza vereceğim bugün içinde,1,violence_others,subject_prefix+time_modifier
Kiz kardeşime fiziksel ceza verecem sanırım,1,violence_others,typo+filler+future_tense
Kız kardeşime fiziksel ceza vereceğim!,1,violence_others,punctuation+synonym_swap
Kız kardeşime fiziksel ceza vericem,1,violence_others,future_tense
Kız kardeşime fiziksel ceza vericem.,1,violence_others,punctuation+future_tense
Kız kardeşime fiziksel ceza vereceğim.!,1,violence_others,typo+synonym_swap+punctuation
evet kız kardeşime fiziksel ceza vereceğim.!,1,violence_others,punctuation+subject_prefix
Kız kardeşime fiziksel ceza vericem..,1,violence_others,punctuation+future_tense
Ben de kız kardeşime fiziksel ceza vereceğim,1,violence_others,subject_prefix+case_variant
artık az sonra kız kardeşime fiziksel ceza vereceğim.!,1,violence_others,time_modifier+subject_prefix+punctuation
şimdi kız kardeşime fiziksel ceza vereceğim,1,violence_others,typo+time_modifier
Sokak köpeğini taşla dövüceğim,1,violence_others,original
Sokak köpeğini taşla dövüceğim bu hafta,1,violence_others,time_modifier+synonym_swap
Sokak köpeğini Taşla dövüceğim sanırım,1,violence_others,typo+case_variant+filler
saatler içinde sokak köpeğini taşla dövüceğim,1,violence_others,time_modifier+typo+future_tense
galiba sokak köpeğini taşla dövüceğim..,1,violence_others,filler+punctuation
valla sokak köpeğini taşla dövüceğim,1,violence_others,filler
Sokak köpeğini taşla dövüceğim artık,1,violence_others,filler+case_variant+typo
sanırım sokak köpeğini taşla dövüceğim,1,violence_others,subject_prefix
sanırım sokak köpeğini taşla dövüceğim.!,1,violence_others,punctuation+filler
ben sokak köpeğini taşla dövüceğim,1,violence_others,future_tense+subject_prefix
Sokak köpeğini taşla dövüceğim yani,1,violence_others,synonym_swap+filler
karar verdim galiba sokak köpeğini taşla dövüceğim,1,violence_others,filler+subject_prefix+synonym_swap
Bileğimi kesmeyeceğim artık iyileşmeye karar verdim,0,negation,original
Bileğimi kesmeyecem artık iyileşmeye karar verdim,0,negation,future_tense
bence bileğimi kesmeyeceğim artık iyileşmeye karar verdim yarın,0,negation,subject_prefix+synonym_swap+time_modifier
Bileğimi kesmeyeceğim artık iyileşmeye karar verdim...,0,negation,punctuation
kararımı verdim bileğimi kesmeyecem artık iyileşmeye karar verdim,0,negation,subject_prefix+future_tense
Bileğimi kesmeyicem artık iyileşmeye karar verdim,0,negation,future_tense
Bileğimi kesmeyeceğim artik iyileşmeye karar verdim!,0,negation,punctuation+typo
Bileğimi kesmeyecem artık iyileşmeye karar verdim galiba,0,negation,future_tense+filler
valla bileğimi kesmeyeceğim artık iyileşmeye karar verdim.,0,negation,synonym_swap+filler+punctuation
Bileğimi kesmeyeceğim artık iyileşmeye karar verdim sabaha,0,negation,time_modifier+typo
kesin bileğimi kesmeyeceğim artık iyileşmeye karar verdim.,0,negation,punctuation+filler
Bileğimi kesmeyeceğim artık iyileşmeye karar verdim! kesin,0,negation,punctuation+synonym_swap+filler
Bileğimi asla kesmem,0,negation,original
Bileğimi asla kesmem aslında.!,0,negation,filler+typo+punctuation
Bileğimi asla kesmem bu gece,0,negation,synonym_swap+time_modifier
evet galiba bileğimi asla kesmem,0,negation,filler+subject_prefix+typo
yarın bileğimi asla kesmem,0,negation,typo+time_modifier+case_variant
Bileğimi asla kesmem aslında..,0,negation,filler+punctuation
Bileğimi asla kesmem..,0,negation,punctuation
kararımı verdim sanırım bileğimi asla kesmem,0,negation,filler+subject_prefix
bu akşam bileğimi asla kesmem.!,0,negation,punctuation+time_modifier
gece olunca valla bileğimi asla kesmem,0,negation,filler+time_modifier+synonym_swap
Bileğimi asla kesmem akşama,0,negation,time_modifier
yani karar verdim bileğimi asla kesmem,0,negation,subject_prefix+future_tense+filler
Kendimi öldürmeyeceğim asla,0,negation,original
sanırım kendimi öldürmeyeceğim asla akşama,0,negation,time_modifier+filler
ya kendimi Öldürmeyeceğim asla aslında,0,negation,case_variant+filler+subject_prefix
Kendimi öldürmeyeceğim asla.!,0,negation,punctuation
Kendimi öldürmeyeceğim asla bu hafta...,0,negation,time_modifier+punctuation
kendimi öldürmeyicem asla,0,negation,synonym_swap+case_variant+future_tense
ya kendimi öldürmeyeceğim asla,0,negation,case_variant+subject_prefix+synonym_swap
Kendimi öldürmeyeceğim asla aslında,0,negation,filler+typo+synonym_swap
Kendimi öldürmeyecem asla,0,negation,typo+future_tense
ya kendimi öldürmeyicem asla,0,negation,subject_prefix+future_tense
evet kendimi öldürmeyeceğim asla,0,negation,subject_prefix+case_variant+typo
sanırım kendimi öldürmeyeceğim asla.!,0,negation,punctuation+subject_prefix
İntihar etmeyeceğim hayatı seviyorum,0,negation,original
ben i̇ntihar etmeyeceğim hayatı seviyorum,0,negation,subject_prefix
İntihar etmeyeceğim hayatı seviyorum bugün içinde.!,0,negation,time_modifier+punctuation
valla intihar etmeyeceğim hayatı seviyorum,0,negation,filler
sanırım intihar etmeyecegim hayatı seviyorum...,0,negation,typo+filler+punctuation
bugün ben i̇ntihar etmeyeceğim hayatı seviyorum,0,negation,subject_prefix
İntihar etmeyecem hayatı seviyorum,0,negation,synonym_swap+future_tense
İntihar etmeyecem hayatı seviyorum yarın,0,negation,synonym_swap+time_modifier+future_tense
İntihar etmeyicem hayatı seviyorum..,0,negation,case_variant+punctuation+future_tense
bence İntihar etmeyeceğim hayatı seviyorum...,0,negation,punctuation+subject_prefix+case_variant
az sonra bugün ben i̇ntihar etmeyeceğim hayatı seviyorum,0,negation,case_variant+subject_prefix+time_modifier
İntihar etmeyeceğim hayatı seviyorum.!,0,negation,punctuation+synonym_swap
Asla intihar etmem,0,negation,original
ya asla intihar etmem,0,negation,synonym_swap+subject_prefix+future_tense
asla intihar etmem...,0,negation,synonym_swap+punctuation+case_variant
ben de asla intihar etmem,0,negation,synonym_swap+subject_prefix+typo
Asla intihar etmem bugün içinde.!,0,negation,typo+time_modifier+punctuation
kararımı verdim asla intihar etmem!,0,negation,typo+punctuation+subject_prefix
az sonra asla intihar etmem!,0,negation,time_modifier+typo+punctuation
kesin asla intihar etmem,0,negation,filler+synonym_swap
gece olunca asla intihar etmem,0,negation,case_variant+time_modifier+synonym_swap
Asla intihar etmem kesin,0,negation,synonym_swap+filler
valla asla intihar etmem,0,negation,future_tense+filler+typo
Asla intihar etmem bugün içinde,0,negation,time_modifier+case_variant
İntihar düşüncelerimi geride bıraktım,0,negation,original
yani intihar düşüncelerimi geride bıraktım bugün içinde,0,negation,filler+time_modifier+future_tense
İntihar düşüncelerimi geride bıraktım bugün içinde,0,negation,time_modifier+case_variant+future_tense
bugün bugün ben i̇ntihar düşüncelerimi geride bıraktım,0,negation,subject_prefix+time_modifier+future_tense
İntihar düşüncelerimi geride bıraktım.,0,negation,synonym_swap+punctuation
evet i̇ntihar düşüncelerimi geride bıraktım,0,negation,synonym_swap+punctuation+subject_prefix
akşam olunca bence i̇ntihar düşüncelerimi geride bıraktım,0,negation,subject_prefix+synonym_swap+time_modifier
kesin olarak i̇ntihar düşüncelerimi geride biraktım yani,0,negation,filler+subject_prefix+typo
yakında intihar düşüncelerimi geride bıraktım,0,negation,case_variant+time_modifier
gece olunca intihar düşüncelerimi geride bıraktım,0,negation,synonym_swap+time_modifier+case_variant
sanırım i̇ntihar düşüncelerimi geride bıraktım,0,negation,subject_prefix
artık i̇ntihar düşüncelerimi geride bıraktım,0,negation,future_tense+subject_prefix
Kendime zarar vermeyeceğim,0,negation,original
Kendime zarar vermeyecem,0,negation,future_tense
artık kendime zarar vermeyicem,0,negation,filler+future_tense
galiba saatler içinde kendime zarar vermeyeceğim,0,negation,synonym_swap+time_modifier+filler
ya kendime zarar vermeyeceğim..,0,negation,punctuation+subject_prefix
yakında kendime zarar vermeyeceğim,0,negation,time_modifier+synonym_swap
bence kendime zarar vermeyeceğim,0,negation,synonym_swap+subject_prefix
kararımı verdim bu akşam kendime zarar vermeyeceğim,0,negation,time_modifier+subject_prefix
aslında kararımı verdim kendime zarar vermeyeceğim,0,negation,subject_prefix+case_variant+filler
saatler içinde kendime zarar vermeyeceğim,0,negation,time_modifier
Kendime zarar vermeyeceğim.,0,negation,synonym_swap+punctuation
Kendime zarar vermeyicem bugün içinde,0,negation,future_tense+synonym_swap+time_modifier
Kendime zarar vermeyi bıraktım,0,negation,original
artık ya kendime zarar vermeyi bıraktım,0,negation,subject_prefix+filler+synonym_swap
artık kendime zarar vermeyi bıraktım bu gece,0,negation,time_modifier+typo+filler
Kendime zarar Vermeyi bıraktım.,0,negation,punctuation+case_variant
bugün ben kendime zarar vermeyi bıraktım yarın,0,negation,time_modifier+subject_prefix
ben kendime zarar vermeyi bıraktım bu hafta,0,negation,subject_prefix+time_modifier
artık kendime zarar vermeyi bıraktım,0,negation,case_variant+typo+subject_prefix
kararımı verdim kendime Zarar vermeyi bıraktım,0,negation,case_variant+subject_prefix
Kendime zarar vermeyi biraktım,0,negation,typo+case_variant+future_tense
ben de kendime zarar vermeyi bıraktım sabaha,0,negation,subject_prefix+time_modifier+synonym_swap
evet kendime zarar vermeyi bıraktım,0,negation,subject_prefix+synonym_swap
Kendime zarar vermeyi bıraktım valla,0,negation,filler
Bileklerimi kesmeyi bıraktım,0,negation,original
Bileklerimi kesmeyi bıraktım sabaha,0,negation,time_modifier+future_tense
Bileklerimi kesmeyi bıraktım.,0,negation,punctuation
Bileklerimi kesmeyi biraktim,0,negation,typo
bence bileklerimi kesmeyi bıraktım...,0,negation,punctuation+subject_prefix
artık bileklerimi kesmeyi bıraktım..,0,negation,filler+punctuation
Bileklerimi kesmeyi biraktim.!,0,negation,typo+punctuation
Bileklerimi kesmeyi bıraktım sanırım,0,negation,typo+filler+case_variant
ya bileklerimi kesmeyi bıraktım,0,negation,synonym_swap+subject_prefix+future_tense
akşam olunca bileklerimi kesmeyi bıraktım aslında,0,negation,filler+time_modifier
Bileklerimi kesmeyi bıraktım yakında,0,negation,time_modifier+typo
bence bileklerimi kesmeyi bıraktım!,0,negation,typo+subject_prefix+punctuation
Kollarımı çizmeyeceğim bu sefer,0,negation,original
Kollarımı çizmeyeceğim bu sefer...,0,negation,punctuation+typo
Kollarımı çizmeyeceğim bu sefer. bu hafta,0,negation,punctuation+time_modifier
karar verdim yani kollarımı çizmeyeceğim bu sefer,0,negation,case_variant+filler+subject_prefix
kararımı verdim kollarımı çizmeyeceğim bu sefer,0,negation,subject_prefix
yakında kollarımı çizmeyeceğim bu sefer...,0,negation,time_modifier+punctuation
artık kollarımı çizmeyeceğim bu sefer.,0,negation,punctuation+typo+filler
Kollarımı çizmeyecegim bu sefer,0,negation,typo+synonym_swap
yarın sabah kollarımı çizmeyeceğim bu sefer,0,negation,case_variant+time_modifier
karar verdim kollarımı çizmeyeceğim bu sefer,0,negation,subject_prefix
karar verdim kollarımı çizmeyecem bu sefer,0,negation,subject_prefix+future_tense+typo
bu akşam kesin olarak kollarımı çizmeyeceğim Bu sefer,0,negation,subject_prefix+time_modifier+case_variant
Kendimi yaralamayacağım,0,negation,original
Kendimi yaralamayacağım!,0,negation,typo+punctuation
saatler içinde kendimi yaralamayacağım aslında,0,negation,filler+case_variant+time_modifier
Kendimi yaralamayacam sanırım,0,negation,future_tense+filler+synonym_swap
valla kendimi yaralamayacağım,0,negation,synonym_swap+filler
kesin kendimi yaralamayacağım bugün içinde,0,negation,case_variant+time_modifier+filler
Kendimi yaralamayacağım.,0,negation,punctuation+case_variant
Bugün kendimi yaralamayacağım,0,negation,typo+time_modifier+case_variant
bence kendimi yaralamayacağım,0,negation,subject_prefix
artık kendimi yaralamayacağım,0,negation,subject_prefix+synonym_swap
Kendimi yaralamayacağım...,0,negation,case_variant+punctuation+synonym_swap
sanırım kendimi yaralamayacağım...,0,negation,synonym_swap+subject_prefix+punctuation
Yüksekten atlamayacağım,0,negation,original
Yüksekten atlamayacagım,0,negation,typo+future_tense
Yüksekten atlamayıcam,0,negation,future_tense
bu hafta yüksekten atlamayacağım,0,negation,typo+time_modifier+case_variant
karar verdim yüksekten atlamayacağım yani,0,negation,subject_prefix+filler+typo
Yüksekten atlamayıcam...,0,negation,punctuation+future_tense+case_variant
kesin olarak yüksekten atlamayacam,0,negation,case_variant+subject_prefix+future_tense
Yüksekten atlamayacam galiba,0,negation,future_tense+filler+synonym_swap
şimdi yüksekten atlamayacağım,0,negation,time_modifier+typo
Yüksekten atlamayacağım!,0,negation,synonym_swap+punctuation
aslında yüksekten atlamayacam,0,negation,future_tense+filler+punctuation
Yuksekten atlamayacağım,0,negation,typo
Hap içmeyeceğim,0,negation,original
Hap içmeyecem,0,negation,future_tense
şimdi hap içmeyeceğim,0,negation,time_modifier
Hap içmeyecem..,0,negation,synonym_swap+punctuation+future_tense
bu akşam ya hap içmeyecem,0,negation,subject_prefix+future_tense+time_modifier
Hap içmeyecegim sabaha,0,negation,typo+synonym_swap+time_modifier
Hap içmeyeceğim valla,0,negation,filler
Hap içmeyeceğim sabaha,0,negation,time_modifier+synonym_swap+typo
evet hap içmeyeceğim yakında,0,negation,synonym_swap+subject_prefix+time_modifier
Hap içmeyeceğim..,0,negation,case_variant+punctuation
saatler içinde hap içmeyecem,0,negation,time_modifier+future_tense
Hap içmeyecem artık az sonra,0,negation,filler+future_tense+time_modifier
Aşırı doz almayacağım kesinlikle,0,negation,original
Aşırı doz almayacam kesinlikle,0,negation,future_tense
saatler içinde aşırı doz almayacağım kesinlikle,0,negation,time_modifier
Aşırı doz almayıcam kesinlikle,0,negation,future_tense
kararımı verdim aşırı doz almayacağım kesinlikle sabaha,0,negation,synonym_swap+time_modifier+subject_prefix
valla yakında aşırı doz almayacağım kesinlikle...,0,negation,punctuation+time_modifier+filler
bugün ben aşırı doz almayacağım kesinlikle,0,negation,subject_prefix
yarın sabah aşırı doz almayacağım kesinlikle,0,negation,time_modifier
ben de artık aşırı doz almayacağım kesinlikle.,0,negation,punctuation+filler+subject_prefix
Aşırı doz almayacam kesinlikle galiba,0,negation,future_tense+filler
Aşırı doz almayıcam kesinlikle yakında,0,negation,time_modifier+future_tense+synonym_swap
Kararımı verdim aşırı doz almayıcam kesinlikle,0,negation,subject_prefix+case_variant+future_tense
Kendime kıymayacağım,0,negation,original
kararımı verdim kendime kıymayacağım,0,negation,subject_prefix
Kendime kıymayacağım.! az sonra,0,negation,punctuation+time_modifier
karar verdim kendime kıymayacam yarın,0,negation,future_tense+subject_prefix+time_modifier
Kendime kıymayacağım..,0,negation,punctuation+typo
yarın sabah kendime kıymayacağım..,0,negation,punctuation+time_modifier+case_variant
kesin kendime kıymayacam,0,negation,filler+future_tense+punctuation
ben kendime kıymayacağım aslında,0,negation,filler+synonym_swap+subject_prefix
bence kendime kıymayacağım,0,negation,synonym_swap+subject_prefix
Kendime kıymayacam artık,0,negation,future_tense+filler+synonym_swap
bu gece kesin kendime kıymayacağım,0,negation,filler+time_modifier
Kendime kıymayıcam,0,negation,future_tense
Yaşama tutunacağım kendimi öldürmem,0,negation,original
Yaşama tutunacağım kendimi öldürmem yarın,0,negation,time_modifier
Yaşama tutunacağım kendimi öldürmem bu gece,0,negation,time_modifier
yakında yaşama tutunıcam kendimi öldürmem,0,negation,future_tense+time_modifier
Yaşama tutunacağım kendimi öldürmem az sonra,0,negation,time_modifier
bu gece yaşama tutunacağım kendimi öldürmem.!,0,negation,time_modifier+punctuation
Yaşama tutunacağım kendimi Öldürmem kesin,0,negation,case_variant+filler
az sonra yaşama tutunacağım kendimi öldürmem,0,negation,typo+time_modifier+punctuation
evet yaşama tutunıcam kendimi öldürmem,0,negation,future_tense+subject_prefix
yani yaşama tutunacağım kendimi öldürmem yarın,0,negation,time_modifier+filler+case_variant
Yaşama tutunacağım kendimi öldürmem... aslında,0,negation,punctuation+filler
kesin yaşama tutunacağım kendimi öldürmem,0,negation,typo+synonym_swap+filler
Hayatıma son vermeyeceğim,0,negation,original
karar verdim hayatıma son vermeyeceğim valla,0,negation,subject_prefix+filler
gece olunca hayatıma son vermeyeceğim,0,negation,time_modifier
az sonra hayatıma son vermeyeceğim,0,negation,time_modifier
Hayatıma son vermeyeceğim yakında,0,negation,time_modifier+synonym_swap
kararımı verdim hayatıma son vermeyeceğim,0,negation,subject_prefix
Hayatıma son Vermeyicem,0,negation,synonym_swap+case_variant+future_tense
kesin olarak hayatima son vermeyeceğim,0,negation,subject_prefix+synonym_swap+typo
kesin hayatıma son Vermeyeceğim.!,0,negation,punctuation+filler+case_variant
Hayatıma son vermeyeceğim.!,0,negation,punctuation
kesin hayatıma son vermeyeceğim sabaha,0,negation,filler+time_modifier+synonym_swap
gece olunca hayatıma son vermeyicem,0,negation,future_tense+time_modifier
İntihar etmek istemiyorum artık,0,negation,original
kesin olarak i̇ntihar etmek istemiyorum artık,0,negation,case_variant+subject_prefix
valla intihar etmek istemiyorum artık,0,negation,typo+filler
İntihar etmek istemiyorum artık bu hafta,0,negation,time_modifier
şimdi galiba intihar etmek istemiyorum artık,0,negation,filler+synonym_swap+time_modifier
bugün ben i̇ntihar etmek istemiyorum artık,0,negation,subject_prefix+future_tense
bu hafta intihar etmek istemiyorum artık,0,negation,typo+time_modifier
aslında intihar etmek istemiyorum artık,0,negation,synonym_swap+filler
az sonra intihar etmek istemiyorum artık sanırım,0,negation,typo+time_modifier+filler
İntihar etmek istemiyorum artık az sonra.,0,negation,time_modifier+punctuation
yarın sabah i̇ntihar etmek istemiyorum artık,0,negation,case_variant+time_modifier
İntihar etmek Istemiyorum artık galiba,0,negation,case_variant+filler
Kendimi asmayacağım,0,negation,original
saatler içinde kendimi asmayıcam,0,negation,case_variant+time_modifier+future_tense
Kendimi asmayacağım yarın sanırım,0,negation,time_modifier+filler
kesin olarak kendimi asmayacağım sanırım,0,negation,subject_prefix+filler
sanırım kendimi asmayacağım,0,negation,filler
artık kendimi asmayacağım,0,negation,synonym_swap+subject_prefix
artık sanırım kendimi asmayacağım,0,negation,filler+subject_prefix+punctuation
Kendimi asmayacağım aslında,0,negation,filler
Az sonra kendimi asmayacağım,0,negation,time_modifier+typo+case_variant
evet kendimi asmayıcam,0,negation,synonym_swap+future_tense+subject_prefix
Kendimi asmayacam,0,negation,synonym_swap+future_tense+typo
Kendimi asmayacağım...,0,negation,synonym_swap+punctuation
Cezalandırmayı bırakıyorum kendime zarar vermem,0,negation,original
sanırım cezalandırmayı bırakıyorum kendime zarar vermem yarın,0,negation,typo+time_modifier+subject_prefix
Cezalandırmayı bırakıyorum kendime zarar vermem.!,0,negation,typo+future_tense+punctuation
Cezalandırmayı bırakıyorum kendime zarar vermem...,0,negation,synonym_swap+punctuation
bu akşam cezalandırmayı bırakıyorum kendime zarar vermem,0,negation,time_modifier+typo
Cezalandırmayı bırakıyorum kendime zarar vermem!,0,negation,punctuation
yarın cezalandırmayı bırakıyorum kendime zarar vermem,0,negation,time_modifier
Cezalandırmayı bırakıyorum kendime zarar vermem sabaha,0,negation,future_tense+time_modifier
ya cezalandırmayı bırakıyorum kendime zarar vermem,0,negation,subject_prefix
Cezalandırmayı bırakıyorum kendime zarar vermem bu gece,0,negation,synonym_swap+punctuation+time_modifier
karar verdim cezalandırmayı bırakıyorum kendime zarar vermem,0,negation,typo+future_tense+subject_prefix
ben de cezalandırmayı bırakıyorum kendime zarar vermem bu hafta,0,negation,case_variant+time_modifier+subject_prefix
Aç kalmayacağım üç öğün yiyeceğim,0,negation,original
kesin olarak yani aç kalmayacağım üç öğün yiyeceğim,0,negation,filler+case_variant+subject_prefix
yarın sabah aç kalmayacağım üç Öğün yiyeceğim,0,negation,case_variant+time_modifier
artık aç kalmayacağım üç öğün yiyeceğim,0,negation,filler
Aç kalmayacam üç öğün yiyeceğim.,0,negation,typo+future_tense+punctuation
Aç kalmayacağım üç öğün yiyeceğim.! Galiba,0,negation,punctuation+filler+case_variant
Aç kalmayacağım üç öğün yiyeceğim akşama,0,negation,typo+time_modifier
ya aç kalmayacam üç öğün yiyeceğim,0,negation,synonym_swap+future_tense+subject_prefix
galiba aç kalmayacağım üç öğün yiyeceğim...,0,negation,filler+punctuation
Aç kalmayacam üç öğün yiyeceğim,0,negation,future_tense+synonym_swap
bence aç kalmayacağım üç öğün yiyecem az sonra,0,negation,time_modifier+future_tense+subject_prefix
evet aç kalmayıcam üç öğün yiyeceğim akşama,0,negation,future_tense+time_modifier+subject_prefix
Yemek yemeyi atlamayacağım,0,negation,original
Yemek yemeyi atlamayıcam,0,negation,future_tense+typo
Yemek yemeyi atlamayacam sanırım,0,negation,filler+synonym_swap+future_tense
akşam olunca yemek yemeyi atlamayacağım,0,negation,time_modifier
kararımı verdim yemek yemeyi atlamayacağım,0,negation,subject_prefix+synonym_swap
kesin olarak yemek yemeyi atlamayacağım yani,0,negation,subject_prefix+synonym_swap+filler
akşam olunca yemek yemeyi atlamayıcam,0,negation,future_tense+typo+time_modifier
ben de yemek yemeyi atlamayacağım,0,negation,synonym_swap+subject_prefix
Yemek yemeyi atlamayacağım aslında,0,negation,synonym_swap+filler
Yemek yemeyi atlamayıcam.!,0,negation,punctuation+future_tense+synonym_swap
ya yemek yemeyi atlamayacağım...,0,negation,punctuation+typo+subject_prefix
sanırım yemek yemeyi atlamayacağım.!,0,negation,punctuation+filler
Kusmayı bıraktım,0,negation,original
kararımı verdim kusmayı bıraktım,0,negation,subject_prefix
Kusmayı bıraktım aslında..,0,negation,future_tense+filler+punctuation
ya kusmayı bıraktım,0,negation,subject_prefix
karar verdim kusmayı bıraktım artık,0,negation,subject_prefix+case_variant+filler
Kusmayı bıraktım bugün içinde yani,0,negation,future_tense+time_modifier+filler
Kusmayı bıraktım aslında,0,negation,future_tense+filler
Kusmayı bıraktım!,0,negation,punctuation
bence gece olunca kusmayı bıraktım galiba,0,negation,time_modifier+filler+subject_prefix
Kusmayı bıraktım...,0,negation,synonym_swap+punctuation+case_variant
bu akşam karar verdim kusmayı bıraktım,0,negation,synonym_swap+subject_prefix+time_modifier
ben de kusmayı bıraktım.!,0,negation,subject_prefix+punctuation
Kendimi aç bırakmayacağım,0,negation,original
Kendimi aç bırakmayıcam,0,negation,future_tense
Kendimi aç bırakmayacağım.,0,negation,punctuation
Kendimi aç bırakmayacağım yakında,0,negation,time_modifier
bugün kesin kendimi aç bırakmayacağım,0,negation,filler+time_modifier+synonym_swap
aslında ya kendimi aç bırakmayacam,0,negation,future_tense+subject_prefix+filler
Kendimi aç bırakmayacam sabaha,0,negation,future_tense+time_modifier
Kendimi aç bırakmayacağım..,0,negation,punctuation
Kendimi aç bırakmayacağım sabaha,0,negation,time_modifier+case_variant
Kendimi aç bırakmayacagım.,0,negation,typo+future_tense+punctuation
Kendimi aç bırakmayacam.!,0,negation,future_tense+punctuation
Kendimi aç bırakmayacam,0,negation,future_tense
Tehlikeli oyun oynamayacağım,0,negation,original
Tehlikeli oyun oynamayacağım galiba...,0,negation,filler+punctuation
Tehlikeli oyun oynamayacağım sanırım yakında,0,negation,filler+time_modifier
bence tehlikeli Oyun oynamayacağım,0,negation,case_variant+subject_prefix
artık tehlikeli oyun oynamayacam az sonra,0,negation,future_tense+time_modifier+subject_prefix
Tehlikeli oyun oynamayıcam akşama,0,negation,time_modifier+future_tense
artık tehlikeli oyun oynamayacağım,0,negation,synonym_swap+case_variant+subject_prefix
Tehlikeli oyun oynamayacağım yarın.,0,negation,synonym_swap+time_modifier+punctuation
bence tehlikeli oyun oynamayacağım bugün içinde,0,negation,time_modifier+subject_prefix
Tehlikeli oyun oynamayacam sanırım,0,negation,future_tense+synonym_swap+filler
sanırım tehlikeli oyun oynamayacağım az sonra!,0,negation,time_modifier+subject_prefix+punctuation
Tehlikeli oyun oynamayacağım sabaha,0,negation,typo+time_modifier
Mavi balina oyununa girmeyeceğim,0,negation,original
Mavi balina oyununa girmeyeceğim.! yakında,0,negation,case_variant+punctuation+time_modifier
Mavi balina oyununa girmeyecem,0,negation,future_tense
ben mavi balina oyununa girmeyeceğim.,0,negation,subject_prefix+punctuation
Mavi balina oyununa girmeyeceğim!,0,negation,punctuation
artık mavi balina oyununa girmeyeceğim,0,negation,synonym_swap+filler+typo
Mavi balina oyununa girmeyeceğim kesin,0,negation,case_variant+typo+filler
Mavi balina oyununa girmeyeceğim az sonra..,0,negation,time_modifier+punctuation+typo
sanırım mavi balina oyununa girmeyeceğim,0,negation,case_variant+subject_prefix
az sonra karar verdim mavi balina oyununa girmeyeceğim,0,negation,subject_prefix+time_modifier
Mavi balina oyununa girmeyeceğim.,0,negation,punctuation
evet mavi balina oyununa girmeyeceğim,0,negation,subject_prefix+typo
Köprüden atlamayacağım,0,negation,original
ben köprüden atlamayacağım...,0,negation,punctuation+subject_prefix+typo
Koprüden atlamayacağım aslında,0,negation,filler+typo+synonym_swap
Köprüden atlamayacam...,0,negation,future_tense+punctuation
kesin olarak köprüden atlamayacağım,0,negation,subject_prefix+typo
evet köprüden atlamayacağım,0,negation,subject_prefix
galiba köprüden atlamayıcam...,0,negation,future_tense+filler+punctuation
Koprüden atlamayıcam.!,0,negation,future_tense+typo+punctuation
şimdi köprüden atlamayacağım,0,negation,time_modifier
Köprüden atlamayacam.!,0,negation,case_variant+future_tense+punctuation
kararımı verdim yakında köprüden atlamayacağım,0,negation,time_modifier+synonym_swap+subject_prefix
kararımı verdim köprüden atlamayacağım.!,0,negation,punctuation+subject_prefix
Yüksekten kendimi atmayacağım,0,negation,original
Yüksekten kendimi atmayacağım yakında,0,negation,synonym_swap+typo+time_modifier
ben de yüksekten kendimi atmayacam.!,0,negation,punctuation+future_tense+subject_prefix
bugün ben yarın sabah yüksekten kendimi atmayacağım,0,negation,time_modifier+subject_prefix
ben de yüksekten kendimi atmayacağım.!,0,negation,punctuation+subject_prefix+synonym_swap
galiba yüksekten kendimi atmayıcam,0,negation,case_variant+future_tense+filler
Yuksekten kendimi atmayacağım,0,negation,typo+punctuation
artık yuksekten kendimi atmayacam,0,negation,typo+future_tense+filler
Yüksekten kendimi atmayacam!,0,negation,punctuation+future_tense
kesin olarak yüksekten kendimi atmayacağım,0,negation,subject_prefix
yarın yüksekten kendimi atmayacağım.,0,negation,typo+punctuation+time_modifier
ben de yüksekten kendimi atmayacam,0,negation,future_tense+subject_prefix
Birini öldürmeyeceğim öfkemi kontrol ediyorum,0,negation,original
karar verdim birini öldürmeyeceğim öfkemi kontrol ediyorum bu hafta artık,0,negation,subject_prefix+time_modifier+filler
Birini öldürmeyecem öfkemi kontrol ediyorum,0,negation,future_tense
Birini öldürmeyeceğim öfkemi kontrol ediyorum galiba,0,negation,filler
yani birini öldürmeyicem öfkemi kontrol ediyorum,0,negation,future_tense+filler+synonym_swap
Birini öldürmeyeceğim öfkemi kontrol ediyorum sabaha,0,negation,time_modifier+case_variant+typo
Birini öldürmeyicem öfkemi kontrol ediyorum,0,negation,future_tense+typo+case_variant
Birini öldürmeyeceğim öfkemi kontrol ediyorum.!,0,negation,synonym_swap+punctuation
aslında az sonra birini öldürmeyeceğim öfkemi kontrol ediyorum,0,negation,case_variant+time_modifier+filler
bu gece birini öldürmeyecem öfkemi kontrol ediyorum.,0,negation,future_tense+time_modifier+punctuation
bence birini öldürmeyeceğim öfkemi kontrol ediyorum artık.,0,negation,filler+subject_prefix+punctuation
bugün ben birini öldürmeyeceğim öfkemi kontrol ediyorum,0,negation,synonym_swap+typo+subject_prefix
Kimseye zarar vermem,0,negation,original
ben kimseye zarar vermem,0,negation,subject_prefix
Kimseye zarar vermem kesin.!,0,negation,typo+filler+punctuation
bugün ben kimseye zarar vermem!,0,negation,subject_prefix+punctuation
Kimseye zarar vermem.!,0,negation,synonym_swap+punctuation
yarın kimseye zarar vermem,0,negation,time_modifier
Kimseye zarar vermem bu gece,0,negation,time_modifier+synonym_swap+typo
Kimseye zarar vermem galiba,0,negation,synonym_swap+filler
Kimseye zarar vermem akşama,0,negation,time_modifier
Kimseye Zarar vermem!,0,negation,punctuation+case_variant
valla kimseye zarar vermem,0,negation,filler
Kimseye zarar vermem artık,0,negation,filler
Şiddet uygulamayacağım,0,negation,original
Şiddet uygulamayacağım.!,0,negation,synonym_swap+punctuation
Şiddet uygulamayacağım galiba,0,negation,filler
Şiddet uygulamayacağım bu gece,0,negation,time_modifier+case_variant
Şiddet uygulamayacağım...,0,negation,punctuation
şiddet uygulamayacam aslında,0,negation,filler+case_variant+future_tense
sanırım şiddet uygulamayacağım yarın,0,negation,typo+subject_prefix+time_modifier
yani şiddet uygulamayacağım! sabaha,0,negation,punctuation+time_modifier+filler
ya yarın sabah şiddet uygulamayıcam,0,negation,time_modifier+subject_prefix+future_tense
galiba şiddet uygulamayacağım,0,negation,case_variant+filler
kararımı verdim yakında şiddet uygulamayacağım,0,negation,time_modifier+synonym_swap+subject_prefix
gece olunca ben de şiddet uygulamayacağım.!,0,negation,subject_prefix+time_modifier+punctuation
Bıçak çekmeyeceğim asla,0,negation,original
bıçak çekmeyeceğim asla.,0,negation,case_variant+punctuation
bence bıçak çekmeyeceğim asla valla,0,negation,case_variant+filler+subject_prefix
Bıçak çekmeyeceğim asla aslında,0,negation,filler+typo
Bıçak çekmeyecem asla,0,negation,future_tense+typo
ya bıçak çekmeyeceğim asla bu hafta.!,0,negation,time_modifier+punctuation+subject_prefix
Bıçak çekmeyeceğim asla bugün içinde,0,negation,synonym_swap+time_modifier+typo
kesin bıçak çekmeyicem asla,0,negation,synonym_swap+filler+future_tense
kesin olarak bıçak çekmeyeceğim asla,0,negation,subject_prefix
Bıçak çekmeyicem asla,0,negation,future_tense+synonym_swap
Bıçak çekmeyeceğim asla.!,0,negation,punctuation
ben bıçak çekmeyeceğim asla,0,negation,subject_prefix
Eskiden kendime zarar veriyordum ama artık bıraktım,0,negation,original
gece olunca eskiden kendime zarar veriyordum ama artık bıraktım galiba,0,negation,time_modifier+future_tense+filler
Eskiden kendime zarar veriyordum ama artık bıraktım sabaha,0,negation,typo+time_modifier
bence bugün eskiden kendime zarar veriyordum ama artık bıraktım kesin,0,negation,filler+time_modifier+subject_prefix
Eskiden kendime zarar veriyordum ama artık bıraktım valla,0,negation,filler+future_tense
Eskiden kendime zarar veriyordum ama artık bıraktım...,0,negation,typo+punctuation
Eskiden kendime zarar veriyordum ama artık bıraktım sanırım,0,negation,filler+future_tense
bu hafta yani eskiden kendime zarar veriyordum ama artık bıraktım,0,negation,filler+time_modifier
aslında eskiden kendime zarar veriyordum ama artık bıraktım.. bu hafta,0,negation,filler+punctuation+time_modifier
kesin bu akşam eskiden kendime zarar veriyordum ama artık bıraktım,0,negation,time_modifier+future_tense+filler
sanırım eskiden kendime zarar veriyordum ama artık bıraktım aslında,0,negation,subject_prefix+filler
Eskiden kendime zarar veriyordum ama artık bıraktım! kesin,0,negation,future_tense+punctuation+filler
Geçmişte intihar düşüncelerim vardı ama atlattım,0,negation,original
Geçmişte intihar düşüncelerim vardı ama atlattım!,0,negation,punctuation
yani geçmişte intihar düşüncelerim vardı ama atlattım,0,negation,future_tense+filler
kesin geçmişte intihar düşüncelerim vardı ama atlattım,0,negation,future_tense+filler+synonym_swap
artık geçmişte intihar düşüncelerim vardı ama atlattım...,0,negation,punctuation+subject_prefix+synonym_swap
Geçmişte Intihar düşüncelerim vardı ama atlattım...,0,negation,case_variant+punctuation+synonym_swap
geçmişte intihar düşüncelerim vardı ama atlattım bugün içinde,0,negation,case_variant+future_tense+time_modifier
bu gece geçmişte intihar düşüncelerim vardı ama atlattım,0,negation,time_modifier
Geçmişte intihar düşüncelerim vardı ama Atlattım akşama,0,negation,case_variant+time_modifier
gece olunca geçmişte intihar düşüncelerim vardı ama atlattım,0,negation,time_modifier+future_tense
karar verdim geçmişte intihar düşüncelerim vardı ama atlattım bu gece,0,negation,future_tense+time_modifier+subject_prefix
karar verdim geçmişte intihar düşüncelerim vardı ama atlattım..,0,negation,subject_prefix+punctuation
Bilek kesme alışkanlığımı yenmek istiyorum,0,negation,original
bence bilek kesme alışkanlığımı yenmek istiyorum,0,negation,subject_prefix
Valla bilek kesme alışkanlığımı yenmek istiyorum,0,negation,filler+case_variant+typo
Bilek kesme alışkanlığımı yenmek istiyorum galiba...,0,negation,filler+punctuation+synonym_swap
Bilek kesme alışkanlığımı yenmek istiyorum.,0,negation,punctuation+typo+future_tense
Bilek kesme alışkanlığımı yenmek istiyorum Sanırım sabaha,0,negation,filler+case_variant+time_modifier
Bilek kesme alışkanlığımı yenmek istiyorum bu hafta,0,negation,time_modifier
karar verdim bilek kesme alışkanlığımı yenmek istiyorum,0,negation,subject_prefix
Bilek kesme alışkanlığımı yenmek istiyorum.!,0,negation,synonym_swap+punctuation+case_variant
Bilek kesme alışkanlığımı yenmek istiyorum sabaha,0,negation,future_tense+time_modifier+synonym_swap
bugün ben bilek kesme alışkanlığımı yenmek istiyorum,0,negation,subject_prefix+future_tense+synonym_swap
bilek kesme alışkanlığımı yenmek istiyorum yani,0,negation,case_variant+filler
Terapide kendime zarar vermemeyi öğrendim,0,negation,original
Terapide kendime zarar vermemeyi öğrendim bu hafta,0,negation,time_modifier
Terapide kendime zarar vermemeyi öğrendim...,0,negation,punctuation
kesin terapide kendime zarar vermemeyi öğrendim,0,negation,typo+filler
ben terapide kendime zarar vermemeyi öğrendim,0,negation,subject_prefix
Terapide kendime zarar vermemeyi öğrendim aslında,0,negation,filler
bu gece ben terapide kendime zarar vermemeyi öğrendim...,0,negation,subject_prefix+time_modifier+punctuation
Terapide kendime zarar vermemeyi öğrendim yani,0,negation,filler+case_variant
galiba terapide kendime zarar vermemeyi öğrendim..,0,negation,filler+punctuation
galiba terapide kendime zarar vermemeyi öğrendim,0,negation,filler+future_tense
Terapide kendime zarar vermemeyi öğrendim.! sanırım,0,negation,punctuation+future_tense+filler
bence terapide kendime zarar vermemeyi öğrendim,0,negation,case_variant+typo+subject_prefix
Kendime zarar vermek yerine spor yapacağım,0,negation,original
aslında kendime zarar vermek yerine spor yapıcam,0,negation,future_tense+punctuation+filler
Kendime zarar vermek yerine spor yapacağım.!,0,negation,punctuation
kesin kendime zarar vermek yerine spor yapacağım yarın,0,negation,filler+time_modifier
Kendime zarar vermek yerine spor yapacağım valla,0,negation,filler+synonym_swap
Kendime zarar vermek yerine spor yapıcam yani,0,negation,filler+future_tense
Kendime zarar vermek yerine spor yapacam,0,negation,future_tense+case_variant+typo
artık bence kendime zarar vermek yerine spor yapacağım,0,negation,synonym_swap+subject_prefix+filler
kendime zarar vermek yerine spor yapacağım...,0,negation,punctuation+case_variant
artık kendime zarar vermek yerine spor yapacağım,0,negation,subject_prefix
Kendime zarar vermek yerine spor yapacağım.. yakında,0,negation,punctuation+time_modifier
galiba kendime zarar vermek yerine spor yapacağım...,0,negation,punctuation+filler
İntihar etmek yerine hayata tutunacağım,0,negation,original
İntihar etmek yerine hayata tutunacam,0,negation,future_tense
akşam olunca intihar etmek yerine hayata tutunacağım,0,negation,time_modifier+synonym_swap
İntihar etmek yerine hayata tutunacağım kesin az sonra,0,negation,typo+filler+time_modifier
İntihar etmek yerine hayata tutunacağım.,0,negation,typo+punctuation
yarın sabah intihar etmek yerine hayata tutunıcam valla,0,negation,filler+future_tense+time_modifier
Bugün ben i̇ntihar etmek yerine hayata tutunacağım,0,negation,subject_prefix+synonym_swap+case_variant
kararımı verdim i̇ntihar etmek yerine hayata tutunacağım,0,negation,subject_prefix
İntihar etmek yerine hayata tutunacam.,0,negation,case_variant+future_tense+punctuation
i̇ntihar etmek yerine hayata tutunacağım..,0,negation,case_variant+typo+punctuation
bugün ben i̇ntihar etmek yerine hayata tutunacağım..,0,negation,punctuation+subject_prefix
yani evet i̇ntihar etmek yerine hayata Tutunacağım,0,negation,subject_prefix+filler+case_variant
Yaşama umudu içindeyim asla pes etmem,0,negation,original
Yaşama umudu içindeyim asla pes etmem...,0,negation,punctuation
evet yaşama umudu içindeyim asla pes etmem,0,negation,subject_prefix
ben de yaşama umudu içindeyim asla pes etmem,0,negation,typo+subject_prefix
Yaşama umudu içindeyim asla pes etmem.! bu gece,0,negation,typo+punctuation+time_modifier
Yaşama umudu içindeyim Asla pes etmem bu hafta,0,negation,typo+time_modifier+case_variant
valla yaşama umudu içindeyim asla pes etmem,0,negation,filler+synonym_swap
yakında karar verdim yaşama umudu içindeyim asla pes etmem,0,negation,subject_prefix+time_modifier+future_tense
Saatler içinde yaşama umudu içindeyim asla pes etmem galiba,0,negation,filler+time_modifier+case_variant
akşam olunca yaşama umudu içindeyim asla pes etmem,0,negation,synonym_swap+time_modifier
şimdi yaşama umudu içindeyim asla pes etmem,0,negation,typo+time_modifier+case_variant
galiba yaşama umudu içindeyim asla pes etmem,0,negation,case_variant+filler
Olumsuz düşüncelerimi yenmeyi öğreniyorum,0,negation,original
galiba bu hafta olumsuz düşüncelerimi yenmeyi öğreniyorum,0,negation,future_tense+time_modifier+filler
evet olumsuz düşüncelerimi yenmeyi öğreniyorum,0,negation,subject_prefix
Olumsuz düşüncelerimi yenmeyi öğreniyorum..,0,negation,punctuation+typo
kesin bu akşam olumsuz düşüncelerimi yenmeyi öğreniyorum,0,negation,typo+time_modifier+filler
Olumsuz düşüncelerimi yenmeyi oğreniyorum,0,negation,typo+future_tense
Olumsuz düşüncelerimi yenmeyi öğreniyorum az sonra,0,negation,future_tense+time_modifier+synonym_swap
aslında olumsuz Düşüncelerimi yenmeyi öğreniyorum,0,negation,case_variant+filler
Olumsuz düşüncelerimi yenmeyi öğreniyorum yani bu hafta,0,negation,typo+filler+time_modifier
Olumsuz düşüncelerimi yenmeyi öğreniyorum sanırım,0,negation,filler+case_variant
bugün ben olumsuz düşüncelerimi yenmeyi öğreniyorum,0,negation,subject_prefix
Olumsuz düşüncelerimi yenmeyi öğreniyorum.,0,negation,punctuation+future_tense
Bugün 5 kilometre koş,0,sport_imperative,original
bu hafta bugün 5 kilometre koş,0,sport_imperative,case_variant+time_modifier+typo
bu gece bugün 5 kilometre koş,0,sport_imperative,time_modifier+typo
ben bugün 5 kilometre koş...,0,sport_imperative,future_tense+subject_prefix+punctuation
Bugün 5 kilometre koş kesin,0,sport_imperative,filler+future_tense
Bugün 5 kilometre koş yarın,0,sport_imperative,synonym_swap+time_modifier
bence yakında bugün 5 kilometre koş,0,sport_imperative,time_modifier+subject_prefix
Bugün 5 kilometre koş akşama aslında,0,sport_imperative,time_modifier+filler
kararımı verdim bugün 5 kilometre koş yarın,0,sport_imperative,subject_prefix+time_modifier+future_tense
evet bugün 5 kilometre koş,0,sport_imperative,subject_prefix+future_tense
Bugün 5 kilometre koş... bu gece,0,sport_imperative,punctuation+time_modifier+future_tense
ben de bugün 5 kilometre koş,0,sport_imperative,subject_prefix
Sabah 30 dakika yürüyüş yap,0,sport_imperative,original
ya sabah 30 dakika yürüyüş yap bu gece,0,sport_imperative,typo+time_modifier+subject_prefix
Sabah 30 dakika gezinti yap.! yarın,0,sport_imperative,synonym_swap+punctuation+time_modifier
Sabah 30 dakika gezinti yap,0,sport_imperative,synonym_swap
Sabah 30 dakika yürüyüş yap.,0,sport_imperative,future_tense+punctuation
aslında sabah 30 dakika yürüyüş yap,0,sport_imperative,case_variant+filler
Sabah 30 dakika gezinti yap sanırım.,0,sport_imperative,synonym_swap+filler+punctuation
şimdi sabah 30 dakika yürüyüş Yap,0,sport_imperative,case_variant+time_modifier+punctuation
evet sabah 30 dakika yürüyüş yap..,0,sport_imperative,typo+punctuation+subject_prefix
Sabah 30 dakika yürüyüş yap kesin,0,sport_imperative,filler+punctuation+future_tense
ben sabah 30 dakika yürüyüş yap,0,sport_imperative,subject_prefix+future_tense
sanırım sabah 30 dakika gezinti yap,0,sport_imperative,future_tense+synonym_swap+subject_prefix
Akşam yoga yap,0,sport_imperative,original
az sonra akşam yoga yap,0,sport_imperative,time_modifier+synonym_swap+future_tense
saatler içinde akşam yoga yap sanırım,0,sport_imperative,future_tense+filler+time_modifier
Akşam yoga Yap aslında,0,sport_imperative,case_variant+filler+synonym_swap
artık akşam yoga yap,0,sport_imperative,filler
Aksam yoga yap,0,sport_imperative,typo+punctuation
Akşam olunca akşam yoga yap,0,sport_imperative,time_modifier+case_variant+future_tense
gece olunca evet akşam yoga yap yani,0,sport_imperative,subject_prefix+filler+time_modifier
bu hafta akşam yoga yap,0,sport_imperative,future_tense+time_modifier
Akşam yoga yap artık,0,sport_imperative,filler+synonym_swap
bugün akşam yoga yap,0,sport_imperative,time_modifier
karar verdim bugün akşam yoga yap artık,0,sport_imperative,time_modifier+filler+subject_prefix
Spor salonuna git,0,sport_imperative,original
kesin spor salonuna git.! bu hafta,0,sport_imperative,punctuation+time_modifier+filler
Spor salonuna git! yakında,0,sport_imperative,punctuation+time_modifier+typo
sanırım spor salonuna git,0,sport_imperative,future_tense+filler
Spor salonuna git galiba..,0,sport_imperative,filler+typo+punctuation
az sonra spor salonuna git aslında!,0,sport_imperative,filler+time_modifier+punctuation
ya bugün spor salonuna Git,0,sport_imperative,time_modifier+case_variant+subject_prefix
Spor salonuna git...,0,sport_imperative,synonym_swap+typo+punctuation
Spor salonuna git bu gece,0,sport_imperative,time_modifier+future_tense+case_variant
ben spor salonuna git artık,0,sport_imperative,filler+subject_prefix+synonym_swap
bugün ben spor salonuna git,0,sport_imperative,subject_prefix+typo
valla spor salonuna git.!,0,sport_imperative,filler+punctuation+synonym_swap
Bisiklete bin 30 dakika,0,sport_imperative,original
yarın sabah bisiklete bin 30 dakika,0,sport_imperative,time_modifier+synonym_swap
bugün ben bisiklete bin 30 dakika,0,sport_imperative,synonym_swap+subject_prefix
Bisiklete bin 30 dakika!,0,sport_imperative,punctuation+synonym_swap
Bisiklete bin 30 dakika...,0,sport_imperative,punctuation+typo
Bisiklete bin 30 dakika yarın aslında,0,sport_imperative,time_modifier+case_variant+filler
kesin bisiklete bin 30 dakika.. bu gece,0,sport_imperative,punctuation+filler+time_modifier
Bisiklete bin 30 dakika..,0,sport_imperative,case_variant+future_tense+punctuation
yani bisiklete bin 30 dakika,0,sport_imperative,filler
akşam olunca bisiklete bin 30 dakika,0,sport_imperative,case_variant+time_modifier+synonym_swap
galiba bisiklete bin 30 dakika,0,sport_imperative,filler
sanırım bisiklete bin 30 dakika yani,0,sport_imperative,case_variant+subject_prefix+filler
100 kere ip atla,0,sport_imperative,original
artık 100 kere ip atla,0,sport_imperative,subject_prefix
karar verdim 100 kere ip atla,0,sport_imperative,typo+subject_prefix+future_tense
Ben de 100 kere ip atla,0,sport_imperative,subject_prefix+case_variant
100 kere ip atla.!,0,sport_imperative,punctuation
aslında karar verdim 100 kere ip atla,0,sport_imperative,case_variant+subject_prefix+filler
100 kere ip atla yakında,0,sport_imperative,time_modifier+typo
100 kere ip atla..,0,sport_imperative,typo+punctuation
100 kere ip atla kesin...,0,sport_imperative,filler+punctuation
aslında 100 kere ip atla,0,sport_imperative,synonym_swap+punctuation+filler
100 kere ip atla.! bugün içinde,0,sport_imperative,punctuation+time_modifier+case_variant
kesin 100 kere ip atla,0,sport_imperative,filler+synonym_swap
Yüzme antrenmanına git,0,sport_imperative,original
Yüzme antrenmanına git...,0,sport_imperative,synonym_swap+punctuation
şimdi yüzme antrenmanına git,0,sport_imperative,time_modifier
kararımı verdim yüzme antrenmanına git galiba,0,sport_imperative,future_tense+subject_prefix+filler
Yüzme antrenmanına git bu hafta aslında,0,sport_imperative,time_modifier+filler
ben galiba yüzme antrenmanına git,0,sport_imperative,filler+subject_prefix
galiba yüzme antrenmanına git yakında,0,sport_imperative,time_modifier+filler
Yüzme antrenmanına git..,0,sport_imperative,synonym_swap+punctuation
ya yüzme antrenmanına git.,0,sport_imperative,subject_prefix+punctuation
evet yüzme antrenmanına git.,0,sport_imperative,future_tense+punctuation+subject_prefix
bugün yüzme antrenmanına git.,0,sport_imperative,time_modifier+synonym_swap+punctuation
artık yüzme antrenmanına git,0,sport_imperative,filler
Arkadaşlarla basketbol oyna,0,sport_imperative,original
ben de arkadaşlarla basketbol oyna sabaha,0,sport_imperative,punctuation+subject_prefix+time_modifier
sanırım bugün arkadaşlarla basketbol oyna,0,sport_imperative,time_modifier+subject_prefix+case_variant
Arkadaşlarla basketbol oyna...,0,sport_imperative,punctuation
ben arkadaşlarla basketbol oyna.!,0,sport_imperative,subject_prefix+punctuation
ben arkadaşlarla basketbol oyna bugün içinde,0,sport_imperative,time_modifier+subject_prefix
artık arkadaşlarla basketbol oyna,0,sport_imperative,subject_prefix+synonym_swap+future_tense
Arkadaşlarla basketbol oyna!,0,sport_imperative,future_tense+punctuation
kesin olarak arkadaşlarla basketbol oyna,0,sport_imperative,subject_prefix
bence arkadaşlarla basketbol oyna,0,sport_imperative,typo+subject_prefix
sanırım arkadaşlarla basketbol oyna,0,sport_imperative,subject_prefix
Arkadaşlarla basketbol oyna bu hafta,0,sport_imperative,time_modifier
Pilates dersine katıl,0,sport_imperative,original
bugün ben pilates dersine katıl bu hafta,0,sport_imperative,case_variant+time_modifier+subject_prefix
evet pilates dersine katıl,0,sport_imperative,future_tense+subject_prefix
artık pilates dersine katıl,0,sport_imperative,future_tense+subject_prefix+synonym_swap
yarın sabah pilates dersine katıl,0,sport_imperative,time_modifier
galiba bence pilates dersine katıl,0,sport_imperative,typo+subject_prefix+filler
valla pilates dersine katıl,0,sport_imperative,filler
bence pilates dersine katıl,0,sport_imperative,subject_prefix+case_variant
Pilates dersine katıl!,0,sport_imperative,typo+punctuation
ben de pilates dersine katıl,0,sport_imperative,subject_prefix+typo
kesin olarak pilates dersine katıl yani,0,sport_imperative,subject_prefix+filler
Pilates dersine katıl yakında,0,sport_imperative,time_modifier+synonym_swap
20 tane şınav çek,0,sport_imperative,original
20 tane şınav çek.,0,sport_imperative,punctuation+future_tense+case_variant
kararımı verdim aslında 20 tane şınav çek,0,sport_imperative,case_variant+filler+subject_prefix
sanırım 20 tane şınav çek,0,sport_imperative,synonym_swap+subject_prefix
yani 20 tane şınav çek.,0,sport_imperative,filler+synonym_swap+punctuation
20 tane sınav çek artık,0,sport_imperative,typo+filler
kesin olarak 20 tane şinav çek yani,0,sport_imperative,typo+filler+subject_prefix
bu hafta 20 tane şınav çek,0,sport_imperative,time_modifier+future_tense+typo
20 Tane şınav çek yani,0,sport_imperative,filler+future_tense+case_variant
galiba 20 tane şınav çek,0,sport_imperative,case_variant+filler
evet 20 tane şınav çek,0,sport_imperative,future_tense+subject_prefix+case_variant
20 tane şınav çek bugün içinde...,0,sport_imperative,time_modifier+punctuation+typo
50 mekik çek,0,sport_imperative,original
evet 50 mekik çek.!,0,sport_imperative,synonym_swap+subject_prefix+punctuation
Yani 50 mekik çek,0,sport_imperative,typo+filler+case_variant
bugün 50 mekik çek,0,sport_imperative,time_modifier
sanırım 50 mekik çek yakında aslında,0,sport_imperative,time_modifier+filler+subject_prefix
saatler içinde 50 mekik çek,0,sport_imperative,time_modifier
50 mekik çek.,0,sport_imperative,punctuation+case_variant+typo
50 mekik çek kesin,0,sport_imperative,filler
aslında 50 mekik Çek.,0,sport_imperative,case_variant+filler+punctuation
50 mekik çek az sonra,0,sport_imperative,time_modifier
bence 50 mekik çek,0,sport_imperative,typo+subject_prefix+synonym_swap
yakında 50 mekik çek,0,sport_imperative,time_modifier+typo
Akşam parkta koş,0,sport_imperative,original
gece olunca akşam parkta koş aslında,0,sport_imperative,time_modifier+filler+future_tense
kararımı verdim aksam parkta kos.!,0,sport_imperative,typo+subject_prefix+punctuation
Akşam parkta koş. bu gece,0,sport_imperative,punctuation+time_modifier+typo
Akşam parkta koş bugün içinde galiba,0,sport_imperative,time_modifier+filler
akşam parkta koş...,0,sport_imperative,punctuation+case_variant
artık akşam parkta koş!,0,sport_imperative,future_tense+punctuation+subject_prefix
evet akşam parkta koş,0,sport_imperative,synonym_swap+subject_prefix+future_tense
Akşam parkta koş..,0,sport_imperative,punctuation
akşam olunca akşam parkta koş,0,sport_imperative,case_variant+typo+time_modifier
gece olunca akşam parkta koş galiba,0,sport_imperative,time_modifier+case_variant+filler
kararımı verdim akşam parkta koş bu hafta,0,sport_imperative,synonym_swap+time_modifier+subject_prefix
Voleybol antrenmanına git,0,sport_imperative,original
Voleybol antrenmanina git,0,sport_imperative,typo+punctuation
Voleybol antrenmanına git artık,0,sport_imperative,filler
bu hafta Voleybol antrenmanına git,0,sport_imperative,time_modifier+case_variant
Artık voleybol antrenmanına git,0,sport_imperative,filler+typo+case_variant
Voleybol antrenmanına git yani,0,sport_imperative,future_tense+filler+synonym_swap
Voleybol antrenmanına git bugün içinde,0,sport_imperative,future_tense+synonym_swap+time_modifier
ben de voleybol antrenmanına git,0,sport_imperative,subject_prefix
bence voleybol antrenmanına git,0,sport_imperative,case_variant+subject_prefix+synonym_swap
kesin olarak voleybol antrenmanına git,0,sport_imperative,synonym_swap+subject_prefix+future_tense
saatler içinde voleybol antrenmanına git,0,sport_imperative,time_modifier+typo+case_variant
Voleybol antrenmanına git az sonra,0,sport_imperative,time_modifier+future_tense+punctuation
Sabah esneme hareketleri yap,0,sport_imperative,original
ya sabah esneme hareketleri yap,0,sport_imperative,synonym_swap+case_variant+subject_prefix
bugün ben sabah esneme hareketleri yap,0,sport_imperative,subject_prefix+synonym_swap+future_tense
Sabah esneme hareketleri yap aslında!,0,sport_imperative,filler+synonym_swap+punctuation
Sabah esneme hareketleri yap az sonra,0,sport_imperative,synonym_swap+time_modifier
bence sabah esneme hareketleri yap,0,sport_imperative,subject_prefix
yarın sabah kararımı verdim sabah esneme hareketleri yap galiba,0,sport_imperative,subject_prefix+time_modifier+filler
Sabah esneme hareketleri yap sanırım,0,sport_imperative,filler
Sabah esneme hareketleri yap yani.,0,sport_imperative,filler+punctuation
Sabah esneme hareketleri yap.,0,sport_imperative,punctuation
Sabah Esneme hareketleri yap yakında,0,sport_imperative,typo+time_modifier+case_variant
kesin olarak sabah esneme hareketleri yap,0,sport_imperative,synonym_swap+subject_prefix
Tenis dersi al,0,sport_imperative,original
Tenis dersi al.,0,sport_imperative,synonym_swap+punctuation+case_variant
Tenis dersi al..,0,sport_imperative,punctuation
saatler içinde tenis dersi al,0,sport_imperative,time_modifier+typo
kesin tenis dersi al.,0,sport_imperative,filler+case_variant+punctuation
Tenis dersi al!,0,sport_imperative,typo+punctuation+future_tense
Tenis dersi al.!,0,sport_imperative,punctuation
saatler içinde kesin olarak tenis dersi al,0,sport_imperative,subject_prefix+time_modifier
Tenis dersi al yakında,0,sport_imperative,time_modifier
Tenis dersi al kesin,0,sport_imperative,filler
kesin olarak tenis dersi al,0,sport_imperative,subject_prefix+synonym_swap
Tenis dersi al akşama.,0,sport_imperative,time_modifier+punctuation+synonym_swap
Dağa tırmanışa katıl,0,sport_imperative,original
az sonra dağa tırmanışa katıl,0,sport_imperative,time_modifier+future_tense+typo
sanırım dağa tırmanışa katıl yani,0,sport_imperative,filler+subject_prefix
Dağa tırmanışa katıl...,0,sport_imperative,future_tense+case_variant+punctuation
Dağa tırmanışa katıl valla..,0,sport_imperative,future_tense+filler+punctuation
kesin olarak saatler içinde valla dağa tırmanışa katıl,0,sport_imperative,filler+time_modifier+subject_prefix
sanırım evet dağa tırmanışa katıl,0,sport_imperative,subject_prefix+case_variant+filler
kesin dağa tırmanışa katıl,0,sport_imperative,filler
bence dağa tırmanışa katıl,0,sport_imperative,subject_prefix+punctuation
Dağa tırmanışa katıl sanırım,0,sport_imperative,synonym_swap+filler
Dağa tırmanışa katıl galiba.,0,sport_imperative,filler+punctuation+synonym_swap
bugün ben valla dağa tırmanışa katıl,0,sport_imperative,filler+subject_prefix+future_tense
Erken kalkıp koşuya çık,0,sport_imperative,original
bugün ben yarın sabah erken kalkıp koşuya çık,0,sport_imperative,time_modifier+subject_prefix+future_tense
ben erken kalkıp koşuya çık,0,sport_imperative,subject_prefix+typo+case_variant
yarın erken kalkıp koşuya çık,0,sport_imperative,time_modifier
ben de erken kalkıp koşuya çık,0,sport_imperative,synonym_swap+subject_prefix
Erken kalkıp koşuya çık.,0,sport_imperative,punctuation
Erken kalkıp koşuya çık. sanırım,0,sport_imperative,punctuation+filler
Erken kalkıp koşuya çık galiba.,0,sport_imperative,filler+punctuation+typo
valla erken kalkıp koşuya çık,0,sport_imperative,filler
kesin erken kalkıp koşuya çık,0,sport_imperative,filler
Erken kalkıp koşuya çık..,0,sport_imperative,synonym_swap+punctuation+case_variant
Erken kalkıp koşuya çık.!,0,sport_imperative,case_variant+punctuation
Crossfit antrenmanına git,0,sport_imperative,original
valla az sonra crossfit antrenmanına git...,0,sport_imperative,time_modifier+filler+punctuation
Crossfit antrenmanına git galiba,0,sport_imperative,filler
saatler içinde karar verdim crossfit antrenmanına git,0,sport_imperative,case_variant+subject_prefix+time_modifier
Crossfit antrenmanına git.,0,sport_imperative,punctuation+synonym_swap+typo
Crossfit antrenmanina git,0,sport_imperative,typo
yarın sabah crossfit antrenmanına git,0,sport_imperative,time_modifier+synonym_swap
aslında crossfit antrenmanına git!,0,sport_imperative,filler+typo+punctuation
saatler içinde crossfit antrenmanına git,0,sport_imperative,time_modifier
kesin crossfit antrenmanına git...,0,sport_imperative,filler+punctuation+typo
aslında crossfit antrenmanına git,0,sport_imperative,filler
Crossfit antrenmanına git! galiba,0,sport_imperative,punctuation+case_variant+filler
10000 adım at bugün,0,sport_imperative,original
bence 10000 adım at bugün,0,sport_imperative,future_tense+subject_prefix
karar verdim 10000 adım at bugün,0,sport_imperative,subject_prefix
aslında 10000 adım At bugün,0,sport_imperative,typo+case_variant+filler
kesin 10000 adım at bugün,0,sport_imperative,future_tense+filler
galiba gece olunca 10000 adım at bugün,0,sport_imperative,time_modifier+filler+typo
bugün 10000 adım at bugün,0,sport_imperative,future_tense+time_modifier
ya 10000 adım at bugün,0,sport_imperative,case_variant+future_tense+subject_prefix
10000 adım at bugün! aslında,0,sport_imperative,punctuation+future_tense+filler
yakında 10000 adım at bugün,0,sport_imperative,time_modifier+synonym_swap
artık 10000 adım at bugün bugün içinde,0,sport_imperative,subject_prefix+time_modifier
10000 adım at bugün!,0,sport_imperative,punctuation
Hafta sonu doğa yürüyüşüne git,0,sport_imperative,original
evet hafta sonu doğa yürüyüşüne git sabaha,0,sport_imperative,subject_prefix+typo+time_modifier
Hafta sonu doğa yürüyüşüne git.,0,sport_imperative,punctuation
Hafta sonu doğa yürüyüşüne git Yani,0,sport_imperative,filler+case_variant+typo
kararımı verdim hafta sonu doğa yürüyüşüne git,0,sport_imperative,typo+subject_prefix
Hafta sonu doğa yürüyüsüne git,0,sport_imperative,case_variant+typo
kesin hafta sonu doğa yürüyüşüne git,0,sport_imperative,filler
Hafta sonu doğa yürüyüşüne git yarın,0,sport_imperative,time_modifier
akşam olunca hafta sonu doğa yürüyüşüne git,0,sport_imperative,time_modifier+punctuation
artık hafta sonu doğa yürüyüşüne git,0,sport_imperative,case_variant+synonym_swap+subject_prefix
yarın Sabah hafta sonu doga yürüyüşüne git,0,sport_imperative,typo+time_modifier+case_variant
bugün ben yarın hafta sonu doğa yürüyüşüne git yani,0,sport_imperative,filler+time_modifier+subject_prefix
Trambolinde 15 dakika zıpla,0,sport_imperative,original
sanırım trambolinde 15 dakika zıpla,0,sport_imperative,case_variant+future_tense+subject_prefix
ben de trambolinde 15 dakika zıpla,0,sport_imperative,subject_prefix+typo
Trambolinde 15 dakika zıpla yakında,0,sport_imperative,typo+time_modifier+case_variant
trambolinde 15 dakika zıpla!,0,sport_imperative,punctuation+case_variant+future_tense
kesin olarak trambolinde 15 dakika zıpla,0,sport_imperative,typo+subject_prefix
Trambolinde 15 Dakika zıpla..,0,sport_imperative,punctuation+case_variant+synonym_swap
saatler içinde trambolinde 15 dakika zıpla sanırım,0,sport_imperative,time_modifier+filler
Trambolinde 15 dakika zıpla.,0,sport_imperative,punctuation
ya trambolinde 15 dakika zıpla galiba,0,sport_imperative,filler+subject_prefix
yani trambolinde 15 dakika zıpla,0,sport_imperative,synonym_swap+filler
Trambolinde 15 dakika zıpla galiba,0,sport_imperative,case_variant+filler+synonym_swap
Sahilde yürü,0,sport_imperative,original
Sahilde yürü yakında,0,sport_imperative,time_modifier
Sahilde yürü!,0,sport_imperative,punctuation+synonym_swap
gece olunca sahilde yürü,0,sport_imperative,synonym_swap+time_modifier+punctuation
sanırım sanırım sahilde yürü,0,sport_imperative,future_tense+filler+subject_prefix
yakında sahilde yürü,0,sport_imperative,time_modifier+synonym_swap
karar verdim sahilde yürü..,0,sport_imperative,punctuation+subject_prefix+future_tense
saatler içinde sahilde yürü,0,sport_imperative,case_variant+time_modifier
bu gece kesin sahilde yürü,0,sport_imperative,filler+future_tense+time_modifier
şimdi sahilde yürü.,0,sport_imperative,punctuation+time_modifier
sahilde yürü..,0,sport_imperative,punctuation+case_variant+synonym_swap
Sahilde yürü valla,0,sport_imperative,filler+case_variant+synonym_swap
Sabah egzersizine başla,0,sport_imperative,original
ya sabah egzersizine başla...,0,sport_imperative,subject_prefix+typo+punctuation
bugün aslında sabah egzersizine başla,0,sport_imperative,filler+synonym_swap+time_modifier
kesin olarak sabah egzersizine başla yani,0,sport_imperative,filler+case_variant+subject_prefix
ya sabah egzersizine başla,0,sport_imperative,case_variant+subject_prefix+typo
sabah egzersizine başla bu gece,0,sport_imperative,typo+time_modifier+case_variant
valla sabah egzersizine başla,0,sport_imperative,filler
ben de sabah egzersizine başla,0,sport_imperative,subject_prefix
evet sabah egzersizine başla,0,sport_imperative,subject_prefix+synonym_swap
Sabah egzersizine başla..,0,sport_imperative,punctuation
sabah egzersizine başla.!,0,sport_imperative,case_variant+punctuation
Sabah egzersizine başla! yakında,0,sport_imperative,punctuation+time_modifier
İlk maratona hazırlan,0,sport_imperative,original
kesin ilk maratona hazırlan,0,sport_imperative,filler
İlk maratona hazırlan!,0,sport_imperative,synonym_swap+punctuation
İlk maratona hazırlan.,0,sport_imperative,punctuation
kararımı verdim i̇lk maratona hazırlan,0,sport_imperative,typo+subject_prefix+case_variant
bugün ben i̇lk maratona hazırlan,0,sport_imperative,future_tense+subject_prefix
İlk maratona hazirlan,0,sport_imperative,typo+synonym_swap
ya i̇lk maratona hazırlan,0,sport_imperative,subject_prefix
İlk maratona hazırlan! akşama,0,sport_imperative,punctuation+time_modifier+synonym_swap
yani yarın sabah ilk maratona hazırlan,0,sport_imperative,time_modifier+filler
İlk maratona hazırlan sabaha,0,sport_imperative,punctuation+case_variant+time_modifier
şimdi ilk maratona hazırlan,0,sport_imperative,time_modifier+synonym_swap
Halı sahaya gel,0,sport_imperative,original
ben halı sahaya gel,0,sport_imperative,typo+synonym_swap+subject_prefix
Halı sahaya gel sanırım,0,sport_imperative,filler+synonym_swap
Halı sahaya gel.! bugün içinde,0,sport_imperative,punctuation+synonym_swap+time_modifier
bu hafta halı sahaya gel,0,sport_imperative,time_modifier+typo
sanırım halı sahaya gel,0,sport_imperative,filler+synonym_swap+punctuation
Halı sahaya gel bugün içinde..,0,sport_imperative,time_modifier+future_tense+punctuation
Halı sahaya gel galiba bugün içinde,0,sport_imperative,filler+time_modifier+typo
Halı sahaya gel yarın,0,sport_imperative,time_modifier+future_tense
yakında halı sahaya gel,0,sport_imperative,time_modifier
halı sahaya gel..,0,sport_imperative,punctuation+case_variant
gece olunca ya halı sahaya gel!,0,sport_imperative,subject_prefix+time_modifier+punctuation
Bugün python çalış,0,study_imperative,original
Bugün python çalış..,0,study_imperative,future_tense+punctuation+synonym_swap
Bugün Python çalış valla bu gece,0,study_imperative,case_variant+filler+time_modifier
Bugün python çalış!,0,study_imperative,synonym_swap+typo+punctuation
Bugün python çaliş,0,study_imperative,typo
kesin bugün python çalış,0,study_imperative,filler
kesin olarak az sonra bugün python çalış,0,study_imperative,synonym_swap+time_modifier+subject_prefix
kesin olarak bugün python çalış galiba,0,study_imperative,subject_prefix+filler+typo
Bugün python çalış sanırım,0,study_imperative,future_tense+typo+filler
ben de gece olunca bugün python çalış,0,study_imperative,time_modifier+subject_prefix
gece olunca bugün python çalış aslında,0,study_imperative,filler+time_modifier+future_tense
Bugün python çalış yarın,0,study_imperative,time_modifier+synonym_swap+typo
2 saat kitap oku,0,study_imperative,original
galiba 2 saat kitap oku bugün içinde,0,study_imperative,time_modifier+punctuation+filler
ben de 2 saat kitap oku...,0,study_imperative,punctuation+subject_prefix
2 saat kitap oku...,0,study_imperative,punctuation
yakında 2 saat kitap oku,0,study_imperative,time_modifier
aslında 2 saat kitap oku,0,study_imperative,filler+synonym_swap
evet 2 saat kitap oku,0,study_imperative,case_variant+synonym_swap+subject_prefix
galiba 2 saat kitap oku,0,study_imperative,filler
karar verdim 2 Saat kitap oku,0,study_imperative,case_variant+subject_prefix
2 saat kitap oku yakında kesin,0,study_imperative,time_modifier+typo+filler
yani 2 saat kitap oku,0,study_imperative,filler+typo+synonym_swap
2 saat kitap oku sanırım az sonra,0,study_imperative,synonym_swap+filler+time_modifier
Matematik soruları çöz,0,study_imperative,original
Matematik soruları çöz yani,0,study_imperative,filler
ben de sanırım matematik soruları çöz..,0,study_imperative,filler+subject_prefix+punctuation
Matematik soruları çoz,0,study_imperative,future_tense+typo
kararımı verdim matematik soruları çöz,0,study_imperative,synonym_swap+subject_prefix
bugün ben matematik soruları çöz...,0,study_imperative,punctuation+subject_prefix
kesin matematik soruları çöz yarın,0,study_imperative,synonym_swap+time_modifier+filler
Matematik soruları çöz bugün içinde,0,study_imperative,time_modifier+typo
bence matematik soruları çöz.! yakında,0,study_imperative,punctuation+subject_prefix+time_modifier
ben de matematik soruları çöz,0,study_imperative,future_tense+subject_prefix
ben matematik soruları çöz,0,study_imperative,future_tense+case_variant+subject_prefix
bugün ben matematik soruları çöz,0,study_imperative,subject_prefix+synonym_swap
İngilizce kelime ezberle,0,study_imperative,original
kesin olarak i̇ngilizce kelime ezberle,0,study_imperative,subject_prefix
Valla ingilizce kelime ezberle,0,study_imperative,synonym_swap+filler+case_variant
bugün ingilizce kelime ezberle,0,study_imperative,synonym_swap+time_modifier
İngilizce kelime ezberle valla,0,study_imperative,filler
bence i̇ngilizce kelime ezberle kesin,0,study_imperative,filler+subject_prefix
İngilizce kelime ezberle bu hafta.!,0,study_imperative,time_modifier+case_variant+punctuation
karar verdim kesin ingilizce kelime ezberle,0,study_imperative,filler+typo+subject_prefix
yarın sabah ingilizce kelime ezberle,0,study_imperative,time_modifier
İngilizce kelime ezberle galiba bu gece,0,study_imperative,filler+time_modifier
yarın sabah ingilizce kelime ezberle.!,0,study_imperative,punctuation+time_modifier+synonym_swap
bu hafta ingilizce kelime ezberle,0,study_imperative,synonym_swap+typo+time_modifier
Online kursa devam et,0,study_imperative,original
şimdi sanırım online kursa devam et,0,study_imperative,future_tense+subject_prefix+time_modifier
yakında online kursa devam et,0,study_imperative,synonym_swap+time_modifier+typo
bugün online kursa devam Et,0,study_imperative,time_modifier+case_variant+future_tense
artık online kursa devam et,0,study_imperative,subject_prefix
ben online kursa devam et,0,study_imperative,subject_prefix+case_variant
bence bu akşam online kursa devam et,0,study_imperative,time_modifier+subject_prefix+synonym_swap
bu gece online kursa devam et yani,0,study_imperative,typo+filler+time_modifier
saatler içinde sanırım online kursa devam et,0,study_imperative,subject_prefix+typo+time_modifier
bugün ben online kursa devam et akşama valla,0,study_imperative,subject_prefix+time_modifier+filler
az sonra online kursa devam et,0,study_imperative,time_modifier
yarın sabah online kursa devam et,0,study_imperative,time_modifier
Tezini yaz bugün,0,study_imperative,original
Tezini yaz bugün artık.!,0,study_imperative,filler+punctuation+future_tense
Tezini Yaz bugün yakında,0,study_imperative,time_modifier+future_tense+case_variant
saatler içinde tezini yaz bugün,0,study_imperative,time_modifier+typo
yani tezini yaz bugün,0,study_imperative,synonym_swap+filler
ben kesin tezini yaz bugün,0,study_imperative,filler+future_tense+subject_prefix
bence tezini yaz bugün,0,study_imperative,subject_prefix+future_tense+typo
yani tezini yaz bugün...,0,study_imperative,punctuation+filler
ya tezini yaz bugün,0,study_imperative,subject_prefix
Tezini yaz bugün akşama,0,study_imperative,time_modifier
karar verdim tezini yaz bugün,0,study_imperative,subject_prefix
tezini yaz bugün bu hafta,0,study_imperative,case_variant+time_modifier
Algoritma çalış,0,study_imperative,original
Algoritma çalış..,0,study_imperative,punctuation+case_variant
valla algoritma çalış,0,study_imperative,future_tense+filler+synonym_swap
Algoritma çalış sabaha,0,study_imperative,typo+time_modifier
kesin olarak algoritma çalış.!,0,study_imperative,punctuation+subject_prefix
bence algoritma çalış,0,study_imperative,future_tense+subject_prefix
yani algoritma çalış,0,study_imperative,synonym_swap+case_variant+filler
kesin algoritma çalış!,0,study_imperative,filler+punctuation+synonym_swap
Algoritma çaliş bu gece valla,0,study_imperative,time_modifier+typo+filler
bugün ben algoritma çalış,0,study_imperative,typo+subject_prefix
kararımı verdim bugün algoritma çalış,0,study_imperative,synonym_swap+time_modifier+subject_prefix
Algoritma çalış az sonra,0,study_imperative,time_modifier
KPSS hazırlığı yap,0,study_imperative,original
KPSS hazırlıgı yap,0,study_imperative,typo
valla kPSS hazırlığı yap,0,study_imperative,filler
KPSS hazırlığı yap Az sonra,0,study_imperative,time_modifier+case_variant
karar verdim kpss hazırlığı yap,0,study_imperative,case_variant+future_tense+subject_prefix
KPSS hazırlığı yap...,0,study_imperative,punctuation
KPSS hazırlığı yap..,0,study_imperative,synonym_swap+punctuation
kararımı verdim kPSS hazırlığı yap,0,study_imperative,synonym_swap+subject_prefix
valla kPSS hazırlığı yap bu gece,0,study_imperative,time_modifier+filler
ben kPSS hazırlığı yap,0,study_imperative,typo+subject_prefix
sanırım valla kPSS hazırlığı yap,0,study_imperative,filler+subject_prefix
bugün ben kPSS hazırlığı yap,0,study_imperative,future_tense+subject_prefix+synonym_swap
Sınava çalış,0,study_imperative,original
yarın sabah sınava çalış.,0,study_imperative,punctuation+time_modifier
Sınava çalış artık...,0,study_imperative,filler+punctuation+typo
Galiba sınava çalış,0,study_imperative,filler+case_variant
sanırım sınava çalış,0,study_imperative,filler
yarın sınava çalış,0,study_imperative,time_modifier
Sınava çalış az sonra,0,study_imperative,case_variant+future_tense+time_modifier
Sınava çalış sabaha,0,study_imperative,time_modifier
bu hafta sınava çalış..,0,study_imperative,time_modifier+punctuation
ben sınava çalış,0,study_imperative,future_tense+case_variant+subject_prefix
Sınava çalış bu hafta,0,study_imperative,time_modifier
galiba sinava çalış,0,study_imperative,future_tense+filler+typo
Bir saat ders dinle,0,study_imperative,original
artık bir saat ders dinle,0,study_imperative,subject_prefix+future_tense
Bir saat ders dinle sanırım,0,study_imperative,filler+case_variant
kesin bir saat ders dinle,0,study_imperative,future_tense+filler
Bir saat ders dinle..,0,study_imperative,punctuation
az sonra bir saat ders dinle yani,0,study_imperative,filler+case_variant+time_modifier
yarın sabah bir saat ders dinle,0,study_imperative,time_modifier+typo
bugün ben bir saat ders dinle,0,study_imperative,subject_prefix+punctuation
yarın bir saat ders Dinle.,0,study_imperative,punctuation+case_variant+time_modifier
Bir saat ders dinle galiba,0,study_imperative,filler
bugün bir saat ders dinle.,0,study_imperative,punctuation+time_modifier
Bir saat ders dinle...,0,study_imperative,punctuation+future_tense
Kodlama egzersizi çöz,0,study_imperative,original
Kodlama egzersizi çöz.!,0,study_imperative,punctuation
Kodlama egzersizi çöz sabaha,0,study_imperative,time_modifier+future_tense
Kodlama egzersizi çöz az sonra valla,0,study_imperative,time_modifier+filler
Kodlama egzersizi çöz bu gece,0,study_imperative,time_modifier
Kodlama egzersizi çöz...,0,study_imperative,future_tense+punctuation
yani kodlama egzersizi çöz,0,study_imperative,future_tense+filler
Kodlama egzersizi çöz az sonra.!,0,study_imperative,time_modifier+punctuation
artık kodlama egzersizi çöz artık,0,study_imperative,filler+subject_prefix
kesin olarak kodlama egzersizi çöz,0,study_imperative,synonym_swap+subject_prefix
bugün kodlama egzersizi çöz yani,0,study_imperative,filler+time_modifier+synonym_swap
ya bu hafta kodlama egzersizi çöz.,0,study_imperative,punctuation+time_modifier+subject_prefix
React öğren,0,study_imperative,original
ben react öğren,0,study_imperative,future_tense+subject_prefix
valla react öğren,0,study_imperative,synonym_swap+filler+future_tense
React öğren!,0,study_imperative,punctuation
karar verdim valla react öğren,0,study_imperative,filler+subject_prefix
React öğren..,0,study_imperative,punctuation+future_tense+case_variant
evet React öğren,0,study_imperative,subject_prefix+case_variant+future_tense
yani ben de react öğren,0,study_imperative,subject_prefix+filler+future_tense
kesin olarak react öğren,0,study_imperative,punctuation+typo+subject_prefix
ya react öğren!,0,study_imperative,subject_prefix+punctuation
React öğren akşama,0,study_imperative,time_modifier
Yarın react öğren,0,study_imperative,time_modifier+synonym_swap+case_variant
Yeni bir kitap al,0,study_imperative,original
bugün yeni bir kitap al,0,study_imperative,time_modifier
Yeni bir kitap al yani sabaha,0,study_imperative,filler+time_modifier
Yeni bir kitap al yani.,0,study_imperative,filler+punctuation+future_tense
kesin olarak yeni bir kitap al,0,study_imperative,subject_prefix+synonym_swap
sanırım yeni bir kitap al sabaha,0,study_imperative,filler+time_modifier+typo
bugün ben yeni bir kitap al,0,study_imperative,subject_prefix+typo
karar verdim yeni bir kitap al,0,study_imperative,subject_prefix+future_tense
ya yeni bir kitap al,0,study_imperative,subject_prefix+future_tense
kesin olarak sanırım yeni bir kitap al,0,study_imperative,synonym_swap+filler+subject_prefix
Yeni bir kitap al artık,0,study_imperative,filler+future_tense+case_variant
Yeni Bir kitap al.! bu gece,0,study_imperative,punctuation+case_variant+time_modifier
Tarih konusunu özetle,0,study_imperative,original
kesin olarak tarih konusunu özetle.! galiba,0,study_imperative,punctuation+subject_prefix+filler
artık galiba tarih konusunu özetle,0,study_imperative,synonym_swap+filler+subject_prefix
Tarih konusunu özetle.,0,study_imperative,punctuation+synonym_swap
saatler içinde tarih konusunu özetle,0,study_imperative,time_modifier
karar verdim tarih konusunu özetle,0,study_imperative,subject_prefix
bu akşam tarih konusunu özetle,0,study_imperative,time_modifier
şimdi tarih konusunu özetle,0,study_imperative,time_modifier
yakında tarih konusunu özetle,0,study_imperative,time_modifier
Tarih konusunu özetle.!,0,study_imperative,punctuation
sanırım tarih konusunu özetle,0,study_imperative,subject_prefix
artık tarih konusunu Özetle,0,study_imperative,case_variant+filler
Fizik problemleri çöz,0,study_imperative,original
kararımı verdim fizik problemleri çöz,0,study_imperative,subject_prefix
bu hafta fizik problemleri çöz valla,0,study_imperative,filler+typo+time_modifier
bu gece fizik problemleri çöz kesin,0,study_imperative,case_variant+time_modifier+filler
yani fizik problemleri çöz,0,study_imperative,synonym_swap+filler
bu hafta fizik problemleri çöz,0,study_imperative,time_modifier
bu gece kesin olarak fizik problemleri çöz,0,study_imperative,subject_prefix+time_modifier+synonym_swap
Fizik problemleri çöz yani,0,study_imperative,synonym_swap+filler+future_tense
Fizik problemleri çöz sanırım,0,study_imperative,synonym_swap+future_tense+filler
Fizik problemleri çöz.!,0,study_imperative,case_variant+punctuation
şimdi fizik problemleri çöz,0,study_imperative,time_modifier
Fizik problemleri çöz..,0,study_imperative,future_tense+punctuation
Sertifika sınavına hazırlan,0,study_imperative,original
bu gece sertifika Sınavına hazırlan,0,study_imperative,case_variant+synonym_swap+time_modifier
sanırım sertifika sınavına hazırlan,0,study_imperative,filler+future_tense
Sertifika sınavına hazırlan..,0,study_imperative,punctuation
bu akşam sanırım sertifika sınavına hazırlan,0,study_imperative,subject_prefix+typo+time_modifier
Sertifika sınavına hazırlan.,0,study_imperative,future_tense+punctuation+case_variant
Sertifika sınavına hazırlan.! az sonra,0,study_imperative,punctuation+future_tense+time_modifier
Sertifika sınavına hazırlan bu hafta,0,study_imperative,punctuation+time_modifier+synonym_swap
artık sertifika sınavına hazırlan sabaha,0,study_imperative,time_modifier+subject_prefix
Sertifika sınavına hazırlan galiba,0,study_imperative,future_tense+synonym_swap+filler
Sertifika sınavına hazırlan artık,0,study_imperative,filler+future_tense
bu akşam sertifika sınavına hazırlan,0,study_imperative,time_modifier
30 dakika ingilizce listening yap,0,study_imperative,original
30 dakika ingilizce listening yap!,0,study_imperative,typo+punctuation+future_tense
kesin 30 dakika ingilizce listening yap.,0,study_imperative,punctuation+filler
valla 30 dakika ingilizce listening yap,0,study_imperative,filler
gece olunca 30 dakika ingilizce listening yap,0,study_imperative,future_tense+time_modifier
aslında 30 dakika ingilizce listening yap,0,study_imperative,filler
yani 30 dakika ingilizce listening yap,0,study_imperative,filler
30 dakika ingilizce listening yap akşama,0,study_imperative,time_modifier+typo
bugün ben 30 dakika ingilizce listening yap,0,study_imperative,subject_prefix+typo
30 dakika ingilizce listening yap artık..,0,study_imperative,filler+punctuation
30 dakika ingilizce listening yap..,0,study_imperative,punctuation
30 dakika ingilizce listening yap kesin,0,study_imperative,synonym_swap+filler
Akademik makale oku,0,study_imperative,original
kesin akademik makale oku akşama,0,study_imperative,time_modifier+filler+future_tense
Aslında akademik makale oku,0,study_imperative,filler+case_variant
Akademik makale oku!,0,study_imperative,punctuation+future_tense
bence akademik makale oku,0,study_imperative,case_variant+subject_prefix+typo
Akademik makale oku az sonra,0,study_imperative,time_modifier+typo
Akademik makale oku..,0,study_imperative,punctuation
Akademik makale oku...,0,study_imperative,punctuation+synonym_swap
Akademik makale oku yakında,0,study_imperative,time_modifier
az sonra akademik makale oku,0,study_imperative,time_modifier
evet saatler içinde akademik makale oku,0,study_imperative,time_modifier+subject_prefix+future_tense
sanırım akademik makale oku!,0,study_imperative,punctuation+subject_prefix
Mülakata hazırlan,0,study_imperative,original
Mülakata hazırlan valla,0,study_imperative,future_tense+filler
evet mülakata hazırlan,0,study_imperative,synonym_swap+subject_prefix
az sonra mülakata hazırlan..,0,study_imperative,punctuation+time_modifier
ben de mülakata hazırlan galiba,0,study_imperative,subject_prefix+typo+filler
kesin mülakata hazırlan,0,study_imperative,future_tense+filler
Mülakata hazırlan yarın,0,study_imperative,time_modifier
Mülakata hazırlan bu hafta,0,study_imperative,time_modifier
kesin olarak mülakata hazırlan..,0,study_imperative,subject_prefix+punctuation
yakında mülakata hazırlan,0,study_imperative,time_modifier
bu gece bugün ben mülakata hazırlan,0,study_imperative,future_tense+subject_prefix+time_modifier
bu akşam mülakata hazırlan,0,study_imperative,time_modifier+typo
Github'a kod push et,0,study_imperative,original
yarın sabah github'a kod push et,0,study_imperative,synonym_swap+typo+time_modifier
sanırım github'a kod push et,0,study_imperative,filler+future_tense
karar verdim github'a kod push et,0,study_imperative,case_variant+subject_prefix
Github'a kod push et.,0,study_imperative,case_variant+future_tense+punctuation
Github'a kod push et sabaha,0,study_imperative,time_modifier+typo+future_tense
kesin olarak github'a kod push et aslında...,0,study_imperative,subject_prefix+filler+punctuation
ya github'a kod push Et,0,study_imperative,subject_prefix+typo+case_variant
artık github'a kod push Et,0,study_imperative,case_variant+synonym_swap+subject_prefix
sanırım github'a kod push et!,0,study_imperative,subject_prefix+punctuation+typo
Github'a kod push et aslında,0,study_imperative,filler+case_variant+future_tense
Github'a kod push et...,0,study_imperative,typo+punctuation
Açık kaynak projeye katkıda bulun,0,study_imperative,original
artık açık kaynak projeye katkıda bulun,0,study_imperative,future_tense+subject_prefix
aslında bugün ben açık kaynak projeye katkıda bulun,0,study_imperative,subject_prefix+filler
aslında açık kaynak projeye katkıda bulun,0,study_imperative,filler+future_tense+synonym_swap
ya açık kaynak projeye katkıda bulun aslında,0,study_imperative,filler+subject_prefix+synonym_swap
Açık kaynak projeye katkıda bulun bugün içinde,0,study_imperative,time_modifier+case_variant+future_tense
Açık kaynak projeye katkıda Bulun sabaha,0,study_imperative,case_variant+time_modifier
Açık kaynak projeye katkıda bulun aslında,0,study_imperative,filler
Açık kaynak projeye katkıda bulun galiba,0,study_imperative,filler+typo+future_tense
aslında açık kaynak projeye katkıda bulun...,0,study_imperative,punctuation+typo+filler
Açık kaynak projeye katkıda bulun yani,0,study_imperative,filler+typo
Açık kaynak projeye katkıda bulun.. sanırım,0,study_imperative,future_tense+punctuation+filler
Gitar çal bugün,0,hobby_imperative,original
galiba ben de gitar çal bugün,0,hobby_imperative,subject_prefix+filler
Gitar Çal bugün..,0,hobby_imperative,case_variant+punctuation
Gitar çal bugün.! galiba,0,hobby_imperative,punctuation+filler+typo
valla gitar çal bugün akşama,0,hobby_imperative,typo+time_modifier+filler
galiba gitar çal bugün,0,hobby_imperative,filler
yakında galiba gitar çal bugün,0,hobby_imperative,filler+time_modifier+case_variant
aslında gitar cal bugün,0,hobby_imperative,typo+filler+synonym_swap
Sanırım gitar çal bugün.,0,hobby_imperative,subject_prefix+punctuation+case_variant
Gitar çal bugün aslında,0,hobby_imperative,filler
Gitar çal bugün valla,0,hobby_imperative,filler+typo
saatler içinde gitar çal bugün,0,hobby_imperative,time_modifier+case_variant+future_tense
Bir resim yap,0,hobby_imperative,original
sanırım bir resim yap...,0,hobby_imperative,punctuation+future_tense+filler
bugün ben bir resim yap kesin,0,hobby_imperative,subject_prefix+filler+future_tense
Bir resim yap...,0,hobby_imperative,punctuation
Bir resim yap kesin,0,hobby_imperative,filler+case_variant+future_tense
artık bir resim yap,0,hobby_imperative,future_tense+filler
Bir resim yap bu hafta,0,hobby_imperative,case_variant+time_modifier
yani karar verdim bir resim yap,0,hobby_imperative,subject_prefix+typo+filler
bir resim yap!,0,hobby_imperative,typo+punctuation+case_variant
karar verdim bir resim yap,0,hobby_imperative,subject_prefix
bugün ben bir resim yap,0,hobby_imperative,typo+subject_prefix
ben bir resim yap,0,hobby_imperative,subject_prefix
Mutfakta yeni tarif dene,0,hobby_imperative,original
ben de mutfakta yeni tarif dene,0,hobby_imperative,future_tense+subject_prefix+case_variant
Mutfakta Yeni tarif dene!,0,hobby_imperative,typo+punctuation+case_variant
Mutfakta yeni tarif dene.. artık,0,hobby_imperative,synonym_swap+punctuation+filler
Mutfakta yeni tarif dene sabaha,0,hobby_imperative,case_variant+synonym_swap+time_modifier
Mutfakta yeni tarif dene.!,0,hobby_imperative,punctuation+future_tense
ya mutfakta yeni tarif dene,0,hobby_imperative,subject_prefix+typo+synonym_swap
bu akşam mutfakta yeni tarif dene,0,hobby_imperative,time_modifier+synonym_swap+case_variant
gece olunca mutfakta yeni tarif dene.,0,hobby_imperative,punctuation+time_modifier
kesin olarak mutfakta yeni tarif dene valla.!,0,hobby_imperative,subject_prefix+filler+punctuation
Mutfakta yeni tarif dene. kesin,0,hobby_imperative,synonym_swap+punctuation+filler
Mutfakta yeni tarif dene kesin.!,0,hobby_imperative,filler+typo+punctuation
Bahçeyi sula,0,hobby_imperative,original
bahçeyi sula galiba,0,hobby_imperative,case_variant+typo+filler
Bahçeyi sula sanırım,0,hobby_imperative,filler
Bahçeyi sula.,0,hobby_imperative,typo+punctuation
Bahçeyi sula...,0,hobby_imperative,case_variant+future_tense+punctuation
Bahçeyi sula bu gece,0,hobby_imperative,time_modifier
bugün ben bahçeyi sula,0,hobby_imperative,future_tense+subject_prefix
artık bahçeyi sula,0,hobby_imperative,future_tense+synonym_swap+filler
yarın bahçeyi sula...,0,hobby_imperative,case_variant+time_modifier+punctuation
sanırım bahçeyi sula,0,hobby_imperative,filler+case_variant
Bahçeyi sula..,0,hobby_imperative,punctuation
Bahçeyi sula bugün içinde,0,hobby_imperative,time_modifier
Örgü ör,0,hobby_imperative,original
Örgü ör bu gece,0,hobby_imperative,time_modifier
Örgü ör!,0,hobby_imperative,punctuation
Örgü ör...,0,hobby_imperative,punctuation+synonym_swap
Örgü ör yakında,0,hobby_imperative,time_modifier
gece olunca örgü ör.,0,hobby_imperative,time_modifier+punctuation+typo
artık örgü ör,0,hobby_imperative,filler
yani örgü ör,0,hobby_imperative,filler+typo+punctuation
evet örgü ör,0,hobby_imperative,subject_prefix+future_tense
bu gece kesin olarak örgü ör,0,hobby_imperative,subject_prefix+typo+time_modifier
Örgü ör bugün içinde aslında,0,hobby_imperative,time_modifier+filler
Örgü or,0,hobby_imperative,typo+synonym_swap+future_tense
Fotoğraf çekmeye git,0,hobby_imperative,original
evet fotoğraf çekmeye git,0,hobby_imperative,synonym_swap+subject_prefix
bugün ben fotoğraf çekmeye git,0,hobby_imperative,future_tense+typo+subject_prefix
Fotoğraf çekmeye git.!,0,hobby_imperative,punctuation
Fotoğraf çekmeye git bugün içinde,0,hobby_imperative,time_modifier
Fotoğraf çekmeye git sabaha,0,hobby_imperative,typo+future_tense+time_modifier
bu gece fotoğraf çekmeye git..,0,hobby_imperative,punctuation+synonym_swap+time_modifier
az sonra sanırım fotoğraf çekmeye git,0,hobby_imperative,subject_prefix+time_modifier
Fotoğraf çekmeye git sanırım,0,hobby_imperative,typo+filler
Fotoğraf çekmeye git yakında...,0,hobby_imperative,time_modifier+punctuation
akşam olunca fotoğraf çekmeye git,0,hobby_imperative,time_modifier
galiba fotoğraf çekmeye git,0,hobby_imperative,filler+future_tense
Bir film izle,0,hobby_imperative,original
sanırım bir film izle,0,hobby_imperative,typo+filler
kararımı verdim bir film izle aslında,0,hobby_imperative,subject_prefix+case_variant+filler
bu akşam bir film izle,0,hobby_imperative,time_modifier
Bir film izle aslında,0,hobby_imperative,filler
bugün ben sanırım bir film izle,0,hobby_imperative,filler+future_tense+subject_prefix
ya bu gece bir film izle,0,hobby_imperative,time_modifier+subject_prefix
Bir film izle bu gece,0,hobby_imperative,time_modifier+synonym_swap
karar verdim yakında bir film izle,0,hobby_imperative,time_modifier+subject_prefix
artık bir film izle!,0,hobby_imperative,subject_prefix+punctuation
valla bir film izle,0,hobby_imperative,filler+synonym_swap+typo
Bir film Izle artık,0,hobby_imperative,filler+case_variant
Podcast dinle,0,hobby_imperative,original
kesin podcast dinle,0,hobby_imperative,filler+synonym_swap
Podcast dinle galiba,0,hobby_imperative,typo+synonym_swap+filler
bugün ben podcast dinle!,0,hobby_imperative,subject_prefix+punctuation
bu akşam evet podcast dinle,0,hobby_imperative,subject_prefix+typo+time_modifier
kararımı verdim podcast dinle artık,0,hobby_imperative,subject_prefix+future_tense+filler
Podcast dinle!,0,hobby_imperative,punctuation+case_variant+synonym_swap
Podcast dinle bugün içinde aslında..,0,hobby_imperative,time_modifier+filler+punctuation
yani podcast dinle.,0,hobby_imperative,filler+punctuation+synonym_swap
kesin kararımı verdim podcast dinle,0,hobby_imperative,subject_prefix+filler+synonym_swap
ben saatler içinde podcast dinle,0,hobby_imperative,future_tense+time_modifier+subject_prefix
Podcast dinle. bugün içinde,0,hobby_imperative,typo+punctuation+time_modifier
Bulmaca çöz,0,hobby_imperative,original
bulmaca çöz..,0,hobby_imperative,punctuation+case_variant+future_tense
galiba bulmaca çöz,0,hobby_imperative,filler+synonym_swap
Bulmaca çöz bugün içinde,0,hobby_imperative,typo+time_modifier+case_variant
aslında bulmaca çöz,0,hobby_imperative,synonym_swap+filler+future_tense
Bulmaca çöz akşama,0,hobby_imperative,synonym_swap+time_modifier
Bulmaca çöz aslında,0,hobby_imperative,filler
ben bulmaca çöz,0,hobby_imperative,synonym_swap+punctuation+subject_prefix
evet bulmaca çöz,0,hobby_imperative,typo+subject_prefix
Bulmaca çöz.!,0,hobby_imperative,punctuation
Bulmaca çöz kesin,0,hobby_imperative,filler+future_tense+synonym_swap
sanırım sanırım bulmaca çöz,0,hobby_imperative,synonym_swap+filler+subject_prefix
Satranç oyna,0,hobby_imperative,original
Satranç oyna..,0,hobby_imperative,future_tense+punctuation
ya satranç oyna,0,hobby_imperative,synonym_swap+future_tense+subject_prefix
yakında satranç oyna,0,hobby_imperative,future_tense+time_modifier+synonym_swap
ya satranç oyna..,0,hobby_imperative,punctuation+synonym_swap+subject_prefix
yarın satranç oyna,0,hobby_imperative,case_variant+time_modifier+synonym_swap
sanırım ben satranç oyna,0,hobby_imperative,subject_prefix+case_variant+filler
bu hafta satranç oyna,0,hobby_imperative,synonym_swap+time_modifier
Satranç oyna.,0,hobby_imperative,punctuation
aslında satranç oyna,0,hobby_imperative,filler+future_tense
Satranç oyna yani.!,0,hobby_imperative,filler+punctuation
Satranç oyna yarın yani,0,hobby_imperative,time_modifier+filler
Bitkilerine bakım yap,0,hobby_imperative,original
bugün ben bitkilerine bakım yap..,0,hobby_imperative,future_tense+subject_prefix+punctuation
ben bitkilerine bakım yap,0,hobby_imperative,subject_prefix
kesin olarak bitkilerine bakım yap,0,hobby_imperative,future_tense+synonym_swap+subject_prefix
ya bitkilerine bakım yap,0,hobby_imperative,subject_prefix
ben de bitkilerine bakım yap,0,hobby_imperative,subject_prefix+typo
Bitkilerine bakım yap sabaha,0,hobby_imperative,case_variant+synonym_swap+time_modifier
artık bitkilerine bakım yap,0,hobby_imperative,subject_prefix+typo
galiba bu akşam bitkilerine bakım yap,0,hobby_imperative,time_modifier+filler
Bitkilerine bakım yap!,0,hobby_imperative,punctuation
Bitkilerine bakim yap,0,hobby_imperative,typo+case_variant
yani bitkilerine bakım yap.!,0,hobby_imperative,punctuation+filler
Defterine çizim yap,0,hobby_imperative,original
evet defterine Çizim yap...,0,hobby_imperative,case_variant+punctuation+subject_prefix
artık defterine çizim yap...,0,hobby_imperative,punctuation+future_tense+subject_prefix
Defterine çizim yap yakında,0,hobby_imperative,time_modifier+case_variant+synonym_swap
yarın defterine çizim yap,0,hobby_imperative,future_tense+time_modifier+typo
ben defterine çizim yap,0,hobby_imperative,future_tense+subject_prefix
Defterine çizim yap yani,0,hobby_imperative,typo+synonym_swap+filler
ya defterine çizim yap galiba,0,hobby_imperative,subject_prefix+synonym_swap+filler
kesin defterine çizim yap,0,hobby_imperative,synonym_swap+filler
artık defterine çizim yap,0,hobby_imperative,subject_prefix
sanırım defterine çizim yap,0,hobby_imperative,filler+future_tense+typo
Defterine çizim yap bu hafta,0,hobby_imperative,typo+time_modifier+future_tense
Bir kek yap,0,hobby_imperative,original
kesin olarak bir kek yap...,0,hobby_imperative,subject_prefix+case_variant+punctuation
Bir kek yap aslında,0,hobby_imperative,typo+future_tense+filler
sanırım bir kek yap az sonra,0,hobby_imperative,time_modifier+filler+synonym_swap
Bir kek yap akşama.!,0,hobby_imperative,time_modifier+punctuation+synonym_swap
Bir kek yap yakında!,0,hobby_imperative,time_modifier+punctuation
akşam olunca bir kek yap,0,hobby_imperative,future_tense+time_modifier
aslında bir kek yap,0,hobby_imperative,case_variant+filler
yakında bir kek yap,0,hobby_imperative,synonym_swap+time_modifier
Bir kek yap.!,0,hobby_imperative,typo+punctuation+synonym_swap
Bir kek yap bu gece,0,hobby_imperative,time_modifier
Bir kek yap..,0,hobby_imperative,typo+punctuation
Roman oku uyumadan önce,0,hobby_imperative,original
Roman oku uyumadan önce.!,0,hobby_imperative,punctuation
Roman oku uyumadan önce artık.!,0,hobby_imperative,filler+punctuation+typo
Roman oku uyumadan önce.,0,hobby_imperative,future_tense+typo+punctuation
akşam olunca artık roman oku uyumadan önce...,0,hobby_imperative,punctuation+filler+time_modifier
bence sanırım roman oku uyumadan önce,0,hobby_imperative,filler+future_tense+subject_prefix
valla roman oku uyumadan önce yakında,0,hobby_imperative,time_modifier+filler
Roman oku uyumadan önce galiba,0,hobby_imperative,filler
bugün ben roman oku uyumadan önce.,0,hobby_imperative,case_variant+punctuation+subject_prefix
artık roman oku uyumadan önce,0,hobby_imperative,subject_prefix+synonym_swap
karar verdim roman oku uyumadan önce...,0,hobby_imperative,future_tense+subject_prefix+punctuation
Roman oku uyumadan önce yakında,0,hobby_imperative,typo+time_modifier
Belgesel izle,0,hobby_imperative,original
Belgesel izle...,0,hobby_imperative,punctuation
Belgesel izle yakında,0,hobby_imperative,time_modifier
Belgesel izle..,0,hobby_imperative,punctuation+typo+synonym_swap
sanırım belgesel izle..,0,hobby_imperative,punctuation+filler
ben belgesel izle,0,hobby_imperative,subject_prefix+case_variant+typo
Belgesel izle yani,0,hobby_imperative,filler+case_variant
artık belgesel izle yani,0,hobby_imperative,future_tense+filler+subject_prefix
artık belgesel izle!,0,hobby_imperative,subject_prefix+synonym_swap+punctuation
Belgesel izle sabaha,0,hobby_imperative,synonym_swap+time_modifier
Belgesel izle bu hafta artık,0,hobby_imperative,typo+time_modifier+filler
ya belgesel izle,0,hobby_imperative,future_tense+case_variant+subject_prefix
Yatağını topla,0,hobby_imperative,original
kararımı verdim yatağını topla akşama...,0,hobby_imperative,time_modifier+punctuation+subject_prefix
Yatağını topla..,0,hobby_imperative,synonym_swap+punctuation
ben de yatağını topla,0,hobby_imperative,subject_prefix
gece olunca yatağını topla,0,hobby_imperative,time_modifier
artık yatagını topla..,0,hobby_imperative,punctuation+subject_prefix+typo
ya yatağını topla.!,0,hobby_imperative,subject_prefix+punctuation
ben yatağını topla,0,hobby_imperative,subject_prefix+typo
kararımı verdim yatağını topla,0,hobby_imperative,subject_prefix+typo
bugün galiba yatağını topla.,0,hobby_imperative,filler+punctuation+time_modifier
Yatağını topla...,0,hobby_imperative,punctuation+typo
Yatağını topla aslında,0,hobby_imperative,filler+future_tense+punctuation
Çamaşırları yıka,0,hobby_imperative,original
artık çamaşırları yıka,0,hobby_imperative,filler
Çamaşırları yıka..,0,hobby_imperative,case_variant+future_tense+punctuation
Çamaşırları yıka bu hafta,0,hobby_imperative,case_variant+time_modifier
karar verdim çamaşırları yıka,0,hobby_imperative,synonym_swap+subject_prefix
Çamaşırları yıka...,0,hobby_imperative,case_variant+typo+punctuation
sanırım çamaşırları yıka.,0,hobby_imperative,punctuation+future_tense+subject_prefix
Çamaşırları yıka yani,0,hobby_imperative,filler+punctuation
Çamaşırları yıka bugün içinde,0,hobby_imperative,future_tense+time_modifier
Çamaşırları yıka sanırım,0,hobby_imperative,filler
sanırım yani çamaşırları yıka,0,hobby_imperative,filler+subject_prefix+case_variant
kararımı verdim çamaşırları yıka! bu gece,0,hobby_imperative,punctuation+subject_prefix+time_modifier
Bulaşıkları yıka,0,hobby_imperative,original
Bulaşıkları yıka! yakında,0,hobby_imperative,synonym_swap+punctuation+time_modifier
artık bulaşıkları yıka.,0,hobby_imperative,case_variant+subject_prefix+punctuation
sanırım bulaşıkları Yıka...,0,hobby_imperative,subject_prefix+case_variant+punctuation
Bulaşıkları yıka..,0,hobby_imperative,typo+synonym_swap+punctuation
ya bulaşıkları yıka,0,hobby_imperative,future_tense+subject_prefix+synonym_swap
valla bulaşıkları yıka,0,hobby_imperative,case_variant+filler+synonym_swap
Bulaşıkları yıka bu hafta,0,hobby_imperative,time_modifier+case_variant
Bulaşıkları yıka yakında,0,hobby_imperative,time_modifier+future_tense+typo
Evet bulaşıkları yıka,0,hobby_imperative,subject_prefix+case_variant
Bulaşıkları yıka artık,0,hobby_imperative,synonym_swap+future_tense+filler
aslında bulaşıkları yıka,0,hobby_imperative,filler+typo
Odanı temizle,0,hobby_imperative,original
yakında odanı temizle,0,hobby_imperative,time_modifier+future_tense
artık odanı temizle az sonra,0,hobby_imperative,time_modifier+subject_prefix
Odanı temizle..,0,hobby_imperative,punctuation+synonym_swap
artık odanı temizle,0,hobby_imperative,subject_prefix
sanırım odanı temizle,0,hobby_imperative,synonym_swap+subject_prefix
kesin odanı temizle,0,hobby_imperative,filler
Odanı temizle sabaha,0,hobby_imperative,time_modifier
Odanı temizle.. galiba,0,hobby_imperative,punctuation+case_variant+filler
aslında saatler içinde odanı temizle,0,hobby_imperative,time_modifier+filler+case_variant
Odanı temizle yarın,0,hobby_imperative,time_modifier
evet odanı temizle,0,hobby_imperative,case_variant+subject_prefix
Markete git,0,hobby_imperative,original
Markete git yani,0,hobby_imperative,synonym_swap+typo+filler
ben markete git,0,hobby_imperative,future_tense+subject_prefix
Markete git.,0,hobby_imperative,future_tense+punctuation+synonym_swap
yarın markete git,0,hobby_imperative,synonym_swap+time_modifier
yarın sabah markete git,0,hobby_imperative,synonym_swap+time_modifier
ya markete git,0,hobby_imperative,future_tense+subject_prefix
galiba markete git,0,hobby_imperative,filler
Markete git artık.!,0,hobby_imperative,filler+synonym_swap+punctuation
kesin markete git!,0,hobby_imperative,punctuation+synonym_swap+filler
Markete git... yakında,0,hobby_imperative,punctuation+time_modifier
artık markete git valla,0,hobby_imperative,filler+future_tense+subject_prefix
Faturalarını öde,0,hobby_imperative,original
yani faturalarını öde,0,hobby_imperative,filler
bence faturalarını öde...,0,hobby_imperative,synonym_swap+punctuation+subject_prefix
Faturalarını öde yarın,0,hobby_imperative,time_modifier+case_variant
ya faturalarını öde,0,hobby_imperative,subject_prefix
karar verdim faturalarını öde..,0,hobby_imperative,typo+subject_prefix+punctuation
Faturalarını öde yani,0,hobby_imperative,filler+future_tense+typo
şimdi faturalarını öde,0,hobby_imperative,typo+time_modifier+future_tense
Faturalarını ode,0,hobby_imperative,typo+case_variant
Faturalarını öde sanırım,0,hobby_imperative,typo+filler
yakında faturalarını öde,0,hobby_imperative,time_modifier
gece olunca galiba faturalarını öde.,0,hobby_imperative,filler+time_modifier+punctuation
Yemek listesi hazırla,0,hobby_imperative,original
karar verdim saatler içinde yemek listesi hazırla..,0,hobby_imperative,time_modifier+subject_prefix+punctuation
Yemek listesi hazırla az sonra,0,hobby_imperative,typo+time_modifier
ya yemek listesi hazırla,0,hobby_imperative,subject_prefix
şimdi yemek listesi hazırla,0,hobby_imperative,time_modifier+typo
Yemek listesi hazırla.!,0,hobby_imperative,punctuation+future_tense
kesin olarak yemek listesi hazırla,0,hobby_imperative,future_tense+subject_prefix
bence yemek listesi hazırla,0,hobby_imperative,subject_prefix
Yemek listesi hazırla sabaha,0,hobby_imperative,time_modifier
Yemek listesi hazırla kesin,0,hobby_imperative,filler
yani yemek listesi hazırla.!,0,hobby_imperative,filler+punctuation+synonym_swap
Yemek listesi hazırla..,0,hobby_imperative,future_tense+punctuation
Eski eşyaları ayıkla,0,hobby_imperative,original
Eski eşyaları ayıkla galiba,0,hobby_imperative,filler+synonym_swap
Eski eşyaları ayıkla sanırım,0,hobby_imperative,typo+filler
kesin eski eşyaları ayıkla yakında..,0,hobby_imperative,filler+time_modifier+punctuation
Eski eşyaları ayıkla.!,0,hobby_imperative,punctuation+case_variant+future_tense
aslında ya eski eşyaları ayıkla,0,hobby_imperative,subject_prefix+future_tense+filler
yakında eski eşyaları ayıkla,0,hobby_imperative,time_modifier+typo
karar verdim eski eşyaları ayıkla,0,hobby_imperative,subject_prefix+case_variant
Eski eşyaları ayıkla bu hafta.,0,hobby_imperative,time_modifier+punctuation
Eski eşyaları ayıkla bu hafta,0,hobby_imperative,time_modifier+typo
yarın sabah eski eşyaları ayıkla,0,hobby_imperative,future_tense+time_modifier
Eski eşyaları ayıkla!,0,hobby_imperative,punctuation
Dolapları düzenle,0,hobby_imperative,original
Dolapları düzenle galiba,0,hobby_imperative,filler
gece olunca dolapları duzenle...,0,hobby_imperative,typo+punctuation+time_modifier
kesin dolaplari düzenle,0,hobby_imperative,typo+filler
Dolapları düzenle valla,0,hobby_imperative,filler+case_variant+typo
akşam olunca ya dolapları düzenle kesin,0,hobby_imperative,subject_prefix+filler+time_modifier
Dolapları düzenle...,0,hobby_imperative,typo+case_variant+punctuation
artık dolapları düzenle,0,hobby_imperative,subject_prefix+punctuation
sanırım dolapları düzenle,0,hobby_imperative,filler
Dolapları düzenle kesin,0,hobby_imperative,filler+typo
Dolapları düzenle sabaha,0,hobby_imperative,time_modifier
yakında dolapları düzenle,0,hobby_imperative,time_modifier
Bilgisayar dosyalarını temizle,0,hobby_imperative,original
sanırım bilgisayar dosyalarinı temizle,0,hobby_imperative,filler+typo
galiba bilgisayar dosyalarını temizle,0,hobby_imperative,case_variant+filler
Bilgisayar dosyalarını temizle..,0,hobby_imperative,synonym_swap+punctuation+future_tense
şimdi bilgisayar dosyalarını temizle!,0,hobby_imperative,typo+punctuation+time_modifier
akşam olunca bilgisayar dosyalarını temizle,0,hobby_imperative,time_modifier
sanırım gece olunca bilgisayar dosyalarını temizle,0,hobby_imperative,time_modifier+punctuation+filler
ben de bilgisayar dosyalarını temizle,0,hobby_imperative,future_tense+subject_prefix
sanırım bence bilgisayar dosyalarını temizle,0,hobby_imperative,case_variant+subject_prefix+filler
bilgisayar dosyalarını temizle yarın,0,hobby_imperative,case_variant+time_modifier+synonym_swap
karar verdim bilgisayar dosyalarını temizle,0,hobby_imperative,subject_prefix+synonym_swap+case_variant
kesin olarak bu akşam bilgisayar dosyalarını temizle,0,hobby_imperative,time_modifier+typo+subject_prefix
Yarına hazırlık yap,0,hobby_imperative,original
sanırım yarına hazırlık yap,0,hobby_imperative,subject_prefix+typo+case_variant
Yarına hazırlık Yap.,0,hobby_imperative,punctuation+case_variant
sanırım yarına hazırlık yap...,0,hobby_imperative,punctuation+filler
bu hafta yarına hazırlık yap,0,hobby_imperative,time_modifier
Yarına hazırlık yap yakında sanırım,0,hobby_imperative,typo+time_modifier+filler
kararımı verdim yarına hazırlık yap bugün içinde,0,hobby_imperative,time_modifier+case_variant+subject_prefix
yarına hazırlık yap yarın,0,hobby_imperative,time_modifier+case_variant
ya yarına hazırlık yap yakında,0,hobby_imperative,subject_prefix+time_modifier+synonym_swap
Yarına hazırlık yap!,0,hobby_imperative,punctuation
evet yarına hazırlık yap,0,hobby_imperative,subject_prefix+synonym_swap
sanırım valla yarına hazırlık yap..,0,hobby_imperative,punctuation+filler+subject_prefix
Çiçek soğanlarını ek,0,hobby_imperative,original
artık çiçek soğanlarını ek,0,hobby_imperative,subject_prefix+future_tense
Çiçek soğanlarını ek valla,0,hobby_imperative,future_tense+filler+typo
Çiçek soganlarını ek,0,hobby_imperative,typo+case_variant
bu gece artık çiçek soğanlarını ek.,0,hobby_imperative,punctuation+subject_prefix+time_modifier
galiba çiçek soğanlarını ek,0,hobby_imperative,synonym_swap+case_variant+filler
bence çiçek soğanlarını ek,0,hobby_imperative,subject_prefix+typo
sanırım çiçek soğanlarını ek,0,hobby_imperative,subject_prefix
Çiçek soğanlarını ek... sanırım,0,hobby_imperative,punctuation+typo+filler
ben çiçek soğanlarını ek,0,hobby_imperative,subject_prefix+case_variant
Çiçek soğanlarını ek..,0,hobby_imperative,punctuation+typo
karar verdim çiçek soğanlarını ek akşama,0,hobby_imperative,typo+time_modifier+subject_prefix
Saksıdaki bitkilere su ver,0,hobby_imperative,original
aslında saksıdaki bitkilere su ver,0,hobby_imperative,filler
kesin olarak saksıdaki bitkilere su ver..,0,hobby_imperative,subject_prefix+punctuation
yakında saksıdaki bitkilere su ver yani!,0,hobby_imperative,filler+punctuation+time_modifier
kararımı verdim saksıdaki bitkilere su ver.,0,hobby_imperative,subject_prefix+typo+punctuation
bu gece saksıdaki bitkilere su ver,0,hobby_imperative,time_modifier+synonym_swap+typo
kesin olarak saksıdaki bitkilere su ver,0,hobby_imperative,subject_prefix
Saksıdaki bitkilere su ver...,0,hobby_imperative,punctuation+typo
yarın sabah saksıdaki bitkilere su ver!,0,hobby_imperative,typo+time_modifier+punctuation
evet saksıdaki bitkilere su ver,0,hobby_imperative,subject_prefix+case_variant+typo
yakında kesin olarak saksıdaki bitkilere su ver!,0,hobby_imperative,subject_prefix+punctuation+time_modifier
Saksıdaki bitkilere su ver.,0,hobby_imperative,punctuation+typo
Ahmet'in arabasının resmini çiz,0,hobby_imperative,original
bence ahmet'in arabasının resmini çiz,0,hobby_imperative,typo+subject_prefix
kesin olarak ahmet'in arabasının resmini çiz,0,hobby_imperative,subject_prefix
akşam olunca ahmet'in arabasının resmini çiz,0,hobby_imperative,typo+time_modifier
sanırım ahmet'in arabasının resmini çiz,0,hobby_imperative,synonym_swap+typo+subject_prefix
bu akşam ahmet'in arabasının resmini çiz,0,hobby_imperative,case_variant+typo+time_modifier
Ahmet'in arabasının resmini çiz!,0,hobby_imperative,typo+future_tense+punctuation
Ahmet'in arabasının Resmini ciz,0,hobby_imperative,synonym_swap+case_variant+typo
kararımı verdim ahmet'in arabasının resmini çiz,0,hobby_imperative,subject_prefix+future_tense+synonym_swap
ya ahmet'in arabasının resmini çiz,0,hobby_imperative,typo+future_tense+subject_prefix
artık ahmet'in arabasının resmini çiz,0,hobby_imperative,punctuation+filler+synonym_swap
Ahmet'in arabasının resmini çiz.!,0,hobby_imperative,punctuation
Ahmet'in portresini yap,0,hobby_imperative,original
artık ahmet'in portresini yap,0,hobby_imperative,subject_prefix
evet ahmet'in portresini yap,0,hobby_imperative,subject_prefix+case_variant
yani ahmet'in portresini yap,0,hobby_imperative,typo+filler+future_tense
artık ahmet'in portresini yap akşama,0,hobby_imperative,time_modifier+subject_prefix
bu gece ahmet'in portresini yap,0,hobby_imperative,typo+future_tense+time_modifier
Ahmet'in Portresini yap! artık,0,hobby_imperative,punctuation+case_variant+filler
bugün ben ahmet'in portresini yap,0,hobby_imperative,subject_prefix+typo
aslında ahmet'in portresini yap,0,hobby_imperative,filler+synonym_swap+typo
Ahmet'in portresini yap yarın,0,hobby_imperative,time_modifier
Ahmet'in portresini yap sanırım,0,hobby_imperative,filler
ahmet'in portresini yap bu gece,0,hobby_imperative,case_variant+time_modifier
Bir manzara resmi çiz,0,hobby_imperative,original
Bir manzara resmi çiz galiba,0,hobby_imperative,filler
Bir manzara resmi çiz sabaha,0,hobby_imperative,time_modifier
bugün bir manzara resmi çiz,0,hobby_imperative,time_modifier
artık bir manzara resmi çiz yani,0,hobby_imperative,filler+subject_prefix
kesin olarak bir manzara resmi çiz,0,hobby_imperative,subject_prefix
yarın sabah bir manzara resmi çiz,0,hobby_imperative,time_modifier
bu hafta bir manzara resmi çiz,0,hobby_imperative,time_modifier+synonym_swap+future_tense
ya bir manzara resmi çiz,0,hobby_imperative,subject_prefix
yakında bir manzara resmi çiz,0,hobby_imperative,time_modifier+typo
bu akşam bir manzara resmi çiz,0,hobby_imperative,punctuation+time_modifier+future_tense
bence bir manzara resmi ciz,0,hobby_imperative,subject_prefix+typo
Arkadaşınla buluş,0,social_imperative,original
aslında arkadaşınla buluş yarın,0,social_imperative,filler+future_tense+time_modifier
Arkadaşınla buluş bu hafta,0,social_imperative,time_modifier+typo
kararımı verdim arkadaşınla buluş,0,social_imperative,subject_prefix+synonym_swap
Arkadaşınla buluş.!,0,social_imperative,synonym_swap+punctuation
Arkadaşınla buluş bugün içinde,0,social_imperative,synonym_swap+time_modifier
Arkadaşınla buluş akşama,0,social_imperative,time_modifier
sanırım bugün ben arkadaşınla buluş,0,social_imperative,subject_prefix+filler
Arkadaşinla buluş bugün içinde,0,social_imperative,time_modifier+typo
Arkadaşınla buluş bugün içinde!,0,social_imperative,time_modifier+punctuation
ben arkadaşınla buluş,0,social_imperative,typo+synonym_swap+subject_prefix
karar verdim artık arkadaşınla buluş,0,social_imperative,filler+subject_prefix
Anneni ara,0,social_imperative,original
Anneni ara!,0,social_imperative,punctuation
ben de anneni ara...,0,social_imperative,subject_prefix+punctuation
Anneni ara galiba,0,social_imperative,future_tense+filler
Anneni ara..,0,social_imperative,synonym_swap+punctuation+future_tense
evet anneni ara,0,social_imperative,subject_prefix+future_tense+typo
bu akşam anneni ara,0,social_imperative,future_tense+time_modifier+typo
Anneni ara bu gece,0,social_imperative,time_modifier+case_variant
Anneni ara yani,0,social_imperative,filler
ya anneni ara,0,social_imperative,subject_prefix+synonym_swap+typo
evet anneni ara.!,0,social_imperative,subject_prefix+punctuation+typo
akşam olunca artık anneni ara,0,social_imperative,filler+typo+time_modifier
Aileye yardım et,0,social_imperative,original
Aileye yardım et bu hafta,0,social_imperative,time_modifier+future_tense
bugün ben az sonra aileye yardım et...,0,social_imperative,punctuation+time_modifier+subject_prefix
Aileye yardım et sanırım..,0,social_imperative,filler+future_tense+punctuation
Aileye yardım et bugün içinde,0,social_imperative,time_modifier
ben aileye yardım et!,0,social_imperative,punctuation+subject_prefix+future_tense
kesin olarak aileye yardım et,0,social_imperative,subject_prefix
Aileye yardım et!,0,social_imperative,future_tense+synonym_swap+punctuation
kararımı verdim aileye yardım et,0,social_imperative,typo+subject_prefix
gece olunca aileye yardım et,0,social_imperative,case_variant+time_modifier+synonym_swap
sanırım aileye yardım et,0,social_imperative,subject_prefix
aslında aileye yardım et,0,social_imperative,filler
Kuzenini ziyaret et,0,social_imperative,original
yarın kuzenini ziyaret et,0,social_imperative,future_tense+time_modifier
Kuzenini ziyaret et.! sabaha,0,social_imperative,punctuation+time_modifier
ya kuzenini ziyaret et,0,social_imperative,future_tense+case_variant+subject_prefix
sanırım kuzenini ziyaret et,0,social_imperative,synonym_swap+filler
kuzenini ziyaret et artık sabaha,0,social_imperative,case_variant+filler+time_modifier
kuzenini ziyaret et!,0,social_imperative,typo+case_variant+punctuation
Kuzenini ziyaret et galiba,0,social_imperative,filler+synonym_swap
Kuzenini ziyaret et.. az sonra,0,social_imperative,punctuation+synonym_swap+time_modifier
Kuzenini ziyaret et.!,0,social_imperative,future_tense+punctuation
kesin ben kuzenini ziyaret et,0,social_imperative,subject_prefix+filler+synonym_swap
yakında kuzenini ziyaret et,0,social_imperative,time_modifier+future_tense
Eski arkadaşını ara,0,social_imperative,original
Eski arkadaşını ara..,0,social_imperative,punctuation+typo+future_tense
Eski arkadaşını ara.!,0,social_imperative,punctuation
artık eski arkadaşını ara,0,social_imperative,subject_prefix+future_tense
Eski Arkadaşını ara bu gece,0,social_imperative,time_modifier+case_variant+future_tense
valla eski arkadaşını ara sabaha,0,social_imperative,filler+time_modifier
yarın sabah eski arkadaşını ara,0,social_imperative,time_modifier+punctuation+future_tense
Eski arkadaşını Ara galiba,0,social_imperative,filler+future_tense+case_variant
kesin ya eski arkadaşını ara bu hafta,0,social_imperative,time_modifier+subject_prefix+filler
Eski arkadaşını Ara bu hafta,0,social_imperative,case_variant+time_modifier+future_tense
kararımı verdim eski arkadaşını ara,0,social_imperative,subject_prefix+case_variant+synonym_swap
ya eski arkadaşını ara,0,social_imperative,subject_prefix
Doğum günü hediyesi al,0,social_imperative,original
sanırım doğum günü hediyesi al,0,social_imperative,subject_prefix
artık doğum günü hediyesi al,0,social_imperative,filler
Doğum günü hediyesi al bugün içinde...,0,social_imperative,time_modifier+case_variant+punctuation
sanırım şimdi doğum günü hediyesi al,0,social_imperative,time_modifier+subject_prefix
Doğum günü hediyesi al aslında,0,social_imperative,filler
Doğum günü hediyesi al bu gece..,0,social_imperative,time_modifier+punctuation+typo
Bu gece doğum günü hediyesi al,0,social_imperative,time_modifier+case_variant+future_tense
Doğum günü hediyesi al yakında,0,social_imperative,case_variant+time_modifier+typo
kesin doğum günü hediyesi al,0,social_imperative,filler
bu akşam doğum günü hediyesi al,0,social_imperative,time_modifier
ya saatler içinde doğum günü hediyesi al,0,social_imperative,case_variant+time_modifier+subject_prefix
Aile yemeğine katıl,0,social_imperative,original
Aile yemeğine katıl akşama,0,social_imperative,time_modifier+typo+synonym_swap
Aile yemeğine katıl az sonra,0,social_imperative,time_modifier
Aile yemeğine katil sabaha,0,social_imperative,typo+time_modifier
bence aile yemeğine katıl..,0,social_imperative,punctuation+subject_prefix+future_tense
yani aile yemeğine katıl,0,social_imperative,typo+filler
Aile yemeğine katıl bugün içinde,0,social_imperative,time_modifier+typo+synonym_swap
Aile yemeğine katıl bu gece,0,social_imperative,typo+time_modifier
az sonra aile yemeğine katıl galiba,0,social_imperative,case_variant+time_modifier+filler
evet aile yemeğine katıl bu gece,0,social_imperative,time_modifier+synonym_swap+subject_prefix
evet aile yemeğine katıl,0,social_imperative,future_tense+punctuation+subject_prefix
Aile yemeğine katıl...,0,social_imperative,future_tense+typo+punctuation
Konsere git akşam,0,social_imperative,original
kararimi verdim konsere git akşam,0,social_imperative,subject_prefix+case_variant+typo
şimdi yani konsere git akşam,0,social_imperative,filler+time_modifier+synonym_swap
Yarın konsere git akşam,0,social_imperative,time_modifier+case_variant+future_tense
konsere git akşam..,0,social_imperative,synonym_swap+case_variant+punctuation
Konsere git akşam.,0,social_imperative,future_tense+punctuation
az sonra konsere git akşam...,0,social_imperative,time_modifier+punctuation
Konsere git akşam artık,0,social_imperative,case_variant+filler
kesin olarak konsere git akşam... yarın,0,social_imperative,subject_prefix+punctuation+time_modifier
bence konsere git akşam akşama,0,social_imperative,time_modifier+subject_prefix+typo
bugün konsere git akşam,0,social_imperative,synonym_swap+future_tense+time_modifier
şimdi konsere git akşam,0,social_imperative,time_modifier+synonym_swap
Tiyatroya git,0,social_imperative,original
Tiyatroya git galiba,0,social_imperative,filler+typo+case_variant
sanırım tiyatroya git,0,social_imperative,case_variant+filler+typo
akşam olunca tiyatroya git,0,social_imperative,time_modifier
evet tiyatroya git,0,social_imperative,subject_prefix
kesin tiyatroya Git,0,social_imperative,synonym_swap+filler+case_variant
ya tiyatroya git,0,social_imperative,subject_prefix
karar verdim tiyatroya git sabaha,0,social_imperative,time_modifier+subject_prefix+synonym_swap
saatler içinde ben tiyatroya git,0,social_imperative,subject_prefix+time_modifier+typo
Tiyatroya git.!,0,social_imperative,typo+future_tense+punctuation
Tiyatroya git az sonra,0,social_imperative,time_modifier
aslında tiyatroya git bu gece,0,social_imperative,time_modifier+typo+filler
Komşuyla sohbet et,0,social_imperative,original
Komşuyla sohbet et sanırım,0,social_imperative,synonym_swap+typo+filler
Komşuyla sohbet et. bu hafta,0,social_imperative,punctuation+synonym_swap+time_modifier
Komşuyla sohbet et akşama galiba,0,social_imperative,time_modifier+synonym_swap+filler
Komşuyla sohbet et...,0,social_imperative,future_tense+punctuation
Komşuyla sohbet et.!,0,social_imperative,punctuation
ben de valla komşuyla sohbet et,0,social_imperative,filler+subject_prefix
Komşuyla sohbet et... sabaha,0,social_imperative,case_variant+punctuation+time_modifier
Komşuyla sohbet et galiba,0,social_imperative,synonym_swap+filler+punctuation
yarın sabah ya komşuyla Sohbet et,0,social_imperative,case_variant+subject_prefix+time_modifier
Komşuyla Sohbet et.! bu hafta,0,social_imperative,punctuation+case_variant+time_modifier
artık komşuyla sohbet et,0,social_imperative,case_variant+subject_prefix
Çocukluk arkadaşınla buluş,0,social_imperative,original
bence çocukluk arkadasınla bulus,0,social_imperative,typo+future_tense+subject_prefix
artık çocukluk arkadaşınla buluş,0,social_imperative,filler+punctuation
bence çocukluk arkadaşınla buluş,0,social_imperative,subject_prefix+case_variant
şimdi çocukluk arkadaşınla buluş...,0,social_imperative,time_modifier+punctuation
sanırım akşam olunca çocukluk arkadaşınla buluş,0,social_imperative,typo+time_modifier+filler
Çocukluk arkadaşınla buluş yani,0,social_imperative,filler
evet çocukluk arkadaşınla buluş,0,social_imperative,subject_prefix+synonym_swap+case_variant
ben çocukluk arkadaşınla buluş aslında,0,social_imperative,typo+subject_prefix+filler
aslında çocukluk arkadaşınla buluş,0,social_imperative,filler
valla çocukluk arkadaşınla buluş bu gece,0,social_imperative,time_modifier+filler+typo
bugün çocukluk arkadaşınla buluş,0,social_imperative,case_variant+time_modifier
İş arkadaşlarıyla yemeğe çık,0,social_imperative,original
ya i̇ş arkadaşlarıyla yemeğe çık sanırım,0,social_imperative,filler+subject_prefix
İş arkadaşlarıyla yemeğe çık bu gece,0,social_imperative,typo+time_modifier
aslında iş arkadaşlarıyla yemeğe çık..,0,social_imperative,filler+punctuation+typo
İş arkadaşlarıyla yemeğe çık.,0,social_imperative,punctuation+synonym_swap
İş arkadaşlarıyla yemege çık,0,social_imperative,case_variant+future_tense+typo
ben de bu akşam iş arkadaşlarıyla yemeğe çık...,0,social_imperative,time_modifier+punctuation+subject_prefix
İş arkadaşlarıyla yemeğe Çık!,0,social_imperative,case_variant+punctuation
Şimdi iş arkadaşlarıyla yemeğe çık,0,social_imperative,time_modifier+case_variant
İş arkadaşlarıyla Yemeğe çık galiba,0,social_imperative,typo+filler+case_variant
sanırım iş arkadaşlarıyla yemeğe çık,0,social_imperative,typo+filler
İş arkadaşlariyla yemeğe çık,0,social_imperative,typo
Annene yardım et,0,social_imperative,original
Annene yardım et galiba.!,0,social_imperative,case_variant+filler+punctuation
Annene yardım et bugün içinde,0,social_imperative,time_modifier
artık sanırım annene yardım et,0,social_imperative,future_tense+subject_prefix+filler
evet annene yardım et,0,social_imperative,synonym_swap+subject_prefix
kararımı verdim annene yardım et,0,social_imperative,case_variant+subject_prefix
Annene yardım et sabaha,0,social_imperative,future_tense+typo+time_modifier
bugün ben annene yardım et,0,social_imperative,subject_prefix
Annene yardım et artık,0,social_imperative,future_tense+filler
galiba annene yardım et bu hafta,0,social_imperative,filler+time_modifier+typo
valla annene yardım et.!,0,social_imperative,synonym_swap+filler+punctuation
bu akşam annene yardım et,0,social_imperative,time_modifier+typo
Babanla vakit geçir,0,social_imperative,original
Babanla vakit geçir kesin,0,social_imperative,filler+synonym_swap
Babanla vakit geçir.,0,social_imperative,synonym_swap+punctuation
ben de babanla vakit geçir artık,0,social_imperative,subject_prefix+filler+case_variant
Aslında babanla vakit geçir,0,social_imperative,filler+case_variant
Babanla Vakit geçir az sonra,0,social_imperative,future_tense+time_modifier+case_variant
ya babanla vakit geçir,0,social_imperative,subject_prefix+synonym_swap+case_variant
az sonra babanla vakit geçir,0,social_imperative,case_variant+future_tense+time_modifier
kesin babanla vakit geçir,0,social_imperative,filler+case_variant+synonym_swap
babanla vakit geçir bugün içinde,0,social_imperative,time_modifier+case_variant
Babanla Vakit geçir galiba,0,social_imperative,case_variant+filler+future_tense
ben babanla vakit geçir,0,social_imperative,subject_prefix+synonym_swap
Kardeşine kitap oku,0,social_imperative,original
sanırım kardeşine kitap oku sanırım,0,social_imperative,subject_prefix+filler
ben de kardeşine kitap oku,0,social_imperative,subject_prefix+synonym_swap+case_variant
Kardeşine kitap oku..,0,social_imperative,punctuation
Ya kardeşine kitap oku,0,social_imperative,subject_prefix+case_variant
Kardeşine kitap oku!,0,social_imperative,punctuation+future_tense
Kardeşine kitap oku bu hafta,0,social_imperative,time_modifier
Ben kardeşine kitap oku,0,social_imperative,subject_prefix+case_variant
Kardeşine kitap Oku...,0,social_imperative,future_tense+case_variant+punctuation
Kardeşine kitap oku sanırım,0,social_imperative,filler+future_tense
saatler içinde kardeşine kitap oku,0,social_imperative,time_modifier
Kardeşine kitap oku aslında.!,0,social_imperative,filler+punctuation
Bol su iç bugün,0,health_imperative,original
Bol su iç bugün artık,0,health_imperative,filler+future_tense
Bol su iç bugün!,0,health_imperative,typo+punctuation
Bol su iç bugün sabaha,0,health_imperative,time_modifier+synonym_swap
Bol su iç bugün akşama,0,health_imperative,typo+time_modifier+case_variant
Bol su iç bugün..,0,health_imperative,punctuation+typo
sanırım bol su iç bugün,0,health_imperative,case_variant+subject_prefix
bugün ben bol su iç bugün.,0,health_imperative,punctuation+subject_prefix+future_tense
kesin bol su iç bugün yarın,0,health_imperative,filler+synonym_swap+time_modifier
Karar verdim bol su iç bugün,0,health_imperative,subject_prefix+typo+case_variant
aslında bol su iç bugün,0,health_imperative,future_tense+filler+punctuation
artık bol su iç bugün,0,health_imperative,subject_prefix
Sağlıklı beslen,0,health_imperative,original
Sağlıklı beslen bugün içinde,0,health_imperative,time_modifier
evet sağlıklı beslen bugün içinde,0,health_imperative,time_modifier+subject_prefix
Sağlıklı beslen... yarın,0,health_imperative,case_variant+punctuation+time_modifier
karar verdim sağlıklı beslen,0,health_imperative,subject_prefix+synonym_swap+typo
yani sağlıklı beslen,0,health_imperative,typo+filler
Sağlıklı beslen yani,0,health_imperative,filler+synonym_swap
bence sağlıklı beslen,0,health_imperative,subject_prefix+case_variant
kesin olarak saglıklı beslen,0,health_imperative,typo+subject_prefix+future_tense
yarın valla sağlıklı beslen.,0,health_imperative,filler+time_modifier+punctuation
sanırım sağlıklı beslen,0,health_imperative,subject_prefix+synonym_swap
valla sağlıklı beslen,0,health_imperative,future_tense+filler
Erken yat bu gece,0,health_imperative,original
artık yakında erken yat bu gece..,0,health_imperative,time_modifier+subject_prefix+punctuation
Erken yat bu Gece bu hafta,0,health_imperative,case_variant+typo+time_modifier
Erken yat bu gece!,0,health_imperative,future_tense+synonym_swap+punctuation
Erken yat bu gece.,0,health_imperative,case_variant+punctuation+synonym_swap
Yakında erken yat bu gece.!,0,health_imperative,time_modifier+case_variant+punctuation
Erken yat bu gece.!,0,health_imperative,future_tense+punctuation
Erken yat bu gece aslında,0,health_imperative,typo+future_tense+filler
bu gece erken yat bu gece artık.,0,health_imperative,filler+time_modifier+punctuation
sanırım erken yat bu gece,0,health_imperative,typo+subject_prefix
ben erken Yat bu gece,0,health_imperative,subject_prefix+case_variant
Aslında erken yat bu gece,0,health_imperative,future_tense+filler+case_variant
8 saat uyu,0,health_imperative,original
şimdi aslında 8 saat uyu,0,health_imperative,filler+time_modifier
artık 8 saat uyu,0,health_imperative,future_tense+typo+filler
ben 8 saat uyu bugün içinde,0,health_imperative,subject_prefix+synonym_swap+time_modifier
kararımı verdim 8 saat uyu.! aslında,0,health_imperative,punctuation+filler+subject_prefix
8 Saat uyu valla,0,health_imperative,case_variant+filler+synonym_swap
8 saat uyu bugün içinde,0,health_imperative,case_variant+time_modifier+future_tense
8 saat uyu...,0,health_imperative,punctuation
akşam olunca valla 8 saat Uyu,0,health_imperative,filler+case_variant+time_modifier
yani 8 saat uyu,0,health_imperative,filler
8 saat uyu bu hafta,0,health_imperative,typo+time_modifier
akşam olunca galiba 8 saat uyu,0,health_imperative,filler+future_tense+time_modifier
Vitaminlerini al,0,health_imperative,original
bence vitaminlerini al aslında,0,health_imperative,filler+subject_prefix+case_variant
saatler içinde vitaminlerini al,0,health_imperative,future_tense+punctuation+time_modifier
galiba vitaminlerini al,0,health_imperative,typo+filler
ya vitaminlerini al galiba,0,health_imperative,typo+filler+subject_prefix
ben vitaminlerini al,0,health_imperative,subject_prefix
Vitaminlerini al...,0,health_imperative,future_tense+punctuation
Vitaminlerini al yarın,0,health_imperative,time_modifier
yani vitaminlerini al,0,health_imperative,future_tense+filler+typo
saatler içinde valla vitaminlerini al,0,health_imperative,filler+time_modifier
bugün ben vitaminlerini al,0,health_imperative,subject_prefix+synonym_swap
kararımı verdim vitaminlerini al,0,health_imperative,synonym_swap+subject_prefix
Doktora git,0,health_imperative,original
Doktora git..,0,health_imperative,punctuation+synonym_swap
Doktora git.,0,health_imperative,synonym_swap+future_tense+punctuation
bugün ben doktora git,0,health_imperative,subject_prefix
ben doktora git,0,health_imperative,subject_prefix+case_variant
doktora git bu gece,0,health_imperative,case_variant+time_modifier
Kesin olarak doktora git,0,health_imperative,subject_prefix+case_variant
sanırım doktora git,0,health_imperative,subject_prefix
yani doktora git,0,health_imperative,synonym_swap+filler+typo
aslında doktora git,0,health_imperative,filler
Doktora git...,0,health_imperative,future_tense+case_variant+punctuation
galiba doktora git.!,0,health_imperative,future_tense+punctuation+filler
Diş hekimine git,0,health_imperative,original
Diş hekimine git...,0,health_imperative,punctuation
Diş hekimine git valla..,0,health_imperative,filler+punctuation
karar verdim diş hekimine git...,0,health_imperative,punctuation+synonym_swap+subject_prefix
Diş hekimine git aslında.!,0,health_imperative,synonym_swap+filler+punctuation
Diş hekimine git! kesin,0,health_imperative,synonym_swap+punctuation+filler
yakında evet diş hekimine git,0,health_imperative,typo+subject_prefix+time_modifier
ya diş hekimine git,0,health_imperative,subject_prefix+future_tense
ben de diş hekimine git,0,health_imperative,subject_prefix
ya diş hekimine git..,0,health_imperative,punctuation+subject_prefix
artık galiba diş hekimine git,0,health_imperative,typo+filler+subject_prefix
bugün ben diş hekimine git aslında,0,health_imperative,subject_prefix+filler+future_tense
15 dakika meditasyon yap,0,health_imperative,original
ya 15 dakika meditasyon yap,0,health_imperative,subject_prefix+future_tense
15 dakika meditasyon yap!,0,health_imperative,typo+punctuation+future_tense
bu akşam yani 15 dakika meditasyon yap,0,health_imperative,filler+synonym_swap+time_modifier
sanırım 15 dakika meditasyon yap,0,health_imperative,filler+synonym_swap+typo
galiba 15 dakika meditasyon yap,0,health_imperative,filler+future_tense+typo
artık 15 dakika meditasyon yap,0,health_imperative,case_variant+future_tense+subject_prefix
bugün bence 15 dakika meditasyon yap artık,0,health_imperative,filler+subject_prefix+time_modifier
valla 15 dakika meditasyon yap!,0,health_imperative,filler+punctuation+synonym_swap
15 dakika meditasyon yap bu hafta,0,health_imperative,time_modifier+synonym_swap
artık 15 dakika meditasyon yap.!,0,health_imperative,subject_prefix+punctuation+typo
bu hafta 15 dakika meditasyon yap,0,health_imperative,time_modifier
Daha az kafein tüket,0,health_imperative,original
Daha az kafein tüket.!,0,health_imperative,punctuation
az sonra daha az kafein tüket,0,health_imperative,synonym_swap+time_modifier+typo
karar verdim daha az kafein tüket yani,0,health_imperative,subject_prefix+filler
kesin olarak daha az kafein tüket bugün içinde.!,0,health_imperative,time_modifier+subject_prefix+punctuation
Daha az kafein tüket yarın,0,health_imperative,synonym_swap+time_modifier+case_variant
evet daha az kafein tüket,0,health_imperative,subject_prefix+case_variant
Daha az kafein tüket az sonra.,0,health_imperative,time_modifier+punctuation
sanırım daha az kafein tüket,0,health_imperative,synonym_swap+filler
Daha az kafein tüket!,0,health_imperative,future_tense+punctuation
yani daha az kafein tuket,0,health_imperative,typo+synonym_swap+filler
karar verdim daha az kafein tüket,0,health_imperative,typo+subject_prefix+synonym_swap
Daha çok sebze ye,0,health_imperative,original
Daha çok sebze ye az sonra yani,0,health_imperative,synonym_swap+time_modifier+filler
kesin bugün ben daha çok sebze ye,0,health_imperative,subject_prefix+case_variant+filler
evet daha çok Sebze ye,0,health_imperative,future_tense+case_variant+subject_prefix
Daha cok sebze ye,0,health_imperative,typo
bence daha çok sebze ye,0,health_imperative,subject_prefix
Daha çok sebze ye yakında galiba.,0,health_imperative,time_modifier+filler+punctuation
bugün ben daha çok sebze ye,0,health_imperative,future_tense+subject_prefix
Daha çok sebze ye sanırım...,0,health_imperative,filler+typo+punctuation
sanırım daha çok sebze ye.,0,health_imperative,punctuation+filler
ya daha çok sebze ye,0,health_imperative,subject_prefix+future_tense
yakında daha çok sebze ye,0,health_imperative,time_modifier+synonym_swap
Nefes egzersizi yap,0,health_imperative,original
sanırım nefes egzersizi Yap..,0,health_imperative,subject_prefix+punctuation+case_variant
sanırım nefes egzersizi yap,0,health_imperative,future_tense+subject_prefix+synonym_swap
Nefes egzersizi yap galiba,0,health_imperative,punctuation+filler+case_variant
Nefes egzersizi yap yani,0,health_imperative,filler+case_variant
bu gece nefes egzersizi yap,0,health_imperative,synonym_swap+future_tense+time_modifier
az sonra nefes egzersizi yap,0,health_imperative,synonym_swap+time_modifier
akşam olunca sanırım nefes egzersizi yap..,0,health_imperative,subject_prefix+punctuation+time_modifier
Nefes egzersizi yap bugün içinde,0,health_imperative,time_modifier+synonym_swap+future_tense
Nefes egzersizi yap..,0,health_imperative,typo+punctuation
bu akşam nefes egzersizi yap,0,health_imperative,time_modifier+typo
saatler içinde nefes egzersizi yap...,0,health_imperative,time_modifier+future_tense+punctuation
Cilt bakımı yap,0,health_imperative,original
Cilt bakımı yap sabaha,0,health_imperative,time_modifier
kesin olarak cilt bakımı yap,0,health_imperative,case_variant+subject_prefix
ya cilt bakımı yap,0,health_imperative,subject_prefix
sanırım cilt bakımı yap yakında,0,health_imperative,time_modifier+filler
gece olunca cilt bakımı yap!,0,health_imperative,punctuation+time_modifier
Cilt bakımı yap sanırım,0,health_imperative,filler
Cilt bakımı yap.!,0,health_imperative,punctuation+case_variant
ben de cilt bakımı yap,0,health_imperative,typo+subject_prefix
cilt bakımı yap.,0,health_imperative,punctuation+case_variant+synonym_swap
ben cilt bakımı yap,0,health_imperative,typo+subject_prefix+synonym_swap
yani cilt bakımı yap,0,health_imperative,future_tense+filler+punctuation
Yüz maskesi yap,0,health_imperative,original
kesin yüz maskesi yap,0,health_imperative,synonym_swap+filler
aslında yüz maskesi yap.!,0,health_imperative,filler+punctuation
bu gece ben yüz maskesi yap,0,health_imperative,subject_prefix+future_tense+time_modifier
Yüz maskesi yap akşama,0,health_imperative,time_modifier+typo+synonym_swap
Yüz maskesi yap valla,0,health_imperative,filler
bence yüz maskesi yap,0,health_imperative,subject_prefix+future_tense
karar verdim yüz maskesi yap yarın,0,health_imperative,time_modifier+subject_prefix
galiba yüz maskesi yap,0,health_imperative,future_tense+synonym_swap+filler
kararımı Verdim yüz maskesi yap.!,0,health_imperative,subject_prefix+case_variant+punctuation
karar verdim yüz maskesi yap az sonra,0,health_imperative,typo+time_modifier+subject_prefix
Yuz maskesi yap,0,health_imperative,typo
Banyo yap rahatla,0,health_imperative,original
Ben banyo yap rahatla,0,health_imperative,punctuation+subject_prefix+case_variant
evet akşam olunca banyo yap rahatla,0,health_imperative,synonym_swap+time_modifier+subject_prefix
kesin banyo yap rahatla,0,health_imperative,filler+typo
Banyo yap rahatla!,0,health_imperative,typo+punctuation
Banyo yap rahatla..,0,health_imperative,punctuation
bugün kesin olarak valla banyo yap rahatla,0,health_imperative,filler+subject_prefix+time_modifier
artık banyo yap rahatla.,0,health_imperative,punctuation+filler+typo
bugün ben banyo yap rahatla yarın,0,health_imperative,time_modifier+subject_prefix+typo
az sonra banyo yap rahatla..,0,health_imperative,time_modifier+synonym_swap+punctuation
Banyo yap rahatla kesin..,0,health_imperative,case_variant+filler+punctuation
evet banyo yap rahatla bu hafta,0,health_imperative,subject_prefix+synonym_swap+time_modifier
Akşam meditasyon yap,0,health_imperative,original
evet akşam meditasyon yap,0,health_imperative,subject_prefix+future_tense+typo
Akşam meditasyon yap...,0,health_imperative,punctuation
Akşam meditasyon yap yakında,0,health_imperative,time_modifier
karar verdim valla akşam meditasyon yap,0,health_imperative,filler+subject_prefix
Akşam meditasyon yap..,0,health_imperative,punctuation
Akşam meditasyon yap... galiba,0,health_imperative,punctuation+typo+filler
Akşam meditasyon yap valla,0,health_imperative,future_tense+filler+typo
artık akşam meditasyon yap,0,health_imperative,subject_prefix
kararımı verdim akşam meditasyon yap kesin,0,health_imperative,subject_prefix+filler
aksam meditasyon yap,0,health_imperative,case_variant+typo+synonym_swap
bugün akşam meditasyon yap valla,0,health_imperative,filler+time_modifier
Kendine zaman ayır,0,health_imperative,original
Kendine zaman ayır...,0,health_imperative,punctuation
artık bugün kendine zaman ayır galiba,0,health_imperative,filler+time_modifier+subject_prefix
saatler içinde kesin kendine zaman ayır,0,health_imperative,filler+time_modifier
bugün ben saatler içinde kendine zaman ayır,0,health_imperative,typo+time_modifier+subject_prefix
kararımı verdim kendine zaman ayır,0,health_imperative,future_tense+typo+subject_prefix
artık kendine zaman ayır artık,0,health_imperative,filler+subject_prefix
ya kendine zaman ayır,0,health_imperative,subject_prefix+case_variant
kararımı verdim kendine zaman ayır sanırım,0,health_imperative,filler+subject_prefix
Kendine zaman ayır... sanırım,0,health_imperative,punctuation+future_tense+filler
bu gece kendine zaman ayır sanırım,0,health_imperative,filler+case_variant+time_modifier
Kendine zaman ayır..,0,health_imperative,punctuation
Düzenli check-up yaptır,0,health_imperative,original
Düzenli check-up yaptir...,0,health_imperative,typo+punctuation
Düzenli check-up yaptır.. Az sonra,0,health_imperative,punctuation+time_modifier+case_variant
ben de düzenli check-up Yaptır,0,health_imperative,case_variant+subject_prefix+future_tense
kesin düzenli check-up yaptır,0,health_imperative,punctuation+filler+future_tense
Düzenli check-up yaptır yakında valla,0,health_imperative,time_modifier+filler
Kararımı verdim düzenli check-up yaptır..,0,health_imperative,punctuation+subject_prefix+case_variant
saatler içinde düzenli check-up yaptır. yani,0,health_imperative,time_modifier+punctuation+filler
yani düzenli check-up yaptır,0,health_imperative,filler+typo+synonym_swap
bugün ben düzenli check-up yaptır,0,health_imperative,subject_prefix+synonym_swap
Düzenli check-up yaptır...,0,health_imperative,synonym_swap+punctuation
kesin olarak düzenli check-up yaptır,0,health_imperative,case_variant+synonym_swap+subject_prefix
Psikoloğa randevu al,0,health_imperative,original
valla psikoloğa randevu al,0,health_imperative,filler+synonym_swap
Psikoloğa randevu al galiba,0,health_imperative,filler
psikoloğa randevu al.!,0,health_imperative,punctuation+case_variant
Psikoloğa randevu al akşama,0,health_imperative,case_variant+time_modifier+future_tense
Psikoloğa randevu al bu gece.!,0,health_imperative,time_modifier+punctuation+synonym_swap
Psikoloğa randevu al.,0,health_imperative,punctuation
yakında psikoloğa randevu al sanırım,0,health_imperative,time_modifier+filler+synonym_swap
kesin olarak psikoloğa randevu al,0,health_imperative,subject_prefix
ya psikoloğa randevu Al kesin,0,health_imperative,case_variant+subject_prefix+filler
galiba akşam olunca psikoloğa randevu al,0,health_imperative,time_modifier+filler
Psikoloğa randevu al sabaha,0,health_imperative,time_modifier
Daha az ekran karşısında kal,0,health_imperative,original
Daha az ekran karşısında kal..,0,health_imperative,synonym_swap+typo+punctuation
bence daha az ekran karşısında kal bu gece,0,health_imperative,subject_prefix+time_modifier+typo
Daha az ekran karşısında kal akşama,0,health_imperative,time_modifier+future_tense
sanırım daha az ekran karşısında kal yani bu hafta,0,health_imperative,filler+subject_prefix+time_modifier
ya daha az ekran karşısında kal,0,health_imperative,subject_prefix
az sonra daha az ekran karşısında kal,0,health_imperative,future_tense+time_modifier+typo
evet daha az ekran karşısında kal,0,health_imperative,subject_prefix
saatler içinde daha az ekran karşısında kal,0,health_imperative,time_modifier+future_tense+synonym_swap
şimdi daha az ekran karşısında kal,0,health_imperative,typo+time_modifier
Daha az ekran karşısında kal bu hafta,0,health_imperative,synonym_swap+time_modifier
yarın daha az ekran karşısında kal!,0,health_imperative,time_modifier+punctuation
Köpeği gezdir,0,pet_imperative,original
bu hafta köpeği gezdir artık,0,pet_imperative,filler+future_tense+time_modifier
bence köpeği gezdir sabaha,0,pet_imperative,time_modifier+subject_prefix+punctuation
artık köpeği gezdir.!,0,pet_imperative,subject_prefix+punctuation
Köpeği gezdir..,0,pet_imperative,punctuation+future_tense
kesin olarak köpeği gezdir yani,0,pet_imperative,case_variant+filler+subject_prefix
Köpeği gezdir.,0,pet_imperative,case_variant+punctuation
Köpeği gezdir bu gece,0,pet_imperative,time_modifier
artık kesin olarak köpeği gezdir,0,pet_imperative,subject_prefix+synonym_swap+filler
Köpeği gezdir...,0,pet_imperative,punctuation
ben de yakında köpeği gezdir,0,pet_imperative,synonym_swap+time_modifier+subject_prefix
Köpeği gezdir!,0,pet_imperative,punctuation
Kediye mama ver,0,pet_imperative,original
Kediye mama ver sabaha kesin,0,pet_imperative,time_modifier+case_variant+filler
Kediye mama ver valla,0,pet_imperative,future_tense+filler
aslında kediye mama ver.,0,pet_imperative,filler+punctuation
sanırım kediye mama ver,0,pet_imperative,future_tense+subject_prefix
Kediye mama ver..,0,pet_imperative,punctuation+future_tense
evet kediye mama ver,0,pet_imperative,typo+subject_prefix
Artık kediye mama ver,0,pet_imperative,typo+filler+case_variant
Kediye mama ver yakında,0,pet_imperative,time_modifier+typo+future_tense
karar verdim kediye mama ver,0,pet_imperative,synonym_swap+subject_prefix
Kediye mama ver akşama,0,pet_imperative,time_modifier
kesin kediye mama ver sabaha,0,pet_imperative,time_modifier+filler
Akvaryumu temizle,0,pet_imperative,original
kesin olarak yarın akvaryumu temizle,0,pet_imperative,time_modifier+subject_prefix
kararımı verdim akvaryumu temizle.,0,pet_imperative,punctuation+subject_prefix
yarın sanırım akvaryumu temizle,0,pet_imperative,subject_prefix+time_modifier
ben akvaryumu temizle,0,pet_imperative,subject_prefix
kesin akvaryumu temizle,0,pet_imperative,filler
artık akvaryumu temizle yani.!,0,pet_imperative,subject_prefix+filler+punctuation
Sanırım akvaryumu temizle,0,pet_imperative,filler+case_variant+future_tense
Akvaryumu temizle...,0,pet_imperative,punctuation
Akvaryumu temizle artık,0,pet_imperative,filler
az sonra akvaryumu temizle...,0,pet_imperative,punctuation+time_modifier
şimdi akvaryumu temizle,0,pet_imperative,future_tense+time_modifier
Kuş kafesini düzenle,0,pet_imperative,original
Kuş kafesini düzenle...,0,pet_imperative,punctuation
bugün ben kuş kafesini düzenle,0,pet_imperative,subject_prefix+synonym_swap
kesin kuş kafesini düzenle,0,pet_imperative,synonym_swap+filler
Kuş kafesini düzenle artık!,0,pet_imperative,filler+punctuation+synonym_swap
yani artık kuş kafesini düzenle!,0,pet_imperative,subject_prefix+punctuation+filler
yarın kuş kafesini düzenle,0,pet_imperative,typo+time_modifier
Kuş kafesini düzenle yarın,0,pet_imperative,synonym_swap+time_modifier+case_variant
galiba gece olunca kuş kafesini düzenle.,0,pet_imperative,punctuation+time_modifier+filler
aslında kuş kafesini düzenle,0,pet_imperative,filler
kesin yarın kuş kafesini düzenle,0,pet_imperative,time_modifier+filler
Kuş kafesini düzenle sabaha,0,pet_imperative,typo+time_modifier
Köpeği veterinere götür,0,pet_imperative,original
Köpeği veterinere götür yani,0,pet_imperative,filler
Köpeği veterinere götür bugün içinde!,0,pet_imperative,synonym_swap+time_modifier+punctuation
Kopeği veterinere gotür,0,pet_imperative,synonym_swap+typo
Köpeği veterinere götür!,0,pet_imperative,punctuation+future_tense
artık kararımı verdim köpeği veterinere götür,0,pet_imperative,subject_prefix+filler+synonym_swap
Köpeği veterinere götür kesin,0,pet_imperative,typo+filler+future_tense
Köpeği veterinere götür...,0,pet_imperative,typo+punctuation
valla akşam olunca köpeği veterinere götür!,0,pet_imperative,punctuation+time_modifier+filler
ya köpeği veterinere götür,0,pet_imperative,subject_prefix
Köpeği veterinere götür.. bugün içinde,0,pet_imperative,future_tense+punctuation+time_modifier
köpeği veterinere götür.!,0,pet_imperative,case_variant+punctuation+future_tense
Kediyle oyna,0,pet_imperative,original
ben de kediyle oyna,0,pet_imperative,future_tense+typo+subject_prefix
Kediyle oyna.!,0,pet_imperative,typo+punctuation
Kediyle oyna!,0,pet_imperative,case_variant+future_tense+punctuation
Kediyle oyna bugün içinde,0,pet_imperative,case_variant+time_modifier
ben kediyle oyna,0,pet_imperative,subject_prefix
artık kediyle oyna.!,0,pet_imperative,punctuation+subject_prefix
Kediyle oyna artık,0,pet_imperative,synonym_swap+filler+future_tense
Kediyle oyna akşama,0,pet_imperative,time_modifier
Kediyle oyna.,0,pet_imperative,punctuation
ya kediyle oyna,0,pet_imperative,typo+subject_prefix+case_variant
yani kesin olarak kediyle oyna,0,pet_imperative,typo+subject_prefix+filler
Hayvanat bahçesini ziyaret et,0,pet_imperative,original
Hayvanat bahçesini ziyaret et bu gece,0,pet_imperative,time_modifier+punctuation+future_tense
Hayvanat bahçesini ziyaret et yakında,0,pet_imperative,time_modifier
Hayvanat bahçesini ziyaret et sanırım,0,pet_imperative,future_tense+filler
Hayvanat bahçesini ziyaret et.!,0,pet_imperative,synonym_swap+punctuation+future_tense
sanırım hayvanat bahçesini ziyaret et,0,pet_imperative,subject_prefix+future_tense
Hayvanat bahçesini ziyaret et...,0,pet_imperative,synonym_swap+future_tense+punctuation
bugün ben hayvanat bahçesini ziyaret et,0,pet_imperative,future_tense+subject_prefix
bu gece hayvanat bahçesini ziyaret et,0,pet_imperative,time_modifier
hayvanat bahçesini ziyaret et bugün içinde,0,pet_imperative,case_variant+punctuation+time_modifier
ben galiba hayvanat bahçesini ziyaret et,0,pet_imperative,filler+case_variant+subject_prefix
Hayvanat bahçesini ziyaret et valla,0,pet_imperative,filler+typo
Sokak kedilerine mama bırak,0,pet_imperative,original
bugün ben sokak kedilerine mama bırak,0,pet_imperative,synonym_swap+subject_prefix
yani sokak kedilerine mama bırak,0,pet_imperative,filler+future_tense
Sokak kedilerine mama bırak yarın,0,pet_imperative,time_modifier
Sokak kedilerine mama bırak bu hafta,0,pet_imperative,time_modifier
sanırım sokak kedilerine mama bırak,0,pet_imperative,filler
Sokak kedilerine mama bırak!,0,pet_imperative,punctuation
Sokak kedilerine mama bırak..,0,pet_imperative,future_tense+punctuation
ben bu hafta sokak kedilerine mama bırak artık,0,pet_imperative,filler+time_modifier+subject_prefix
artık sokak kedilerine mama bırak,0,pet_imperative,synonym_swap+filler
ben sokak kedilerine mama bırak sanırım,0,pet_imperative,subject_prefix+filler
evet sokak kedilerine mama bırak valla,0,pet_imperative,subject_prefix+filler+future_tense
Köpeği parkta gezdir,0,pet_imperative,original
Köpeği parkta gezdir.,0,pet_imperative,punctuation
Kopeği parkta gezdir,0,pet_imperative,typo
Köpeği parkta gezdir az sonra,0,pet_imperative,time_modifier
aslında köpeği parkta gezdir yakında!,0,pet_imperative,time_modifier+filler+punctuation
evet köpeği parkta gezdir,0,pet_imperative,subject_prefix
sanırım sanırım köpeği parkta gezdir,0,pet_imperative,filler+typo+subject_prefix
sanırım köpeği parkta gezdir valla,0,pet_imperative,subject_prefix+typo+filler
az sonra köpeği parkta gezdir,0,pet_imperative,future_tense+time_modifier
evet köpeği parkta gezdir bu hafta,0,pet_imperative,subject_prefix+synonym_swap+time_modifier
yani köpeği parkta gezdir,0,pet_imperative,typo+filler+synonym_swap
ya köpeği parkta gezdir,0,pet_imperative,subject_prefix
Bileğini kes,1,self_harm_imperative,original
Bileğini kes...,1,self_harm_imperative,synonym_swap+punctuation
yani bileğini kes,1,self_harm_imperative,filler+case_variant
sanırım bileğini kes,1,self_harm_imperative,subject_prefix
artık bileğini kes.!,1,self_harm_imperative,punctuation+future_tense+filler
evet bileğini kes bu gece,1,self_harm_imperative,time_modifier+subject_prefix+synonym_swap
bugün ben bileğini kes,1,self_harm_imperative,subject_prefix+future_tense
bence bileğini kes,1,self_harm_imperative,subject_prefix+case_variant
ben de bileğini kes,1,self_harm_imperative,subject_prefix+synonym_swap+punctuation
aslında bileğini kes,1,self_harm_imperative,filler+synonym_swap+typo
galiba bileğini kes bugün içinde,1,self_harm_imperative,typo+time_modifier+filler
Bileğini kes..,1,self_harm_imperative,punctuation
Bileklerini kes,1,self_harm_imperative,original
kesin kesin olarak bileklerini kes,1,self_harm_imperative,future_tense+subject_prefix+filler
sanırım ben bileklerini kes,1,self_harm_imperative,subject_prefix+filler
bugün ben bileklerini kes,1,self_harm_imperative,typo+subject_prefix
karar verdim bileklerini kes...,1,self_harm_imperative,subject_prefix+case_variant+punctuation
saatler içinde bileklerini kes,1,self_harm_imperative,time_modifier+case_variant
Bileklerini kes galiba,1,self_harm_imperative,case_variant+filler+typo
Bileklerini kes yarın,1,self_harm_imperative,future_tense+time_modifier+typo
Bileklerini kes bu hafta,1,self_harm_imperative,time_modifier+future_tense
kesin olarak bileklerini kes,1,self_harm_imperative,punctuation+subject_prefix
sanırım bileklerini kes.,1,self_harm_imperative,punctuation+filler
artık bileklerini kes.!,1,self_harm_imperative,punctuation+filler
Bileğini jiletle kes,1,self_harm_imperative,original
aslında bileğini jiletle kes!,1,self_harm_imperative,punctuation+future_tense+filler
bugün bileğini jiletle kes,1,self_harm_imperative,typo+future_tense+time_modifier
Bileğini jiletle kes aslında,1,self_harm_imperative,case_variant+filler
kesin olarak bileğini jiletle kes,1,self_harm_imperative,synonym_swap+subject_prefix
ben galiba bileğini jiletle kes akşama,1,self_harm_imperative,filler+subject_prefix+time_modifier
aslında bileğini jiletle kes,1,self_harm_imperative,filler
Bileğini jiletle kes bu gece,1,self_harm_imperative,future_tense+time_modifier+synonym_swap
ben bileğini jiletle kes,1,self_harm_imperative,subject_prefix
sanırım bileğini jiletle kes bu hafta,1,self_harm_imperative,subject_prefix+typo+time_modifier
ben de bileğini jiletle kes yani,1,self_harm_imperative,filler+subject_prefix+synonym_swap
artık bileğini jiletle kes,1,self_harm_imperative,future_tense+subject_prefix
Kolunu kes,1,self_harm_imperative,original
Kolunu kes.!,1,self_harm_imperative,case_variant+punctuation+typo
kararımı verdim kolunu kes,1,self_harm_imperative,subject_prefix
az sonra kolunu kes yani,1,self_harm_imperative,filler+time_modifier
bu hafta kolunu kes.,1,self_harm_imperative,future_tense+time_modifier+punctuation
evet kolunu kes!,1,self_harm_imperative,subject_prefix+future_tense+punctuation
karar verdim kolunu kes,1,self_harm_imperative,case_variant+subject_prefix
aslında kolunu kes,1,self_harm_imperative,case_variant+filler+synonym_swap
artık kolunu kes,1,self_harm_imperative,case_variant+subject_prefix+typo
kesin kolunu kes,1,self_harm_imperative,synonym_swap+filler
Kolunu kes...,1,self_harm_imperative,punctuation
yarın sabah kolunu kes kesin,1,self_harm_imperative,future_tense+filler+time_modifier
Kollarını kes,1,self_harm_imperative,original
saatler içinde kollarını kes..,1,self_harm_imperative,punctuation+time_modifier+typo
Kollarını kes bu hafta,1,self_harm_imperative,time_modifier
Kollarını kes!,1,self_harm_imperative,typo+punctuation
galiba kollarını kes,1,self_harm_imperative,future_tense+filler
kararımı verdim kollarını kes.! aslında,1,self_harm_imperative,subject_prefix+punctuation+filler
Kollarını kes.,1,self_harm_imperative,punctuation+case_variant
ben kollarını kes.! valla,1,self_harm_imperative,punctuation+subject_prefix+filler
Kollarını kes.!,1,self_harm_imperative,punctuation+future_tense
Kollarini kes,1,self_harm_imperative,typo
Kollarını kes kesin,1,self_harm_imperative,future_tense+case_variant+filler
yakında kollarını kes,1,self_harm_imperative,typo+future_tense+time_modifier
Kendini kes,1,self_harm_imperative,original
kesin olarak kendini kes,1,self_harm_imperative,subject_prefix
Kendini kes yakında,1,self_harm_imperative,time_modifier+case_variant+future_tense
akşam olunca kendini kes,1,self_harm_imperative,time_modifier
kararımı verdim kendini kes yarın,1,self_harm_imperative,synonym_swap+time_modifier+subject_prefix
sanırım Kendini kes,1,self_harm_imperative,subject_prefix+case_variant+punctuation
Kendini kes yarın valla,1,self_harm_imperative,synonym_swap+time_modifier+filler
az sonra kendini kes,1,self_harm_imperative,case_variant+time_modifier
ben kendini kes,1,self_harm_imperative,subject_prefix
Kendini kes.!,1,self_harm_imperative,punctuation
Kendini kes..,1,self_harm_imperative,synonym_swap+punctuation
Kendini kes...,1,self_harm_imperative,typo+punctuation
Kendini kesip kanat,1,self_harm_imperative,original
Kendini kesip kanat yarın,1,self_harm_imperative,synonym_swap+time_modifier
ya kendini kesip kanat yani,1,self_harm_imperative,subject_prefix+filler
simdi kendini kesip kanat,1,self_harm_imperative,time_modifier+typo
sanırım kendini kesip kanat akşama.!,1,self_harm_imperative,time_modifier+punctuation+subject_prefix
kesin olarak kendini kesip kanat..,1,self_harm_imperative,subject_prefix+punctuation+synonym_swap
az sonra aslında kendini kesip kanat,1,self_harm_imperative,filler+synonym_swap+time_modifier
Kendini kesip kanat valla,1,self_harm_imperative,future_tense+filler
bu gece kendini kesip kanat,1,self_harm_imperative,time_modifier+case_variant
bence kendini kesip kanat,1,self_harm_imperative,subject_prefix
valla kendini kesip kanat yakında,1,self_harm_imperative,typo+filler+time_modifier
Kendini kesip kanat sanırım,1,self_harm_imperative,filler+synonym_swap
Bedenini yarala,1,self_harm_imperative,original
artık bedenini yarala,1,self_harm_imperative,subject_prefix
sanırım bedenini yarala,1,self_harm_imperative,filler+typo
Bedenini yarala valla,1,self_harm_imperative,filler
evet bedenini yarala,1,self_harm_imperative,subject_prefix
kesin olarak bedenini yarala sanırım,1,self_harm_imperative,subject_prefix+synonym_swap+filler
ya bedenini yarala,1,self_harm_imperative,typo+synonym_swap+subject_prefix
ben bedenini yarala,1,self_harm_imperative,case_variant+subject_prefix
artık bedenini yarala sanırım,1,self_harm_imperative,filler+subject_prefix+case_variant
gece olunca bedenini yarala.!,1,self_harm_imperative,case_variant+punctuation+time_modifier
Bedenini yarala sanırım,1,self_harm_imperative,filler+future_tense
aslında bedenini yarala...,1,self_harm_imperative,filler+synonym_swap+punctuation
Vücudunu kes,1,self_harm_imperative,original
Vücudunu kes! yani bugün içinde,1,self_harm_imperative,punctuation+filler+time_modifier
kesin olarak vücudunu kes..,1,self_harm_imperative,synonym_swap+subject_prefix+punctuation
kesin vücudunu kes,1,self_harm_imperative,filler
sanırım vücudunu kes,1,self_harm_imperative,case_variant+subject_prefix
karar verdim vücudunu kes,1,self_harm_imperative,subject_prefix
ben de vücudunu kes,1,self_harm_imperative,future_tense+subject_prefix
kesin vücudunu kes!,1,self_harm_imperative,typo+punctuation+filler
yarın vücudunu kes valla,1,self_harm_imperative,filler+synonym_swap+time_modifier
Vücudunu kes yani,1,self_harm_imperative,filler+typo
sanırım vücudunu kes yarın,1,self_harm_imperative,filler+time_modifier+synonym_swap
ya vücudunu kes,1,self_harm_imperative,subject_prefix+future_tense
Kendine zarar ver,1,self_harm_imperative,original
Kendine zarar ver yani sabaha,1,self_harm_imperative,filler+time_modifier+future_tense
bugün kendine zarar ver,1,self_harm_imperative,time_modifier
saatler içinde kendine zarar ver kesin,1,self_harm_imperative,time_modifier+synonym_swap+filler
kesin kendine zarar ver,1,self_harm_imperative,typo+synonym_swap+filler
sanırım kendine zarar ver,1,self_harm_imperative,subject_prefix
saatler içinde sanırım kendine zarar ver,1,self_harm_imperative,subject_prefix+time_modifier
Kendine zarar ver yarın,1,self_harm_imperative,time_modifier+synonym_swap
sanırım kendine Zarar ver...,1,self_harm_imperative,case_variant+filler+punctuation
Kendine zarar ver. artık bu gece,1,self_harm_imperative,punctuation+filler+time_modifier
Kendine zarar ver sabaha sanırım,1,self_harm_imperative,time_modifier+filler
yani ya kendine zarar ver,1,self_harm_imperative,subject_prefix+filler
Kendine acı ver,1,self_harm_imperative,original
Kendine acı ver.,1,self_harm_imperative,punctuation+case_variant
Kendine acı ver bugün içinde,1,self_harm_imperative,time_modifier
aslında kendine acı ver,1,self_harm_imperative,filler
Kendine acı ver galiba,1,self_harm_imperative,future_tense+synonym_swap+filler
Kendine acı ver bu hafta,1,self_harm_imperative,time_modifier
bugün kendine acı ver!,1,self_harm_imperative,punctuation+time_modifier
aslında bence kendine acı ver,1,self_harm_imperative,subject_prefix+filler
bugün ben kendine acı ver,1,self_harm_imperative,subject_prefix
az sonra kendine acı ver,1,self_harm_imperative,time_modifier
karar verdim kendine acı ver,1,self_harm_imperative,typo+synonym_swap+subject_prefix
yani kendine acı ver,1,self_harm_imperative,filler+future_tense
Bileklerini doğra,1,self_harm_imperative,original
kesin olarak bileklerini doğra kesin,1,self_harm_imperative,filler+future_tense+subject_prefix
yani artık bileklerini doğra,1,self_harm_imperative,subject_prefix+filler+case_variant
sanırım bileklerini doğra,1,self_harm_imperative,synonym_swap+subject_prefix
aslında bileklerini doğra,1,self_harm_imperative,typo+filler
galiba bileklerini doğra,1,self_harm_imperative,filler+case_variant
Bileklerini doğra!,1,self_harm_imperative,case_variant+punctuation
şimdi bileklerini doğra.,1,self_harm_imperative,time_modifier+future_tense+punctuation
kesin bileklerini dogra,1,self_harm_imperative,filler+typo
karar verdim bileklerini doğra,1,self_harm_imperative,subject_prefix+typo
bugün ben bileklerini doğra,1,self_harm_imperative,subject_prefix+typo+future_tense
Bileklerini doğra.!,1,self_harm_imperative,synonym_swap+punctuation
Bedenini sigara ile yak,1,self_harm_imperative,original
Kesin bedenini sigara ile yak akşama,1,self_harm_imperative,filler+case_variant+time_modifier
bu gece bedenini sigara ile yak,1,self_harm_imperative,time_modifier
karar verdim bedenini sigara ile yak,1,self_harm_imperative,subject_prefix
ben de bedenini sigara ile yak..,1,self_harm_imperative,punctuation+case_variant+subject_prefix
Bedenini sigara ile yak valla,1,self_harm_imperative,future_tense+filler
Bedenini sigara ile yak az sonra,1,self_harm_imperative,time_modifier
ya bedenini sigara ile yak,1,self_harm_imperative,future_tense+subject_prefix
bu akşam bedenini sigara ile yak,1,self_harm_imperative,synonym_swap+time_modifier
Bedenini sigara ile yak..,1,self_harm_imperative,punctuation
aslında bedenini sigara ile yak.!,1,self_harm_imperative,punctuation+case_variant+filler
kesin bedenini sigara ile yak!,1,self_harm_imperative,filler+case_variant+punctuation
Elini yak,1,self_harm_imperative,original
Elini yak sanırım,1,self_harm_imperative,future_tense+case_variant+filler
karar verdim elini yak kesin,1,self_harm_imperative,subject_prefix+future_tense+filler
yani elini yak,1,self_harm_imperative,synonym_swap+typo+filler
sanırım elini yak,1,self_harm_imperative,future_tense+filler
ya elini yak!,1,self_harm_imperative,synonym_swap+punctuation+subject_prefix
ben elini yak,1,self_harm_imperative,subject_prefix
artık elini yak,1,self_harm_imperative,synonym_swap+subject_prefix
kararımı verdim elini yak bugün içinde,1,self_harm_imperative,future_tense+subject_prefix+time_modifier
aslında kesin olarak elini yak,1,self_harm_imperative,subject_prefix+filler
Elini yak galiba,1,self_harm_imperative,filler+future_tense
bugün ben elini yak..,1,self_harm_imperative,punctuation+subject_prefix
Sigarayla kendini yak,1,self_harm_imperative,original
Sigarayla kendini yak..,1,self_harm_imperative,typo+case_variant+punctuation
Sigarayla kendini yak yani!,1,self_harm_imperative,filler+typo+punctuation
Sigarayla kendini yak.,1,self_harm_imperative,punctuation
saatler içinde sigarayla kendini yak!,1,self_harm_imperative,time_modifier+punctuation+future_tense
kesin sigarayla kendini yak,1,self_harm_imperative,filler+synonym_swap
Sigarayla kendini yak! bugün içinde,1,self_harm_imperative,punctuation+time_modifier+future_tense
Sigarayla kendini yak!,1,self_harm_imperative,typo+case_variant+punctuation
ben sigarayla kendini yak,1,self_harm_imperative,subject_prefix+case_variant
Kesin olarak sigarayla kendini yak galiba,1,self_harm_imperative,subject_prefix+filler+case_variant
yarın sabah sigarayla kendini yak,1,self_harm_imperative,future_tense+time_modifier+synonym_swap
aslında sigarayla kendini yak,1,self_harm_imperative,case_variant+filler
Vücudunda yanık oluştur,1,self_harm_imperative,original
Vücudunda yanık oluştur yani,1,self_harm_imperative,punctuation+filler+typo
bu hafta vücudunda yanık oluştur,1,self_harm_imperative,time_modifier+case_variant+future_tense
yani vücudunda yanık oluştur,1,self_harm_imperative,filler
şimdi vücudunda yanık oluştur.!,1,self_harm_imperative,time_modifier+punctuation+typo
Vücudunda yanık oluştur.! akşama,1,self_harm_imperative,punctuation+time_modifier
kesin vücudunda yanik oluştur,1,self_harm_imperative,filler+future_tense+typo
Vücudunda yanık olustur,1,self_harm_imperative,typo+future_tense
bu akşam vücudunda yanık oluştur.!,1,self_harm_imperative,punctuation+typo+time_modifier
Vücudunda yanık oluştur!,1,self_harm_imperative,typo+punctuation
Vücudunda yanık oluştur kesin,1,self_harm_imperative,future_tense+filler+synonym_swap
ben de vücudunda yanık oluştur.!,1,self_harm_imperative,punctuation+subject_prefix
Kafanı duvara vur,1,self_harm_imperative,original
kesin kafanı duvara vur sabaha,1,self_harm_imperative,filler+time_modifier+typo
ben de az sonra kafanı duvara vur,1,self_harm_imperative,time_modifier+subject_prefix
evet kafanı duvara vur,1,self_harm_imperative,subject_prefix
Kafanı duvara vur valla,1,self_harm_imperative,filler
evet kafanı duvara vur bu gece,1,self_harm_imperative,future_tense+subject_prefix+time_modifier
Kafanı duvara vur!,1,self_harm_imperative,punctuation+future_tense
şimdi kafanı duvara vur artık,1,self_harm_imperative,case_variant+time_modifier+filler
yani kafanı duvara vur,1,self_harm_imperative,filler+synonym_swap
galiba kafanı duvara vur,1,self_harm_imperative,filler
Kafanı duvara vur bugün içinde,1,self_harm_imperative,time_modifier+future_tense
evet gece olunca kafanı duvara vur.!,1,self_harm_imperative,time_modifier+subject_prefix+punctuation
Duvara kafa at,1,self_harm_imperative,original
sanırım akşam olunca duvara kafa at,1,self_harm_imperative,time_modifier+subject_prefix+typo
saatler Içinde duvara kafa at...,1,self_harm_imperative,punctuation+time_modifier+case_variant
yarın duvara kafa at,1,self_harm_imperative,time_modifier
karar verdim duvara kafa at akşama,1,self_harm_imperative,case_variant+time_modifier+subject_prefix
Duvara kafa at yarın,1,self_harm_imperative,future_tense+punctuation+time_modifier
saatler içinde duvara kafa at aslında,1,self_harm_imperative,filler+time_modifier+synonym_swap
valla bugün duvara kafa at,1,self_harm_imperative,time_modifier+filler+future_tense
bu akşam duvara kafa at,1,self_harm_imperative,time_modifier
kararımı verdim duvara kafa at,1,self_harm_imperative,typo+subject_prefix
aslında duvara Kafa at,1,self_harm_imperative,filler+case_variant
saatler içinde ya duvara kafa at...,1,self_harm_imperative,subject_prefix+punctuation+time_modifier
Kendini yumrukla,1,self_harm_imperative,original
Kendini yumrukla kesin,1,self_harm_imperative,filler+synonym_swap+case_variant
kesin olarak kendini yumrukla valla,1,self_harm_imperative,subject_prefix+filler+synonym_swap
bu gece kendini yumrukla,1,self_harm_imperative,time_modifier+future_tense
Kendini yumrukla galiba,1,self_harm_imperative,typo+filler
Kendini yumrukla artık,1,self_harm_imperative,filler
yani kendini yumrukla,1,self_harm_imperative,filler
kesin olarak kendini yumrukla,1,self_harm_imperative,case_variant+synonym_swap+subject_prefix
yarın ben kendini yumrukla,1,self_harm_imperative,subject_prefix+time_modifier
Kendini yumrukla..,1,self_harm_imperative,future_tense+punctuation
bence kendini yumrukla,1,self_harm_imperative,subject_prefix
Kendini yumrukla akşama.,1,self_harm_imperative,synonym_swap+time_modifier+punctuation
Tırnaklarınla kollarını çiz,1,self_harm_imperative,original
bugün ben bu akşam tırnaklarınla kollarını çiz,1,self_harm_imperative,time_modifier+typo+subject_prefix
Tırnaklarınla kollarını çiz.!,1,self_harm_imperative,typo+punctuation
Tırnaklarınla Kollarını çiz!,1,self_harm_imperative,case_variant+punctuation
Tırnaklarınla kollarını çiz bugün içinde,1,self_harm_imperative,time_modifier
yarın sabah tırnaklarınla kollarını çiz,1,self_harm_imperative,time_modifier
yakında artık tırnaklarınla kollarını çiz,1,self_harm_imperative,filler+time_modifier+typo
bugün tırnaklarınla kollarını çiz,1,self_harm_imperative,typo+future_tense+time_modifier
Tırnaklarınla kollarını çiz...,1,self_harm_imperative,case_variant+punctuation+synonym_swap
kesin olarak sanırım tırnaklarınla kollarını çiz,1,self_harm_imperative,filler+subject_prefix+future_tense
aslında tırnaklarınla kollarını çiz...,1,self_harm_imperative,filler+punctuation+future_tense
kararımı verdim tırnaklarınla kollarını çiz,1,self_harm_imperative,case_variant+punctuation+subject_prefix
Kendini tırmıkla,1,self_harm_imperative,original
ben de kendini tirmıkla artik,1,self_harm_imperative,filler+typo+subject_prefix
kesin kendini tırmıkla,1,self_harm_imperative,filler+future_tense
Kendini tırmıkla yakında,1,self_harm_imperative,time_modifier+synonym_swap+future_tense
gece olunca kendini tırmıkla aslında...,1,self_harm_imperative,filler+punctuation+time_modifier
Kendini tırmıkla sanırım,1,self_harm_imperative,filler+case_variant
Kendini tırmıkla.,1,self_harm_imperative,synonym_swap+punctuation
Kendini tırmıkla yarın..,1,self_harm_imperative,time_modifier+punctuation+case_variant
Kendini tirmikla..,1,self_harm_imperative,punctuation+typo
kendini tırmıkla valla,1,self_harm_imperative,filler+case_variant
galiba kendini tırmıkla.!,1,self_harm_imperative,filler+case_variant+punctuation
bu akşam kendini tırmıkla,1,self_harm_imperative,time_modifier
Saçlarını çek kopar,1,self_harm_imperative,original
yani yakında saçlarını çek kopar,1,self_harm_imperative,time_modifier+filler
evet saçlarını çek Kopar...,1,self_harm_imperative,subject_prefix+case_variant+punctuation
bence saçlarını çek kopar sanırım,1,self_harm_imperative,subject_prefix+filler+future_tense
ya saçlarını çek kopar sanırım,1,self_harm_imperative,subject_prefix+filler+future_tense
kesin olarak saçlarını çek kopar.,1,self_harm_imperative,punctuation+synonym_swap+subject_prefix
yarın saçlarını çek kopar,1,self_harm_imperative,case_variant+time_modifier
bu gece ben saçlarını çek kopar,1,self_harm_imperative,subject_prefix+typo+time_modifier
galiba saçlarını çek kopar,1,self_harm_imperative,case_variant+filler
Saçlarını çek kopar!,1,self_harm_imperative,future_tense+typo+punctuation
sanırım saçlarını çek kopar,1,self_harm_imperative,synonym_swap+filler
Saçlarını çek kopar bugün içinde,1,self_harm_imperative,synonym_swap+time_modifier+future_tense
Bacaklarını kes,1,self_harm_imperative,original
Bacaklarını kes..,1,self_harm_imperative,future_tense+synonym_swap+punctuation
Bacaklarını kes bugün içinde!,1,self_harm_imperative,time_modifier+punctuation
kararımı verdim bacaklarını kes.,1,self_harm_imperative,case_variant+subject_prefix+punctuation
yani bacaklarını kes,1,self_harm_imperative,case_variant+filler
Bacaklarını kes yani,1,self_harm_imperative,typo+synonym_swap+filler
yakında kararımı verdim bacaklarını kes,1,self_harm_imperative,subject_prefix+time_modifier
Bacaklarını kes!,1,self_harm_imperative,punctuation
Bacaklarını kes sabaha,1,self_harm_imperative,punctuation+time_modifier
bu gece ben bacaklarını kes,1,self_harm_imperative,subject_prefix+time_modifier
Bacaklarini kes,1,self_harm_imperative,future_tense+synonym_swap+typo
Bacaklarını kes... artık,1,self_harm_imperative,synonym_swap+punctuation+filler
Karnına jilet vur,1,self_harm_imperative,original
Karnına jilet vur valla,1,self_harm_imperative,typo+future_tense+filler
karnına jilet vur artık!,1,self_harm_imperative,filler+punctuation+case_variant
şimdi karnına jilet vur,1,self_harm_imperative,time_modifier
Karnına jilet vur.,1,self_harm_imperative,punctuation
Yarın artık karnına jilet vur,1,self_harm_imperative,subject_prefix+time_modifier+case_variant
Karnına jilet vur sanırım,1,self_harm_imperative,filler
evet karnına jilet vur kesin,1,self_harm_imperative,subject_prefix+filler+typo
bu akşam karnına jilet vur...,1,self_harm_imperative,time_modifier+punctuation
kararımı verdim karnına jilet vur.. kesin,1,self_harm_imperative,punctuation+subject_prefix+filler
sanırım karnına jilet vur yarın,1,self_harm_imperative,filler+future_tense+time_modifier
Karnına Jilet vur.!,1,self_harm_imperative,typo+case_variant+punctuation
Görünmeyecek yerden kes kendini,1,self_harm_imperative,original
gece olunca görünmeyecek yerden kes kendini,1,self_harm_imperative,time_modifier+future_tense
bugün ben görünmeyecek yerden kes kendini..,1,self_harm_imperative,punctuation+subject_prefix
ben görünmeyecek yerden kes kendini,1,self_harm_imperative,future_tense+typo+subject_prefix
Görünmeyecek yerden kes kendini...,1,self_harm_imperative,punctuation
sanırım görünmeyecek yerden kes kendini,1,self_harm_imperative,subject_prefix+typo
Görunmeyecek yerden kes kendini...,1,self_harm_imperative,punctuation+typo
kesin olarak görünmeyecek yerden kes kendini,1,self_harm_imperative,subject_prefix
aslında görünmeyecek yerden kes kendini,1,self_harm_imperative,filler+case_variant
Görünmeyecek yerden kes kendini yani,1,self_harm_imperative,filler
Görünmeyecek yerden kes kendini!,1,self_harm_imperative,punctuation
kararımı verdim görünmeyecek yerden kes kendini!,1,self_harm_imperative,subject_prefix+punctuation+synonym_swap
Acı çekene kadar kes,1,self_harm_imperative,original
kararımı verdim acı çekene kadar kes,1,self_harm_imperative,subject_prefix
evet acı çekene kadar kes yani bugün içinde,1,self_harm_imperative,subject_prefix+filler+time_modifier
yakında valla acı çekene kadar kes,1,self_harm_imperative,filler+time_modifier
galiba acı çekene kadar kes,1,self_harm_imperative,synonym_swap+filler+typo
sanırım acı çekene kadar kes.!,1,self_harm_imperative,synonym_swap+filler+punctuation
ben de acı çekene kadar kes,1,self_harm_imperative,subject_prefix+typo+synonym_swap
Acı çekene kadar kes..,1,self_harm_imperative,punctuation+synonym_swap
ya acı çekene kadar kes,1,self_harm_imperative,subject_prefix
Acı çekene kadar kes!,1,self_harm_imperative,typo+punctuation+future_tense
artık bu akşam acı çekene kadar kes,1,self_harm_imperative,time_modifier+subject_prefix
evet acı çekene kadar kes!,1,self_harm_imperative,subject_prefix+punctuation+synonym_swap
Kanın akana kadar kes,1,self_harm_imperative,original
ya kanın akana kadar kes.,1,self_harm_imperative,punctuation+subject_prefix
Artık kanın akana kadar kes,1,self_harm_imperative,subject_prefix+case_variant
Kanın akana kadar kes bu gece,1,self_harm_imperative,synonym_swap+time_modifier
aslında kanın akana kadar kes bugün içinde,1,self_harm_imperative,filler+time_modifier+case_variant
Kanın akana kadar kes!,1,self_harm_imperative,typo+future_tense+punctuation
kararımı verdim kanın akana kadar kes,1,self_harm_imperative,subject_prefix+synonym_swap
Kanın akana kadar kes..,1,self_harm_imperative,punctuation+case_variant
valla kanın akana kadar kes yakında,1,self_harm_imperative,filler+time_modifier
bence kanın akana kadar kes,1,self_harm_imperative,subject_prefix
gece olunca kanın akana kadar kes,1,self_harm_imperative,time_modifier
karar verdim kanın akana kadar kes,1,self_harm_imperative,subject_prefix
Derin bir kesik at,1,self_harm_imperative,original
bugün ben derin bir kesik at,1,self_harm_imperative,case_variant+subject_prefix
bugün ben derin bir kesik at...,1,self_harm_imperative,typo+subject_prefix+punctuation
Derin bir kesik at. bu hafta,1,self_harm_imperative,punctuation+future_tense+time_modifier
bence derin bir kesik at...,1,self_harm_imperative,future_tense+punctuation+subject_prefix
kesin derin bir kesik at,1,self_harm_imperative,filler+future_tense
bu hafta karar verdim derin bir kesik at,1,self_harm_imperative,subject_prefix+time_modifier
Derin bir kesik at...,1,self_harm_imperative,punctuation+typo+future_tense
karar verdim derin bir kesik at!,1,self_harm_imperative,typo+punctuation+subject_prefix
valla derin bir kesik at,1,self_harm_imperative,filler+synonym_swap
artık derin bir kesik at,1,self_harm_imperative,subject_prefix
sanırım derin bir kesik at,1,self_harm_imperative,case_variant+subject_prefix
Kendine jilet vur,1,self_harm_imperative,original
valla kendine jilet vur,1,self_harm_imperative,filler
Kendine jilet vur..,1,self_harm_imperative,synonym_swap+punctuation
artık kendine jilet vur,1,self_harm_imperative,subject_prefix+synonym_swap
Kendine jilet vur galiba,1,self_harm_imperative,filler
yarın kendine jilet vur,1,self_harm_imperative,case_variant+time_modifier
kendine jilet vur yakında.,1,self_harm_imperative,case_variant+time_modifier+punctuation
Kendine jilet vur bu gece.,1,self_harm_imperative,time_modifier+punctuation+typo
Kendine jilet vur yani,1,self_harm_imperative,filler
karar verdim kendine jilet vur,1,self_harm_imperative,subject_prefix
Kendine jilet vur!,1,self_harm_imperative,synonym_swap+punctuation
ya kendine jilet vur,1,self_harm_imperative,subject_prefix
Cam parçasıyla kendini kes,1,self_harm_imperative,original
Cam parçasıyla kendini kes.! yarın,1,self_harm_imperative,punctuation+time_modifier
Cam parçasıyla kendini kes.!,1,self_harm_imperative,punctuation
Galiba cam parçasıyla kendini kes,1,self_harm_imperative,filler+future_tense+case_variant
Cam parçasıyla kendini kes..,1,self_harm_imperative,punctuation
az sonra cam parçasıyla kendini kes.,1,self_harm_imperative,time_modifier+punctuation
bence cam parçasıyla kendini kes,1,self_harm_imperative,subject_prefix
Cam parçasıyla kendini kes akşama,1,self_harm_imperative,time_modifier+synonym_swap
evet cam parçasıyla kendini kes,1,self_harm_imperative,subject_prefix+future_tense+synonym_swap
Cam parçasıyla kendini kes yarın,1,self_harm_imperative,time_modifier+typo+case_variant
sanırım cam parçasıyla kendini kes,1,self_harm_imperative,case_variant+filler
Cam parçasıyla kendini kes...,1,self_harm_imperative,synonym_swap+punctuation
İğneyle kendini del,1,self_harm_imperative,original
akşam olunca iğneyle kendini del yani,1,self_harm_imperative,time_modifier+filler
sanırım i̇ğneyle kendini del,1,self_harm_imperative,future_tense+subject_prefix
artık iğneyle kendini del,1,self_harm_imperative,synonym_swap+filler+typo
İğneyle kendini del kesin,1,self_harm_imperative,filler+future_tense
İgneyle kendini del,1,self_harm_imperative,synonym_swap+typo
ben de i̇ğneyle kendini del,1,self_harm_imperative,subject_prefix+case_variant
Gece olunca iğneyle kendini del,1,self_harm_imperative,time_modifier+case_variant
İğneyle kendini del yakında,1,self_harm_imperative,time_modifier
sanırım i̇ğneyle kendini del valla...,1,self_harm_imperative,filler+subject_prefix+punctuation
galiba bence i̇ğneyle kendini del.,1,self_harm_imperative,subject_prefix+punctuation+filler
aslında iğneyle kendini del,1,self_harm_imperative,filler
Vücudunu morartana kadar vur,1,self_harm_imperative,original
ya vücudunu morartana kadar vur sanırım,1,self_harm_imperative,filler+subject_prefix
kesin kesin olarak vücudunu morartana kadar vur,1,self_harm_imperative,subject_prefix+filler
Vücudunu morartana kadar vur sabaha,1,self_harm_imperative,typo+time_modifier
bugün ben artık vücudunu morartana kadar vur.,1,self_harm_imperative,punctuation+filler+subject_prefix
karar verdim vücudunu morartana kadar vur,1,self_harm_imperative,subject_prefix
vücudunu morartana kadar vur!,1,self_harm_imperative,punctuation+case_variant
Vücudunu morartana kadar vur artık,1,self_harm_imperative,filler+typo+synonym_swap
Vücudunu morartana kadar vur. valla,1,self_harm_imperative,typo+punctuation+filler
bugün vücudunu morartana kadar vur,1,self_harm_imperative,case_variant+time_modifier+synonym_swap
yani vücudunu morartana kadar vur,1,self_harm_imperative,filler
şimdi vücudunu morartana kadar vur,1,self_harm_imperative,time_modifier+typo
Mosmor olana kadar kendini döv,1,self_harm_imperative,original
karar verdim mosmor olana kadar kendini döv.,1,self_harm_imperative,punctuation+subject_prefix
Mosmor olana kadar kendini Döv. artık,1,self_harm_imperative,punctuation+case_variant+filler
kesin mosmor olana kadar kendini döv,1,self_harm_imperative,filler
Mosmor olana kadar kendini döv.! yani,1,self_harm_imperative,punctuation+filler
Mosmor olana kadar kendini döv!,1,self_harm_imperative,synonym_swap+punctuation
bence bu akşam mosmor olana kadar kendini döv,1,self_harm_imperative,time_modifier+subject_prefix
Mosmor olana kadar kendini döv artık,1,self_harm_imperative,filler+typo
Mosmor olana kadar kendini döv...,1,self_harm_imperative,punctuation
ben mosmor olana kadar kendini döv,1,self_harm_imperative,future_tense+subject_prefix
kesin olarak mosmor olana kadar kendini döv.!,1,self_harm_imperative,subject_prefix+punctuation
artık mosmor olana kadar kendini döv,1,self_harm_imperative,filler+typo
Saçlarını kökünden çek,1,self_harm_imperative,original
saçlarını kökünden çek sanırım,1,self_harm_imperative,filler+case_variant
Saçlarını kökünden çek aslında,1,self_harm_imperative,future_tense+case_variant+filler
artık saçlarını kökünden cek,1,self_harm_imperative,subject_prefix+typo
bugün ben saçlarını kökünden çek yani,1,self_harm_imperative,future_tense+subject_prefix+filler
kararımı verdim saçlarını kökünden çek bugün içinde,1,self_harm_imperative,subject_prefix+case_variant+time_modifier
bu hafta saçlarını kökünden çek yani,1,self_harm_imperative,future_tense+filler+time_modifier
yakında valla saçlarını kökünden çek,1,self_harm_imperative,filler+time_modifier
ya saçlarını kökünden çek bu gece,1,self_harm_imperative,subject_prefix+time_modifier
sanırım saçlarını kökünden çek valla,1,self_harm_imperative,filler+subject_prefix
Saçlarini kökünden çek,1,self_harm_imperative,typo+case_variant
Saçlarını Kökünden çek sabaha,1,self_harm_imperative,time_modifier+case_variant
Makasla kolunu kes,1,self_harm_imperative,original
sanırım makasla kolunu kes,1,self_harm_imperative,subject_prefix
bu gece makasla kolunu kes,1,self_harm_imperative,time_modifier
Makasla kolunu kes.!,1,self_harm_imperative,punctuation
bugün ben makasla kolunu kes,1,self_harm_imperative,synonym_swap+typo+subject_prefix
artık makasla kolunu kes..,1,self_harm_imperative,filler+punctuation
makasla kolunu kes akşama,1,self_harm_imperative,time_modifier+case_variant
kesin olarak makasla kolunu kes,1,self_harm_imperative,subject_prefix+future_tense+synonym_swap
evet makasla kolunu kes yakında,1,self_harm_imperative,subject_prefix+time_modifier+future_tense
Makasla kolunu kes bu gece!,1,self_harm_imperative,time_modifier+punctuation+future_tense
artık makasla kolunu kes,1,self_harm_imperative,subject_prefix
Makasla kolunu kes yani,1,self_harm_imperative,synonym_swap+filler+case_variant
Falçata ile bileğini yarala,1,self_harm_imperative,original
Falçata ile bileğini yarala..,1,self_harm_imperative,punctuation+synonym_swap+case_variant
bence falçata ile bilegini yarala,1,self_harm_imperative,typo+subject_prefix
kesin falçata ile bileğini yarala...,1,self_harm_imperative,filler+punctuation
Falçata ile bilegini yarala,1,self_harm_imperative,typo
yakında yani falçata ile bileğini yarala,1,self_harm_imperative,case_variant+filler+time_modifier
karar verdim bu gece falçata ile bileğini yarala,1,self_harm_imperative,time_modifier+subject_prefix+typo
Falçata ile bileğini Yarala.,1,self_harm_imperative,synonym_swap+case_variant+punctuation
Falçata ile bileğini yarala yarın,1,self_harm_imperative,typo+case_variant+time_modifier
akşam olunca falçata ile bileğini yarala,1,self_harm_imperative,synonym_swap+time_modifier
Falçata ile bileğini yarala sanırım,1,self_harm_imperative,filler
yakında evet falçata ile bileğini yarala,1,self_harm_imperative,subject_prefix+time_modifier
Sıcak ütüye elini değdir,1,self_harm_imperative,original
yani sıcak ütüye elini değdir yarın,1,self_harm_imperative,punctuation+filler+time_modifier
sanırım sıcak ütüye elini değdir.. kesin,1,self_harm_imperative,punctuation+filler+subject_prefix
ya sıcak ütüye elini değdir,1,self_harm_imperative,subject_prefix+future_tense
bugün ben sıcak ütüye elini değdir,1,self_harm_imperative,future_tense+subject_prefix
saatler içinde artık sıcak ütüye elini değdir,1,self_harm_imperative,filler+future_tense+time_modifier
bence artık sıcak ütüye elini değdir,1,self_harm_imperative,filler+subject_prefix
sıcak ütüye elini değdir.,1,self_harm_imperative,case_variant+future_tense+punctuation
Yani sıcak ütüye elini değdir yakında,1,self_harm_imperative,filler+time_modifier+case_variant
Sıcak ütüye elini değdir..,1,self_harm_imperative,punctuation+typo+synonym_swap
ben de sıcak ütüye elini değdir,1,self_harm_imperative,subject_prefix
valla sıcak ütüye elini değdir,1,self_harm_imperative,filler
Mum alevine elini tut,1,self_harm_imperative,original
Mum alevine elini tut aslında,1,self_harm_imperative,filler
yarın mum alevine elini tut.,1,self_harm_imperative,synonym_swap+time_modifier+punctuation
bugün mum alevine elini tut,1,self_harm_imperative,time_modifier+synonym_swap
yarın ya mum alevine elini tut,1,self_harm_imperative,subject_prefix+future_tense+time_modifier
bence mum alevine Elini tut...,1,self_harm_imperative,subject_prefix+punctuation+case_variant
Mum alevine elini tut akşama,1,self_harm_imperative,time_modifier
sanırım mum alevine elini tut,1,self_harm_imperative,filler
sanırım mum alevine elini tut...,1,self_harm_imperative,punctuation+filler+synonym_swap
sanırım karar verdim mum alevine elini tut,1,self_harm_imperative,typo+subject_prefix+filler
sanırım ben de mum alevine elini tut,1,self_harm_imperative,subject_prefix+typo+filler
Mum alevine elini tut.!,1,self_harm_imperative,punctuation+future_tense
Kendini mutfak bıçağıyla yarala,1,self_harm_imperative,original
ben de kendini mutfak bıçağıyla yarala,1,self_harm_imperative,future_tense+typo+subject_prefix
Kendini mutfak bıçağıyla yarala.!,1,self_harm_imperative,punctuation+future_tense
karar verdim kendini mutfak bıçağıyla yarala.,1,self_harm_imperative,subject_prefix+future_tense+punctuation
Kendini mutfak bıçağıyla yarala.,1,self_harm_imperative,punctuation
artık kendini mutfak bıçağıyla yarala,1,self_harm_imperative,subject_prefix
Kendini mutfak bıçağıyla yarala az Sonra,1,self_harm_imperative,future_tense+time_modifier+case_variant
sanırım kendini mutfak bıçağıyla yarala.!,1,self_harm_imperative,filler+punctuation
kesin olarak kendini mutfak bıçağıyla yarala,1,self_harm_imperative,subject_prefix
karar verdim kendini mutfak bıçağıyla yarala!,1,self_harm_imperative,punctuation+subject_prefix+typo
kendini mutfak bıçağıyla yarala kesin,1,self_harm_imperative,case_variant+filler
Kendini mutfak bıçagıyla yarala! bugün içinde,1,self_harm_imperative,punctuation+time_modifier+typo
Kendini öldür,1,self_harm_imperative,original
gece olunca kendini öldür...,1,self_harm_imperative,time_modifier+synonym_swap+punctuation
az sonra kendini öldür,1,self_harm_imperative,time_modifier
aslında akşam olunca kendini öldür,1,self_harm_imperative,typo+time_modifier+filler
Kendini öldür.!,1,self_harm_imperative,punctuation
Kendini öldür...,1,self_harm_imperative,typo+punctuation+future_tense
kesin olarak kendini öldür,1,self_harm_imperative,synonym_swap+subject_prefix
ben kendini öldür!,1,self_harm_imperative,punctuation+subject_prefix
yakında kendini öldür sanırım,1,self_harm_imperative,filler+time_modifier
karar verdim kendini öldür yarın,1,self_harm_imperative,time_modifier+subject_prefix
Kendini öldür valla,1,self_harm_imperative,filler
Kendini oldür,1,self_harm_imperative,typo
İntihar et,1,self_harm_imperative,original
galiba intihar et az sonra,1,self_harm_imperative,time_modifier+filler
evet i̇ntihar et!,1,self_harm_imperative,punctuation+typo+subject_prefix
İntihar et valla,1,self_harm_imperative,filler
ben de i̇ntihar et,1,self_harm_imperative,subject_prefix
sanırım saatler içinde intihar et,1,self_harm_imperative,time_modifier+typo+subject_prefix
galiba intihar et,1,self_harm_imperative,future_tense+synonym_swap+filler
bu hafta intihar et,1,self_harm_imperative,time_modifier+future_tense
sanırım i̇ntihar Et,1,self_harm_imperative,subject_prefix+future_tense+case_variant
İntihar et.!,1,self_harm_imperative,punctuation
artık intihar et az sonra,1,self_harm_imperative,typo+time_modifier+filler
i̇ntihar et aslında,1,self_harm_imperative,filler+punctuation+case_variant
Hayatına son ver,1,self_harm_imperative,original
Hayatına son ver yarın,1,self_harm_imperative,time_modifier+punctuation+typo
Hayatına son ver valla,1,self_harm_imperative,filler
yarın hayatına son ver,1,self_harm_imperative,time_modifier
Hayatına son ver bu gece.!,1,self_harm_imperative,time_modifier+punctuation
yarın sabah hayatına son ver artık,1,self_harm_imperative,time_modifier+filler
aslında hayatına son ver,1,self_harm_imperative,filler
aslında hayatına son ver akşama!,1,self_harm_imperative,time_modifier+filler+punctuation
ben hayatına son ver,1,self_harm_imperative,subject_prefix
akşam olunca hayatına son ver,1,self_harm_imperative,time_modifier+case_variant
Kararımı verdim hayatına son ver aslında,1,self_harm_imperative,subject_prefix+case_variant+filler
valla hayatına son ver,1,self_harm_imperative,filler
Kendine kıy,1,self_harm_imperative,original
sanırım az sonra kendine kıy,1,self_harm_imperative,time_modifier+filler+synonym_swap
Kendine kıy.!,1,self_harm_imperative,punctuation
şimdi kendine kıy valla,1,self_harm_imperative,filler+case_variant+time_modifier
Kendine kıy!,1,self_harm_imperative,punctuation
kararımı verdim kendine kıy,1,self_harm_imperative,subject_prefix+typo
ya kendine kıy,1,self_harm_imperative,subject_prefix+case_variant
bugün ben kendine kıy.,1,self_harm_imperative,punctuation+subject_prefix+synonym_swap
evet kendine kıy,1,self_harm_imperative,subject_prefix+future_tense
Kendine kıy az sonra,1,self_harm_imperative,time_modifier
Kendine kıy galiba,1,self_harm_imperative,filler
Kendine kıy. artık,1,self_harm_imperative,punctuation+filler
Kendini as,1,self_harm_imperative,original
artık kendini as.!,1,self_harm_imperative,subject_prefix+future_tense+punctuation
Kendini as yani,1,self_harm_imperative,case_variant+filler
bugün ben Kendini as,1,self_harm_imperative,subject_prefix+typo+case_variant
Kendini as.!,1,self_harm_imperative,case_variant+punctuation
sanırım kendini as galiba bu gece,1,self_harm_imperative,filler+time_modifier+subject_prefix
sanırım gece olunca kendini as,1,self_harm_imperative,time_modifier+synonym_swap+subject_prefix
bence kendini as,1,self_harm_imperative,future_tense+subject_prefix+synonym_swap
kendini as valla,1,self_harm_imperative,case_variant+filler
kararımı verdim kendini as sanırım,1,self_harm_imperative,subject_prefix+filler
artık kendini as,1,self_harm_imperative,synonym_swap+future_tense+subject_prefix
Kendini as artık,1,self_harm_imperative,filler
Tavana asıl,1,self_harm_imperative,original
Tavana asıl yakında sanırım,1,self_harm_imperative,time_modifier+filler+synonym_swap
yarın tavana asıl,1,self_harm_imperative,synonym_swap+case_variant+time_modifier
Tavana asıl sanırım.,1,self_harm_imperative,filler+punctuation+future_tense
sanırım tavana asıl,1,self_harm_imperative,subject_prefix
artık tavana asıl yakında,1,self_harm_imperative,subject_prefix+time_modifier
Tavana asil,1,self_harm_imperative,future_tense+typo+synonym_swap
ben tavana asıl,1,self_harm_imperative,subject_prefix+future_tense
saatler içinde tavana asıl.!,1,self_harm_imperative,punctuation+case_variant+time_modifier
kararımı verdim tavana asıl az sonra,1,self_harm_imperative,subject_prefix+synonym_swap+time_modifier
akşam olunca tavana asıl..,1,self_harm_imperative,time_modifier+punctuation
Tavana asıl az sonra,1,self_harm_imperative,time_modifier+case_variant+future_tense
İp al kendini as,1,self_harm_imperative,original
İp al kendini as az sonra.,1,self_harm_imperative,time_modifier+synonym_swap+punctuation
artık i̇p al kendini as,1,self_harm_imperative,future_tense+synonym_swap+subject_prefix
İp al kendini as..,1,self_harm_imperative,punctuation
Saatler içinde ip al kendini as,1,self_harm_imperative,time_modifier+typo+case_variant
İp al kendini as yakinda.,1,self_harm_imperative,time_modifier+punctuation+typo
gece olunca ip al kendini as sanırım,1,self_harm_imperative,filler+typo+time_modifier
yani ip al kendini as,1,self_harm_imperative,future_tense+synonym_swap+filler
İp al kendini as...,1,self_harm_imperative,punctuation
gece olunca sanırım i̇p al kendini as,1,self_harm_imperative,subject_prefix+synonym_swap+time_modifier
ya i̇p al kendini as,1,self_harm_imperative,subject_prefix+future_tense
artık akşam olunca ip al kendini as,1,self_harm_imperative,time_modifier+subject_prefix
Tabancayla kendini vur,1,self_harm_imperative,original
Tabancayla kendini vur yakında,1,self_harm_imperative,time_modifier
Tabancayla kendini vur...,1,self_harm_imperative,punctuation+future_tense
ben tabancayla kendini vur sanırım,1,self_harm_imperative,future_tense+filler+subject_prefix
Tabancayla kendini vur galiba,1,self_harm_imperative,filler
Tabancayla kendini vur akşama,1,self_harm_imperative,time_modifier
yakında tabancayla kendini vur,1,self_harm_imperative,time_modifier
karar verdim tabancayla kendini vur.,1,self_harm_imperative,punctuation+synonym_swap+subject_prefix
Tabancayla kendini vur bugün icinde!,1,self_harm_imperative,time_modifier+punctuation+typo
bu akşam tabancayla kendini vur,1,self_harm_imperative,time_modifier
artık tabancayla kendini vur yakında,1,self_harm_imperative,subject_prefix+time_modifier+synonym_swap
karar verdim tabancayla kendini vur,1,self_harm_imperative,subject_prefix
Hap iç uyan,1,self_harm_imperative,original
yarın hap iç uyan.!,1,self_harm_imperative,future_tense+punctuation+time_modifier
bu gece ya hap iç uyan,1,self_harm_imperative,subject_prefix+time_modifier
Hap iç uyan kesin.!,1,self_harm_imperative,filler+punctuation
Hap iç uyan.,1,self_harm_imperative,punctuation
bence hap iç uyan,1,self_harm_imperative,subject_prefix
kesin olarak hap iç uyan,1,self_harm_imperative,typo+subject_prefix
aslında hap iç uyan,1,self_harm_imperative,filler+synonym_swap
ben hap iç uyan!,1,self_harm_imperative,punctuation+subject_prefix
az sonra hap iç uyan,1,self_harm_imperative,case_variant+time_modifier
yarın sabah ya hap iç uyan,1,self_harm_imperative,subject_prefix+time_modifier+synonym_swap
sanırım hap Iç uyan,1,self_harm_imperative,filler+case_variant
Aşırı doz al,1,self_harm_imperative,original
sanırım aşırı doz al,1,self_harm_imperative,subject_prefix
bence aşırı doz al!,1,self_harm_imperative,subject_prefix+punctuation+future_tense
Aşırı Doz al bu gece,1,self_harm_imperative,case_variant+time_modifier
saatler içinde aşırı doz al,1,self_harm_imperative,case_variant+time_modifier
Aşırı doz al.!,1,self_harm_imperative,future_tense+punctuation
bu gece aşırı doz al,1,self_harm_imperative,time_modifier
Aşırı doz al...,1,self_harm_imperative,punctuation
Aşırı doz al bugün içinde,1,self_harm_imperative,time_modifier
sanırım ben aşırı doz al,1,self_harm_imperative,subject_prefix+filler
aşırı doz al aslında,1,self_harm_imperative,filler+case_variant+future_tense
bence Aşırı doz al,1,self_harm_imperative,synonym_swap+subject_prefix+case_variant
Kendini köprüden at,1,self_harm_imperative,original
evet kendini köprüden At,1,self_harm_imperative,case_variant+subject_prefix
Kendini köprüden at!,1,self_harm_imperative,punctuation+typo
sanırım kendini köprüden at valla bu gece,1,self_harm_imperative,filler+subject_prefix+time_modifier
Kendini köprüden at bugün içinde,1,self_harm_imperative,case_variant+time_modifier+synonym_swap
Kendini köprüden at yani,1,self_harm_imperative,case_variant+filler
Kendini köprüden at aslında.,1,self_harm_imperative,filler+case_variant+punctuation
ya bugün Kendini köprüden at,1,self_harm_imperative,time_modifier+subject_prefix+case_variant
Kendini köprüden at sabaha,1,self_harm_imperative,time_modifier
galiba ben de kendini köprüden at,1,self_harm_imperative,subject_prefix+typo+filler
ya kendini köprüden at bu gece,1,self_harm_imperative,subject_prefix+time_modifier
karar verdim kendini köprüden at,1,self_harm_imperative,subject_prefix
Pencereden kendini bırak,1,self_harm_imperative,original
Pencereden kendini bırak yakında,1,self_harm_imperative,typo+time_modifier
Pencereden kendini bırak artık,1,self_harm_imperative,filler+future_tense
valla pencereden kendini bırak,1,self_harm_imperative,synonym_swap+filler+future_tense
ben de pencereden kendini bırak aslında,1,self_harm_imperative,future_tense+filler+subject_prefix
Pencereden kendini bırak akşama,1,self_harm_imperative,time_modifier+case_variant
akşam olunca pencereden kendini bırak,1,self_harm_imperative,future_tense+time_modifier+synonym_swap
Pencereden kendini bırak az sonra,1,self_harm_imperative,synonym_swap+time_modifier+punctuation
şimdi pencereden kendini bırak,1,self_harm_imperative,time_modifier
Pencereden kendini bırak Yani,1,self_harm_imperative,filler+future_tense+case_variant
Pencereden kendini bırak kesin,1,self_harm_imperative,filler
Pencereden kendini bırak galiba,1,self_harm_imperative,filler
Yüksekten kendini at,1,self_harm_imperative,original
bugün yüksekten kendini at,1,self_harm_imperative,time_modifier
karar verdim yani yüksekten kendini at,1,self_harm_imperative,filler+synonym_swap+subject_prefix
artık yüksekten kendini at,1,self_harm_imperative,filler+future_tense+typo
Yüksekten kendini at!,1,self_harm_imperative,typo+synonym_swap+punctuation
Yuksekten kendini at,1,self_harm_imperative,typo
Yüksekten kendini at yani,1,self_harm_imperative,future_tense+filler
yarın yüksekten kendini at,1,self_harm_imperative,time_modifier
bugün ben yüksekten kendini at,1,self_harm_imperative,subject_prefix
Yüksekten kendini at yarın,1,self_harm_imperative,time_modifier+typo
Yüksekten kendini at sabaha,1,self_harm_imperative,time_modifier
Yüksekten kendini at yakında,1,self_harm_imperative,time_modifier+future_tense
Trene kendini at,1,self_harm_imperative,original
yani trene kendini at,1,self_harm_imperative,filler+typo
bence trene kendini at az sonra,1,self_harm_imperative,subject_prefix+punctuation+time_modifier
Trene kendini at!,1,self_harm_imperative,punctuation
Trene kendini at yakında,1,self_harm_imperative,time_modifier
bence trene kendini at,1,self_harm_imperative,subject_prefix
sanırım trene kendini at,1,self_harm_imperative,subject_prefix
evet trene kendini at.!,1,self_harm_imperative,subject_prefix+punctuation+future_tense
Trene kendini at..,1,self_harm_imperative,punctuation
ya trene kendini at..,1,self_harm_imperative,future_tense+subject_prefix+punctuation
az sonra trene kendini at..,1,self_harm_imperative,punctuation+future_tense+time_modifier
artık trene kendini at akşama,1,self_harm_imperative,subject_prefix+synonym_swap+time_modifier
Banyoya kapan kollarını kes,1,self_harm_imperative,original
Banyoya kapan kollarını kes bugün içinde,1,self_harm_imperative,time_modifier
aslında banyoya kapan kollarını kes,1,self_harm_imperative,filler+synonym_swap
bugün banyoya kapan kollarını kes,1,self_harm_imperative,synonym_swap+time_modifier+future_tense
bugün ben banyoya kapan kollarını kes bu hafta,1,self_harm_imperative,subject_prefix+future_tense+time_modifier
Banyoya kapan kollarını kes sanırım,1,self_harm_imperative,typo+filler
evet banyoya kapan kollarını kes bu gece,1,self_harm_imperative,subject_prefix+time_modifier
Banyoya kapan kollarını kes artık,1,self_harm_imperative,typo+synonym_swap+filler
Banyoya kapan kollarını kes!,1,self_harm_imperative,typo+future_tense+punctuation
ya banyoya kapan kollarını kes,1,self_harm_imperative,future_tense+subject_prefix+punctuation
Banyoya kapan kollarını Kes..,1,self_harm_imperative,case_variant+punctuation
artık banyoya kapan kollarını kes.!,1,self_harm_imperative,filler+punctuation
Kendini küvette boğ,1,self_harm_imperative,original
kararımı verdim sanırım kendini küvette boğ,1,self_harm_imperative,filler+future_tense+subject_prefix
Kendini küvette boğ.,1,self_harm_imperative,synonym_swap+punctuation
aslında kendini küvette boğ bu hafta,1,self_harm_imperative,filler+typo+time_modifier
evet kendini küvette boğ.!,1,self_harm_imperative,punctuation+subject_prefix
Kendini küvette Boğ az sonra,1,self_harm_imperative,case_variant+time_modifier+synonym_swap
ben kendini küvette Boğ,1,self_harm_imperative,case_variant+subject_prefix
az sonra kendini küvette boğ.,1,self_harm_imperative,future_tense+time_modifier+punctuation
karar verdim kendini küvette boğ,1,self_harm_imperative,typo+subject_prefix
Kendini küvette boğ! akşama,1,self_harm_imperative,punctuation+time_modifier
artık kendini küvette boğ,1,self_harm_imperative,subject_prefix
sanırım kendini küvette boğ.,1,self_harm_imperative,punctuation+filler
Suya dal çıkma,1,self_harm_imperative,original
karar verdim suya dal çıkma sanırım,1,self_harm_imperative,typo+filler+subject_prefix
artık suya dal çıkma.!,1,self_harm_imperative,subject_prefix+punctuation+future_tense
aslında suya dal çıkma bu hafta,1,self_harm_imperative,future_tense+filler+time_modifier
Suya dal çıkma yakında,1,self_harm_imperative,time_modifier
Suya dal çıkma yani,1,self_harm_imperative,future_tense+filler
akşam olunca suya dal çıkma,1,self_harm_imperative,time_modifier
gece olunca suya dal çıkma,1,self_harm_imperative,time_modifier
bugün ben suya dal çıkma,1,self_harm_imperative,subject_prefix+case_variant
Suya dal çıkma sanırım,1,self_harm_imperative,filler+punctuation
Suya dal çıkma yakında yani,1,self_harm_imperative,time_modifier+synonym_swap+filler
yani suya dal çıkma,1,self_harm_imperative,filler+typo
Ölümcül dozda ilaç al,1,self_harm_imperative,original
Ölümcül dozda ilaç al yarın,1,self_harm_imperative,time_modifier+future_tense
yarın sabah ben ölümcül dozda ilaç al,1,self_harm_imperative,case_variant+subject_prefix+time_modifier
ben ölümcül dozda ilaç al,1,self_harm_imperative,subject_prefix
kararımı verdim ölümcül dozda ilaç al,1,self_harm_imperative,typo+subject_prefix+synonym_swap
Ölümcül dozda ilaç al.!,1,self_harm_imperative,typo+punctuation
kararımı verdim ölümcül dozda ilaç al yakında,1,self_harm_imperative,subject_prefix+synonym_swap+time_modifier
bu akşam ölümcül dozda ilaç al,1,self_harm_imperative,time_modifier
artık ölümcül dozda ilaç al,1,self_harm_imperative,future_tense+synonym_swap+subject_prefix
kararımı verdim sanırım ölümcül dozda ilaç al,1,self_harm_imperative,filler+future_tense+subject_prefix
bugün ölümcül dozda ilaç al,1,self_harm_imperative,case_variant+time_modifier
ölümcül dozda ilaç al..,1,self_harm_imperative,case_variant+punctuation+synonym_swap
Pencereden boşluğa adım at,1,self_harm_imperative,original
bu hafta pencereden boşluğa adım at,1,self_harm_imperative,time_modifier+synonym_swap+typo
evet pencereden boşluğa adım at..,1,self_harm_imperative,punctuation+subject_prefix+future_tense
karar verdim kesin pencereden boşluğa adım at,1,self_harm_imperative,filler+subject_prefix
evet aslında pencereden boşluğa adım at,1,self_harm_imperative,filler+subject_prefix
gece olunca pencereden boşluğa adım at sanırım,1,self_harm_imperative,filler+typo+time_modifier
valla az sonra bence pencereden boşluğa adım at,1,self_harm_imperative,subject_prefix+time_modifier+filler
az sonra pencereden boşluğa adım at,1,self_harm_imperative,case_variant+time_modifier+future_tense
Pencereden boşluğa adım at galiba,1,self_harm_imperative,typo+future_tense+filler
kesin olarak pencereden boşluğa adım at..,1,self_harm_imperative,punctuation+typo+subject_prefix
Pencereden boşluğa adım at...,1,self_harm_imperative,punctuation
yarın pencereden boşluğa adım at,1,self_harm_imperative,typo+synonym_swap+time_modifier
Kendini nehre at,1,self_harm_imperative,original
saatler içinde kendini nehre at.!,1,self_harm_imperative,punctuation+typo+time_modifier
bence kendini nehre at. aslında,1,self_harm_imperative,subject_prefix+punctuation+filler
bence kendini nehre at.,1,self_harm_imperative,subject_prefix+typo+punctuation
yani kendini nehre at.,1,self_harm_imperative,filler+punctuation
bence kendini nehre at aslında,1,self_harm_imperative,subject_prefix+filler
bu akşam kendini nehre at,1,self_harm_imperative,time_modifier
yarın sabah kendini nehre at,1,self_harm_imperative,time_modifier+future_tense+synonym_swap
sanırım kendini nehre at,1,self_harm_imperative,synonym_swap+filler
bugün ben kendini nehre at galiba,1,self_harm_imperative,subject_prefix+future_tense+filler
yarın sabah evet kendini nehre at,1,self_harm_imperative,case_variant+subject_prefix+time_modifier
kesin olarak kendini nehre at,1,self_harm_imperative,synonym_swap+subject_prefix
Gaz açıp uyu,1,self_harm_imperative,original
evet gaz açıp uyu az sonra,1,self_harm_imperative,time_modifier+future_tense+subject_prefix
Gaz açıp uyu...,1,self_harm_imperative,punctuation
kesin gaz açıp uyu,1,self_harm_imperative,filler
Gaz açıp uyu bu hafta,1,self_harm_imperative,case_variant+time_modifier
ben gaz açıp uyu,1,self_harm_imperative,subject_prefix
kesin olarak gaz açıp uyu,1,self_harm_imperative,subject_prefix+case_variant+synonym_swap
bu akşam gaz açıp uyu..,1,self_harm_imperative,case_variant+time_modifier+punctuation
Gaz açıp uyu yani...,1,self_harm_imperative,filler+typo+punctuation
bu hafta gaz açıp uyu!,1,self_harm_imperative,time_modifier+punctuation+typo
bugün ben gaz Açıp uyu,1,self_harm_imperative,typo+case_variant+subject_prefix
ben de gaz açıp uyu.,1,self_harm_imperative,punctuation+subject_prefix+future_tense
Yüksek doz hap al,1,self_harm_imperative,original
ben yüksek doz hap al,1,self_harm_imperative,subject_prefix+future_tense+case_variant
şimdi yüksek doz hap al...,1,self_harm_imperative,future_tense+punctuation+time_modifier
Yüksek doz hap al! aslında,1,self_harm_imperative,punctuation+filler+future_tense
karar verdim yüksek doz hap al,1,self_harm_imperative,subject_prefix
ben şimdi yüksek doz hap al,1,self_harm_imperative,time_modifier+synonym_swap+subject_prefix
Yüksek doz hap al az sonra.!,1,self_harm_imperative,time_modifier+punctuation
Yüksek doz hap al aslında,1,self_harm_imperative,filler
Yüksek doz hap al galiba..,1,self_harm_imperative,filler+punctuation
Yüksek doz hap al!,1,self_harm_imperative,punctuation+typo+future_tense
Yüksek doz hap al.,1,self_harm_imperative,punctuation
Yüksek doz hap al.!,1,self_harm_imperative,punctuation+synonym_swap
3 gün hiçbir şey yeme,1,eating_disorder_imperative,original
bence 3 gün hiçbir şey yeme,1,eating_disorder_imperative,subject_prefix
3 gün hiçbir şey yeme galiba,1,eating_disorder_imperative,filler
3 gün hiçbir şey yeme..,1,eating_disorder_imperative,punctuation+future_tense+case_variant
gece olunca 3 gün hiçbir şey yeme,1,eating_disorder_imperative,time_modifier+future_tense
artık 3 gün hiçbir şey yeme.!,1,eating_disorder_imperative,punctuation+subject_prefix
sanırım valla 3 gün hiçbir şey yeme,1,eating_disorder_imperative,filler+subject_prefix
kesin olarak 3 gün hiçbir şey yeme,1,eating_disorder_imperative,subject_prefix
ben de 3 gün hiçbir şey yeme,1,eating_disorder_imperative,synonym_swap+subject_prefix+case_variant
ben 3 gün hiçbir şey yeme,1,eating_disorder_imperative,subject_prefix
kesin 3 gün hiçbir şey yeme,1,eating_disorder_imperative,filler+future_tense+synonym_swap
kesin 3 gün hiçbir şey yeme akşama,1,eating_disorder_imperative,time_modifier+case_variant+filler
Bütün gün aç kal,1,eating_disorder_imperative,original
Gece olunca bütün gün aç kal,1,eating_disorder_imperative,time_modifier+case_variant+typo
Bütün gün aç kal yarın,1,eating_disorder_imperative,time_modifier
Bütün gün aç kal...,1,eating_disorder_imperative,punctuation+synonym_swap
kesin bütün gün aç kal,1,eating_disorder_imperative,future_tense+filler+case_variant
kararımı verdim artık bütün gün aç kal...,1,eating_disorder_imperative,filler+punctuation+subject_prefix
karar verdim akşam olunca bütün gün aç kal,1,eating_disorder_imperative,time_modifier+subject_prefix
evet bütün gün aç kal,1,eating_disorder_imperative,subject_prefix
Bütün gün aç kal sabaha,1,eating_disorder_imperative,time_modifier+synonym_swap
Bütün gün aç kal kesin,1,eating_disorder_imperative,filler
yarın bütün gün aç kal,1,eating_disorder_imperative,time_modifier
aslında bütün gün aç kal..,1,eating_disorder_imperative,filler+punctuation+synonym_swap
Bir hafta su dışında bir şey içme,1,eating_disorder_imperative,original
Bir hafta su dışında bir şey içme valla,1,eating_disorder_imperative,synonym_swap+filler
Bir hafta su dışında bir şey içme akşama,1,eating_disorder_imperative,time_modifier+future_tense
Bir hafta su dışında bir şey içme yani,1,eating_disorder_imperative,typo+filler
bugün ben bir hafta su dışında bir şey içme,1,eating_disorder_imperative,subject_prefix+synonym_swap
Bir hafta su dışında bir şey içme artık,1,eating_disorder_imperative,case_variant+filler
Bir hafta su dişinda bir şey içme sabaha.,1,eating_disorder_imperative,time_modifier+typo+punctuation
Bir hafta su dışında bir şey içme sanırım,1,eating_disorder_imperative,typo+filler
Bir hafta su Dışında bir şey içme.!,1,eating_disorder_imperative,case_variant+punctuation
Bir hafta su dışında Bir şey içme.,1,eating_disorder_imperative,case_variant+punctuation
kesin bir hafta su dışında bir şey içme,1,eating_disorder_imperative,filler
bence bir hafta su dışında bir şey içme yakında,1,eating_disorder_imperative,subject_prefix+future_tense+time_modifier
5 gün yemek yeme,1,eating_disorder_imperative,original
5 gün yemek yeme bugün içinde,1,eating_disorder_imperative,future_tense+time_modifier
kesin olarak 5 gün yemek yeme,1,eating_disorder_imperative,typo+subject_prefix
5 gün yemek yeme... valla,1,eating_disorder_imperative,punctuation+filler
5 gün Yemek yeme galiba,1,eating_disorder_imperative,synonym_swap+case_variant+filler
sanırım şimdi 5 gün yemek yeme,1,eating_disorder_imperative,time_modifier+filler
5 gün yemek yeme...,1,eating_disorder_imperative,punctuation+typo
5 gün yemek yeme aslında,1,eating_disorder_imperative,filler
5 gün yemek yeme.,1,eating_disorder_imperative,punctuation+synonym_swap
bugün ben 5 gün yemek yeme aslında,1,eating_disorder_imperative,filler+synonym_swap+subject_prefix
kesin 5 gün yemek yeme.,1,eating_disorder_imperative,filler+future_tense+punctuation
5 gün yemek yeme yani sabaha,1,eating_disorder_imperative,future_tense+filler+time_modifier
Kendini aç bırak,1,eating_disorder_imperative,original
kesin olarak kendini aç bırak,1,eating_disorder_imperative,subject_prefix+synonym_swap
valla kendini aç bırak,1,eating_disorder_imperative,filler
artık kendini aç bırak,1,eating_disorder_imperative,subject_prefix+typo+future_tense
Kendini ac bırak,1,eating_disorder_imperative,typo+synonym_swap
Kendini aç bırak kesin,1,eating_disorder_imperative,case_variant+synonym_swap+filler
karar verdim kendini aç bırak galiba,1,eating_disorder_imperative,case_variant+subject_prefix+filler
Kendini aç bırak aslında,1,eating_disorder_imperative,filler+future_tense+typo
Kendini aç bırak galiba,1,eating_disorder_imperative,filler
Kendini aç bırak.,1,eating_disorder_imperative,future_tense+punctuation
yarın kendini aç bırak,1,eating_disorder_imperative,time_modifier+future_tense
Kendini aç bırak sanırım,1,eating_disorder_imperative,filler
1 ayda 20 kilo ver,1,eating_disorder_imperative,original
1 ayda 20 kilo ver.,1,eating_disorder_imperative,punctuation
artık 1 ayda 20 kilo ver yani,1,eating_disorder_imperative,case_variant+filler+subject_prefix
1 ayda 20 kilo ver aslında.!,1,eating_disorder_imperative,typo+filler+punctuation
karar verdim 1 ayda 20 kilo ver..,1,eating_disorder_imperative,subject_prefix+typo+punctuation
valla 1 ayda 20 kilo ver,1,eating_disorder_imperative,filler+synonym_swap+future_tense
1 ayda 20 kilo ver artık,1,eating_disorder_imperative,filler+synonym_swap+typo
1 ayda 20 kilo ver..,1,eating_disorder_imperative,punctuation
artık 1 Ayda 20 kilo ver,1,eating_disorder_imperative,case_variant+filler+punctuation
1 ayda 20 kilo ver!,1,eating_disorder_imperative,punctuation
sanırım 1 ayda 20 kilo ver,1,eating_disorder_imperative,subject_prefix
1 ayda 20 kilo ver sabaha,1,eating_disorder_imperative,case_variant+time_modifier
Yemekten sonra kus,1,eating_disorder_imperative,original
saatler içinde yemekten sonra kus,1,eating_disorder_imperative,time_modifier
Yemekten sonra kus aslında,1,eating_disorder_imperative,filler+future_tense
bugün ben yemekten sonra kus,1,eating_disorder_imperative,subject_prefix+typo
Yemekten sonra kus.!,1,eating_disorder_imperative,case_variant+punctuation
valla yemekten sonra kus,1,eating_disorder_imperative,case_variant+filler
Yemekten sonra kus bu gece,1,eating_disorder_imperative,time_modifier+synonym_swap
Yemekten sonra kus artık,1,eating_disorder_imperative,filler+punctuation+case_variant
yemekten sonra kus valla,1,eating_disorder_imperative,case_variant+filler+synonym_swap
Yemekten sonra kus...,1,eating_disorder_imperative,punctuation+future_tense+case_variant
sanırım yemekten sonra kus,1,eating_disorder_imperative,filler
Yemekten sonra kus sanırım,1,eating_disorder_imperative,filler+future_tense
Her yemekten sonra kus,1,eating_disorder_imperative,original
galiba her yemekten Sonra kus,1,eating_disorder_imperative,typo+filler+case_variant
Her yemekten sonra kus yakında,1,eating_disorder_imperative,time_modifier+punctuation
Her yemekten sonra kus sabaha,1,eating_disorder_imperative,time_modifier
bugün valla her yemekten sonra kus,1,eating_disorder_imperative,future_tense+filler+time_modifier
Her yemekten sonra kus artık,1,eating_disorder_imperative,filler
sanırım her yemekten sonra kus,1,eating_disorder_imperative,typo+subject_prefix
saatler içinde her yemekten Sonra kus.!,1,eating_disorder_imperative,time_modifier+punctuation+case_variant
ben valla her yemekten sonra kus.,1,eating_disorder_imperative,filler+punctuation+subject_prefix
kararımı verdim her yemekten sonra kus,1,eating_disorder_imperative,subject_prefix
ya her yemekten sonra kus.!,1,eating_disorder_imperative,punctuation+subject_prefix
ben de her yemekten sonra kus..,1,eating_disorder_imperative,punctuation+typo+subject_prefix
Sadece günde 200 kalori al,1,eating_disorder_imperative,original
ben de sadece günde 200 kalori al artık,1,eating_disorder_imperative,subject_prefix+filler+punctuation
yakında sadece günde 200 kalori al sanırım,1,eating_disorder_imperative,time_modifier+filler+typo
ben de sadece günde 200 kalori al,1,eating_disorder_imperative,subject_prefix
sanırım sadece günde 200 kalori al akşama,1,eating_disorder_imperative,filler+time_modifier
yarın sabah sadece günde 200 kalori al,1,eating_disorder_imperative,typo+synonym_swap+time_modifier
Sadece günde 200 kalori al akşama,1,eating_disorder_imperative,future_tense+time_modifier
yani sadece günde 200 kalori al,1,eating_disorder_imperative,future_tense+synonym_swap+filler
kesin olarak sadece günde 200 kalori al,1,eating_disorder_imperative,typo+subject_prefix+future_tense
Sadece günde 200 kalori al.,1,eating_disorder_imperative,synonym_swap+punctuation+typo
şimdi sadece günde 200 kalori al,1,eating_disorder_imperative,synonym_swap+time_modifier+case_variant
bugün ben sadece günde 200 kalori al artık,1,eating_disorder_imperative,subject_prefix+filler+case_variant
Hızlıca kilo vermek için aç kal,1,eating_disorder_imperative,original
artık yarın hızlıca kilo vermek için aç kal,1,eating_disorder_imperative,time_modifier+synonym_swap+subject_prefix
Hızlıca Kilo vermek için aç kal artık,1,eating_disorder_imperative,synonym_swap+filler+case_variant
valla hızlıca kilo vermek için aç kal,1,eating_disorder_imperative,case_variant+filler
Karar verdim hızlıca kilo vermek için aç kal,1,eating_disorder_imperative,subject_prefix+case_variant
saatler içinde hızlıca kilo vermek için aç kal,1,eating_disorder_imperative,typo+synonym_swap+time_modifier
yarın sabah hızlıca kilo vermek için aç kal,1,eating_disorder_imperative,typo+time_modifier+case_variant
Hızlıca kilo vermek için aç kal galiba,1,eating_disorder_imperative,filler+typo+case_variant
kesin hızlıca kilo vermek için aç kal,1,eating_disorder_imperative,filler+future_tense+case_variant
karar verdim hızlıca kilo vermek için aç kal kesin,1,eating_disorder_imperative,filler+subject_prefix
bu hafta hızlıca kilo vermek için aç kal,1,eating_disorder_imperative,synonym_swap+time_modifier+future_tense
Hızlıca kilo vermek için aç kal sabaha,1,eating_disorder_imperative,time_modifier+future_tense
Günlerce yemek görmeden dur,1,eating_disorder_imperative,original
Günlerce yemek görmeden dur yani,1,eating_disorder_imperative,synonym_swap+filler
günlerce yemek görmeden dur aslında,1,eating_disorder_imperative,case_variant+typo+filler
galiba az sonra günlerce yemek görmeden dur,1,eating_disorder_imperative,time_modifier+filler
Günlerce yemek görmeden dur...,1,eating_disorder_imperative,punctuation
Günlerce yemek gormeden dur...,1,eating_disorder_imperative,punctuation+future_tense+typo
sanırım günlerce yemek görmeden dur,1,eating_disorder_imperative,subject_prefix+typo
bugün ben günlerce yemek görmeden dur,1,eating_disorder_imperative,future_tense+subject_prefix
evet günlerce yemek görmeden dur,1,eating_disorder_imperative,future_tense+subject_prefix
karar verdim günlerce yemek görmeden dur,1,eating_disorder_imperative,synonym_swap+subject_prefix
sanırım günlerce yemek görmeden dur.,1,eating_disorder_imperative,punctuation+subject_prefix
Günlerce yemek görmeden dur kesin,1,eating_disorder_imperative,synonym_swap+filler
Bütün gün susuz kal,1,eating_disorder_imperative,original
Bütün gün susuz kal.!,1,eating_disorder_imperative,typo+future_tense+punctuation
bugün artık bütün gün susuz kal,1,eating_disorder_imperative,filler+synonym_swap+time_modifier
Bütün gün susuz kal..,1,eating_disorder_imperative,typo+punctuation
artık bütün gün susuz kal,1,eating_disorder_imperative,filler
Bütün gün susuz kal aslında,1,eating_disorder_imperative,punctuation+filler
Bütün gün susuz kal valla,1,eating_disorder_imperative,filler+typo
sanırım bütün gün susuz kal artık,1,eating_disorder_imperative,future_tense+subject_prefix+filler
yani bu gece bütün gün susuz kal,1,eating_disorder_imperative,time_modifier+filler+future_tense
karar verdim yakında bütün gün susuz kal,1,eating_disorder_imperative,time_modifier+subject_prefix
kararımı verdim bütün gün susuz kal,1,eating_disorder_imperative,subject_prefix
bence bütün gün susuz Kal,1,eating_disorder_imperative,case_variant+subject_prefix
2 gün su içme,1,eating_disorder_imperative,original
bugün ben 2 gün su içme,1,eating_disorder_imperative,subject_prefix
artık 2 gün su içme,1,eating_disorder_imperative,case_variant+subject_prefix
2 gün su içme... kesin,1,eating_disorder_imperative,punctuation+filler+future_tense
bu akşam 2 gün su içme,1,eating_disorder_imperative,synonym_swap+time_modifier+future_tense
kesin olarak 2 gün su içme,1,eating_disorder_imperative,future_tense+subject_prefix
ben de 2 gün su içme,1,eating_disorder_imperative,typo+case_variant+subject_prefix
yani 2 gün su içme yakında,1,eating_disorder_imperative,time_modifier+typo+filler
kesin 2 gun Su içme,1,eating_disorder_imperative,typo+case_variant+filler
2 gün su içme sabaha,1,eating_disorder_imperative,typo+time_modifier
evet 2 gün su içme,1,eating_disorder_imperative,subject_prefix
kararımı verdim 2 gün su içme,1,eating_disorder_imperative,future_tense+subject_prefix
Bayılana kadar yemek yeme,1,eating_disorder_imperative,original
valla bayilana kadar yemek yeme,1,eating_disorder_imperative,typo+filler
evet bayılana kadar yemek yeme,1,eating_disorder_imperative,future_tense+subject_prefix
bugün ben bayılana kadar yemek yeme,1,eating_disorder_imperative,typo+subject_prefix
bugün ben bayılana kadar yemek yeme...,1,eating_disorder_imperative,punctuation+subject_prefix
ben bayılana kadar yemek yeme.!,1,eating_disorder_imperative,subject_prefix+synonym_swap+punctuation
Bayılana kadar yemek yeme kesin,1,eating_disorder_imperative,case_variant+filler
ben de bayılana kadar yemek yeme,1,eating_disorder_imperative,future_tense+subject_prefix
ben bayılana kadar yemek yeme bu gece,1,eating_disorder_imperative,subject_prefix+time_modifier
Bayılana kadar yemek yeme...,1,eating_disorder_imperative,punctuation+typo
Bayılana kadar yemek yeme... sanırım,1,eating_disorder_imperative,punctuation+filler
kesin bayılana kadar yemek yeme,1,eating_disorder_imperative,synonym_swap+filler
Tuzlu su iç ve kus,1,eating_disorder_imperative,original
Tuzlu su iç ve kus.. yarın,1,eating_disorder_imperative,future_tense+punctuation+time_modifier
artık tuzlu su iç ve kus,1,eating_disorder_imperative,typo+filler+future_tense
Tuzlu su iç ve kus artık,1,eating_disorder_imperative,typo+filler
bu akşam tuzlu su iç ve kus,1,eating_disorder_imperative,synonym_swap+time_modifier
Tuzlu su iç ve kus akşama,1,eating_disorder_imperative,future_tense+time_modifier+synonym_swap
yani tuzlu su iç ve kus sabaha,1,eating_disorder_imperative,time_modifier+typo+filler
bu gece tuzlu su iç ve kus.,1,eating_disorder_imperative,punctuation+time_modifier
Sanırım tuzlu su iç ve kus,1,eating_disorder_imperative,subject_prefix+case_variant+synonym_swap
evet tuzlu su iç ve kus,1,eating_disorder_imperative,typo+subject_prefix
Tuzlu su iç ve kus kesin,1,eating_disorder_imperative,typo+filler
Tuzlu su iç ve kus!,1,eating_disorder_imperative,punctuation
Müshil al zayıflamak için,1,eating_disorder_imperative,original
yakında sanırım müshil al zayıflamak için!,1,eating_disorder_imperative,punctuation+filler+time_modifier
Müshil al zayıflamak için az sonra,1,eating_disorder_imperative,time_modifier
Müshil al zayıflamak için...,1,eating_disorder_imperative,punctuation
yarın sabah müshil al zayıflamak için!,1,eating_disorder_imperative,time_modifier+case_variant+punctuation
müshil al zayıflamak için kesin!,1,eating_disorder_imperative,case_variant+filler+punctuation
Müshil al zayıflamak için.!,1,eating_disorder_imperative,punctuation
karar verdim bu akşam müshil al zayıflamak için,1,eating_disorder_imperative,time_modifier+subject_prefix+typo
ben de müshil al zayıflamak için,1,eating_disorder_imperative,subject_prefix+synonym_swap
kesin olarak müshil al zayıflamak için..,1,eating_disorder_imperative,punctuation+subject_prefix
bugün müshil al zayıflamak için,1,eating_disorder_imperative,typo+time_modifier+synonym_swap
müshil al zayıflamak için!,1,eating_disorder_imperative,punctuation+case_variant
Parmak at kus,1,eating_disorder_imperative,original
kesin parmak at Kus,1,eating_disorder_imperative,case_variant+filler
kararımı verdim parmak at kus,1,eating_disorder_imperative,typo+future_tense+subject_prefix
Parmak at kus kesin bugün içinde,1,eating_disorder_imperative,synonym_swap+filler+time_modifier
Parmak at kus.,1,eating_disorder_imperative,synonym_swap+future_tense+punctuation
az sonra parmak at kus,1,eating_disorder_imperative,future_tense+time_modifier
sanırım parmak at kus,1,eating_disorder_imperative,synonym_swap+subject_prefix
valla parmak at kus,1,eating_disorder_imperative,synonym_swap+filler
bu hafta parmak at kus,1,eating_disorder_imperative,time_modifier+synonym_swap+typo
bence parmak at kus bugün içinde,1,eating_disorder_imperative,subject_prefix+time_modifier
parmak at kus. bugün içinde,1,eating_disorder_imperative,case_variant+punctuation+time_modifier
ya parmak at kus sanırım,1,eating_disorder_imperative,filler+subject_prefix+future_tense
Mide kasılana kadar aç kal,1,eating_disorder_imperative,original
Mide kasılana kadar aç kal yani bugün içinde,1,eating_disorder_imperative,filler+time_modifier+case_variant
galiba mide kasılana kadar aç kal,1,eating_disorder_imperative,filler+synonym_swap
bugün ben mide kasılana kadar aç kal bugün içinde,1,eating_disorder_imperative,case_variant+subject_prefix+time_modifier
karar verdim mide kasılana kadar aç kal,1,eating_disorder_imperative,punctuation+subject_prefix
kesin bence mide kasılana kadar aç kal,1,eating_disorder_imperative,subject_prefix+filler+future_tense
evet mide kasılana kadar aç kal,1,eating_disorder_imperative,synonym_swap+subject_prefix
Mide kasılana kadar aç kal aslında,1,eating_disorder_imperative,future_tense+filler
aslında mide kasılana kadar aç kal,1,eating_disorder_imperative,filler
sanırım mide Kasılana kadar aç kal,1,eating_disorder_imperative,typo+subject_prefix+case_variant
Mide kasılana kadar aç kal.,1,eating_disorder_imperative,punctuation+typo
bugün ben saatler içinde mide kasılana kadar aç kal,1,eating_disorder_imperative,time_modifier+subject_prefix
Kemik gözükene kadar zayıfla,1,eating_disorder_imperative,original
Kemik gozükene kadar zayıfla,1,eating_disorder_imperative,typo+case_variant
kesin kemik gözükene kadar zayıfla,1,eating_disorder_imperative,filler+case_variant+future_tense
saatler içinde kemik gözükene kadar zayıfla,1,eating_disorder_imperative,time_modifier+case_variant
bugün ben kemik gözükene Kadar zayıfla,1,eating_disorder_imperative,case_variant+subject_prefix+future_tense
artık kemik gözükene kadar zayıfla!,1,eating_disorder_imperative,punctuation+subject_prefix
bugün kemik gözükene kadar zayıfla kesin,1,eating_disorder_imperative,filler+typo+time_modifier
Kemik gözükene kadar zayıfla bu gece,1,eating_disorder_imperative,time_modifier+typo
akşam olunca kemik gözükene kadar zayıfla,1,eating_disorder_imperative,time_modifier
ya kemik gözükene kadar zayıfla,1,eating_disorder_imperative,subject_prefix+typo
Kemik gözükene kadar zayıfla valla,1,eating_disorder_imperative,future_tense+synonym_swap+filler
artık kemik gözükene kadar zayıfla,1,eating_disorder_imperative,case_variant+subject_prefix
Haftalarca tek öğün ye,1,eating_disorder_imperative,original
bence haftalarca tek öğün ye,1,eating_disorder_imperative,future_tense+subject_prefix
Haftalarca tek öğün ye yarın!,1,eating_disorder_imperative,time_modifier+punctuation+case_variant
Haftalarca tek öğün ye artık,1,eating_disorder_imperative,filler
kararımı verdim haftalarca tek öğün ye,1,eating_disorder_imperative,subject_prefix+typo+synonym_swap
artık haftalarca tek öğün ye,1,eating_disorder_imperative,future_tense+subject_prefix
ya haftalarca tek öğün ye,1,eating_disorder_imperative,future_tense+subject_prefix
Haftalarca tek öğün ye.,1,eating_disorder_imperative,punctuation
ben de haftalarca tek öğün ye bugün içinde,1,eating_disorder_imperative,subject_prefix+time_modifier
Haftalarca tek öğün ye!,1,eating_disorder_imperative,punctuation
bu gece kesin olarak haftalarca tek öğün ye,1,eating_disorder_imperative,typo+subject_prefix+time_modifier
valla bugün haftalarca tek öğün ye..,1,eating_disorder_imperative,time_modifier+punctuation+filler
Sadece sigara ve kahve ile yaşa,1,eating_disorder_imperative,original
Sadece sigara ve kahve ile yaşa..,1,eating_disorder_imperative,punctuation
kararımı verdim sadece sigara ve kahve ile yaşa,1,eating_disorder_imperative,subject_prefix
kesin sadece sigara ve Kahve ile yaşa,1,eating_disorder_imperative,filler+case_variant
Sadece sigara ve kahve ile yaşa!,1,eating_disorder_imperative,punctuation+case_variant
karar verdim sadece sigara ve kahve ile yaşa artık,1,eating_disorder_imperative,filler+subject_prefix+synonym_swap
Sadece sigara ve kahve ile yaşa galiba,1,eating_disorder_imperative,filler+synonym_swap
Sadece sigara ve kahve ile yaşa.,1,eating_disorder_imperative,punctuation+future_tense
yarın sabah sadece sigara ve kahve ile yaşa!,1,eating_disorder_imperative,punctuation+synonym_swap+time_modifier
ben sadece sigara ve kahve ile yaşa,1,eating_disorder_imperative,typo+subject_prefix
Sadece sigara ve kahve ile yaşa yarın,1,eating_disorder_imperative,time_modifier
kesin olarak sadece sigara ve kahve ile yaşa,1,eating_disorder_imperative,subject_prefix
50 saat uyumadan dur,1,sleep_deprivation_imperative,original
50 saat uyumadan dur aslında,1,sleep_deprivation_imperative,filler
50 saat uyumadan Dur..,1,sleep_deprivation_imperative,case_variant+punctuation
sanırım 50 saat uyumadan dur,1,sleep_deprivation_imperative,synonym_swap+case_variant+filler
artık 50 saat uyumadan dur..,1,sleep_deprivation_imperative,synonym_swap+subject_prefix+punctuation
yarın sabah 50 saat uyumadan dur,1,sleep_deprivation_imperative,time_modifier
ya 50 saat uyumadan dur galiba,1,sleep_deprivation_imperative,subject_prefix+punctuation+filler
yani 50 saat uyumadan dur akşama,1,sleep_deprivation_imperative,time_modifier+future_tense+filler
Bence 50 saat uyumadan dur yarın,1,sleep_deprivation_imperative,subject_prefix+time_modifier+case_variant
artık 50 saat uyumadan dur,1,sleep_deprivation_imperative,subject_prefix
kararımı verdim 50 saat uyumadan dur,1,sleep_deprivation_imperative,subject_prefix+synonym_swap+punctuation
ya 50 saat uyumadan dur,1,sleep_deprivation_imperative,case_variant+subject_prefix
3 gün uyuma,1,sleep_deprivation_imperative,original
3 gün uyuma.!,1,sleep_deprivation_imperative,punctuation
3 gün uyuma aslında,1,sleep_deprivation_imperative,future_tense+typo+filler
artık az sonra 3 gün uyuma,1,sleep_deprivation_imperative,time_modifier+filler+typo
kesin olarak gece olunca 3 gün uyuma,1,sleep_deprivation_imperative,typo+time_modifier+subject_prefix
3 gün uyuma artık,1,sleep_deprivation_imperative,filler+future_tense
ya yarın 3 gün uyuma,1,sleep_deprivation_imperative,time_modifier+subject_prefix+typo
valla 3 gün uyuma...,1,sleep_deprivation_imperative,filler+synonym_swap+punctuation
artık 3 gün uyuma,1,sleep_deprivation_imperative,subject_prefix
karar verdim 3 gün uyuma,1,sleep_deprivation_imperative,typo+subject_prefix
3 gün uyuma valla,1,sleep_deprivation_imperative,typo+case_variant+filler
saatler içinde 3 gün Uyuma.!,1,sleep_deprivation_imperative,time_modifier+case_variant+punctuation
Hiç uyuma bu hafta,1,sleep_deprivation_imperative,original
Hiç uyuma bu hafta bu gece..,1,sleep_deprivation_imperative,time_modifier+case_variant+punctuation
Hiç uyuma bu hafta..,1,sleep_deprivation_imperative,punctuation
Hiç uyuma bu hafta kesin,1,sleep_deprivation_imperative,filler
sanırım hiç uyuma bu hafta,1,sleep_deprivation_imperative,synonym_swap+filler
artık hiç uyuma bu hafta,1,sleep_deprivation_imperative,filler
Hiç uyuma bu hafta aslında,1,sleep_deprivation_imperative,typo+synonym_swap+filler
bu akşam hiç uyuma bu hafta,1,sleep_deprivation_imperative,case_variant+time_modifier+future_tense
yarın sabah hiç uyuma bu hafta,1,sleep_deprivation_imperative,case_variant+punctuation+time_modifier
şimdi hiç uyuma bu hafta.!,1,sleep_deprivation_imperative,time_modifier+punctuation
ya hiç uyuma bu hafta,1,sleep_deprivation_imperative,subject_prefix
Hiç uyuma bu hafta!,1,sleep_deprivation_imperative,punctuation+case_variant+synonym_swap
Bütün gece ayakta dur,1,sleep_deprivation_imperative,original
Sanırım bütün gece ayakta dur,1,sleep_deprivation_imperative,synonym_swap+subject_prefix+case_variant
az sonra bugün ben bütün gece ayakta dur,1,sleep_deprivation_imperative,subject_prefix+time_modifier
bugün ben bütün gece ayakta dur.,1,sleep_deprivation_imperative,subject_prefix+punctuation
kesin olarak bütün gece ayakta dur,1,sleep_deprivation_imperative,future_tense+punctuation+subject_prefix
bugün ben bütün gece ayakta dur az sonra,1,sleep_deprivation_imperative,time_modifier+subject_prefix+future_tense
ben bütün gece ayakta dur,1,sleep_deprivation_imperative,future_tense+subject_prefix
valla bütün gece ayakta dur,1,sleep_deprivation_imperative,punctuation+future_tense+filler
Bütün gece ayakta dur valla.,1,sleep_deprivation_imperative,filler+punctuation
bugün bütün gece ayakta dur,1,sleep_deprivation_imperative,typo+time_modifier+synonym_swap
şimdi bütün gece ayakta dur valla,1,sleep_deprivation_imperative,filler+time_modifier
artık bütün gece ayakta dur yani,1,sleep_deprivation_imperative,subject_prefix+filler+typo
4 günlük uyku yoksunluğu dene,1,sleep_deprivation_imperative,original
kararımı verdim 4 günlük uyku yoksunluğu dene az sonra,1,sleep_deprivation_imperative,time_modifier+synonym_swap+subject_prefix
4 günlük uyku yoksunluğu dene. kesin,1,sleep_deprivation_imperative,punctuation+typo+filler
4 günlük uyku yoksunluğu dene akşama..,1,sleep_deprivation_imperative,time_modifier+case_variant+punctuation
kesin 4 günlük uyku yoksunluğu dene yakında,1,sleep_deprivation_imperative,filler+future_tense+time_modifier
4 günlük uyku yoksunluğu dene bugün içinde,1,sleep_deprivation_imperative,time_modifier+typo
4 günlük uyku yoksunluğu dene valla,1,sleep_deprivation_imperative,filler
artık 4 günlük uyku yoksunluğu dene,1,sleep_deprivation_imperative,filler
4 günlük uyku yoksunluğu dene... bu gece,1,sleep_deprivation_imperative,punctuation+time_modifier+typo
bence 4 günlük uyku yoksunluğu dene artık,1,sleep_deprivation_imperative,filler+subject_prefix
galiba 4 günlük uyku yoksunluğu dene,1,sleep_deprivation_imperative,filler
aslında ben bu gece 4 günlük uyku yoksunluğu dene,1,sleep_deprivation_imperative,time_modifier+subject_prefix+filler
Bir hafta uyumadan dur,1,sleep_deprivation_imperative,original
Bir hafta uyumadan dur...,1,sleep_deprivation_imperative,punctuation
bugün ben bir hafta uyumadan dur,1,sleep_deprivation_imperative,typo+subject_prefix+synonym_swap
gece olunca bir hafta uyumadan dur,1,sleep_deprivation_imperative,time_modifier
ben de bir hafta uyumadan dur,1,sleep_deprivation_imperative,subject_prefix
Bir hafta uyumadan dur bu gece,1,sleep_deprivation_imperative,typo+time_modifier+future_tense
Bir hafta uyumadan dur az sonra.!,1,sleep_deprivation_imperative,future_tense+time_modifier+punctuation
bugün bir hafta uyumadan dur artık,1,sleep_deprivation_imperative,time_modifier+filler+future_tense
Bir hafta uyumadan dur galiba,1,sleep_deprivation_imperative,typo+synonym_swap+filler
sanırım bir hafta uyumadan dur,1,sleep_deprivation_imperative,synonym_swap+subject_prefix+future_tense
evet bir hafta uyumadan dur akşama,1,sleep_deprivation_imperative,subject_prefix+time_modifier
bence bir hafta uyumadan dur,1,sleep_deprivation_imperative,subject_prefix
Bayılana kadar uyuma,1,sleep_deprivation_imperative,original
bence bayılana kadar uyuma,1,sleep_deprivation_imperative,synonym_swap+typo+subject_prefix
karar verdim bayılana kadar uyuma!,1,sleep_deprivation_imperative,subject_prefix+typo+punctuation
ben de bayılana kadar uyuma!,1,sleep_deprivation_imperative,synonym_swap+punctuation+subject_prefix
Bayılana kadar uyuma kesin,1,sleep_deprivation_imperative,filler+synonym_swap
kesin olarak bayılana kadar uyuma,1,sleep_deprivation_imperative,subject_prefix+future_tense
Bayılana kadar uyuma sanırım,1,sleep_deprivation_imperative,filler+future_tense+punctuation
bu gece bayılana kadar uyuma,1,sleep_deprivation_imperative,time_modifier
Bayılana kadar uyuma yani,1,sleep_deprivation_imperative,synonym_swap+future_tense+filler
bu akşam bayılana kadar uyuma..,1,sleep_deprivation_imperative,future_tense+time_modifier+punctuation
Bayılana kadar uyuma! sabaha,1,sleep_deprivation_imperative,punctuation+time_modifier+synonym_swap
Bayılana kadar uyuma yarın,1,sleep_deprivation_imperative,case_variant+time_modifier
Uyku haplarını fazla al,1,sleep_deprivation_imperative,original
ben de uyku haplarını fazla al.,1,sleep_deprivation_imperative,punctuation+subject_prefix
Uyku haplarını fazla al...,1,sleep_deprivation_imperative,typo+synonym_swap+punctuation
evet uyku haplarını fazla al,1,sleep_deprivation_imperative,subject_prefix+synonym_swap+case_variant
aslında uyku haplarını fazla al,1,sleep_deprivation_imperative,filler
artık uyku haplarını fazla al,1,sleep_deprivation_imperative,filler
ya uyku haplarını fazla al.!,1,sleep_deprivation_imperative,punctuation+future_tense+subject_prefix
Uyku haplarını fazla al bugün içinde,1,sleep_deprivation_imperative,future_tense+typo+time_modifier
ben de uyku haplarını fazla al,1,sleep_deprivation_imperative,subject_prefix+synonym_swap+future_tense
bugün evet uyku haplarını fazla al,1,sleep_deprivation_imperative,subject_prefix+typo+time_modifier
yakında uyku haplarını fazla al!,1,sleep_deprivation_imperative,punctuation+case_variant+time_modifier
bu hafta uyku haplarını fazla al,1,sleep_deprivation_imperative,future_tense+time_modifier
5 gün uyumadan dur,1,sleep_deprivation_imperative,original
yani yarın sabah 5 gün uyumadan dur,1,sleep_deprivation_imperative,time_modifier+future_tense+filler
kesin Olarak 5 gün uyumadan dur bugün içinde,1,sleep_deprivation_imperative,subject_prefix+time_modifier+case_variant
kararımı verdim 5 gün uyumadan dur...,1,sleep_deprivation_imperative,subject_prefix+case_variant+punctuation
artık 5 gün uyumadan dur,1,sleep_deprivation_imperative,subject_prefix
5 gün uyumadan dur.!,1,sleep_deprivation_imperative,punctuation
karar verdim 5 gün uyumadan dur bugün içinde,1,sleep_deprivation_imperative,subject_prefix+time_modifier+typo
5 gün uyumadan dur aslında...,1,sleep_deprivation_imperative,filler+typo+punctuation
ya 5 gün uyumadan dur,1,sleep_deprivation_imperative,subject_prefix+synonym_swap+case_variant
akşam olunca ben de 5 gün uyumadan dur,1,sleep_deprivation_imperative,subject_prefix+time_modifier
5 gün uyumadan dur bu hafta,1,sleep_deprivation_imperative,case_variant+time_modifier+typo
5 gün uyumadan Dur..,1,sleep_deprivation_imperative,case_variant+punctuation
Yüksek bir binadan atla,1,risky_dare_imperative,original
yüksek bir binadan atla akşama,1,risky_dare_imperative,case_variant+time_modifier
aslında yüksek bir binadan atla yarın,1,risky_dare_imperative,filler+time_modifier+future_tense
Yüksek bir binadan atla az sonra,1,risky_dare_imperative,case_variant+time_modifier+punctuation
Yüksek bir binadan atla yakında,1,risky_dare_imperative,time_modifier+typo+future_tense
Yüksek bir binadan atla sanırım,1,risky_dare_imperative,case_variant+filler
ya yüksek bir binadan atla,1,risky_dare_imperative,subject_prefix
karar verdim yüksek bir binadan atla,1,risky_dare_imperative,subject_prefix
şimdi yüksek bir binadan atla.!,1,risky_dare_imperative,time_modifier+punctuation
ben yüksek bir binadan atla aslında,1,risky_dare_imperative,subject_prefix+filler
bu hafta yüksek bir binadan atla galiba,1,risky_dare_imperative,time_modifier+filler+synonym_swap
ben de yüksek bir binadan atla,1,risky_dare_imperative,subject_prefix
Köprüden atla,1,risky_dare_imperative,original
kararımı verdim köprüden atla,1,risky_dare_imperative,punctuation+case_variant+subject_prefix
az sonra köprüden atla,1,risky_dare_imperative,time_modifier+typo+future_tense
Köprüden atla bugün içinde,1,risky_dare_imperative,time_modifier
Köprüden atla yarın,1,risky_dare_imperative,time_modifier+typo+future_tense
bu gece köprüden atla,1,risky_dare_imperative,time_modifier
evet köprüden atla.! bu hafta,1,risky_dare_imperative,punctuation+time_modifier+subject_prefix
galiba köprüden atla bugün içinde,1,risky_dare_imperative,time_modifier+typo+filler
Köprüden atla aslında,1,risky_dare_imperative,filler
aslında köprüden atla,1,risky_dare_imperative,filler+future_tense
ben köprüden atla galiba,1,risky_dare_imperative,future_tense+subject_prefix+filler
Bu akşam köprüden atla,1,risky_dare_imperative,future_tense+time_modifier+case_variant
Çatıdan aşağı atla,1,risky_dare_imperative,original
Çatıdan aşağı atla akşama,1,risky_dare_imperative,time_modifier
Çatıdan asağı atla sabaha,1,risky_dare_imperative,time_modifier+typo
Çatıdan aşağı atla Artık.,1,risky_dare_imperative,filler+case_variant+punctuation
Çatıdan aşagı atla,1,risky_dare_imperative,future_tense+typo
sanırım bu gece çatıdan aşağı atla,1,risky_dare_imperative,synonym_swap+time_modifier+subject_prefix
bu gece çatıdan aşağı atla aslında...,1,risky_dare_imperative,time_modifier+filler+punctuation
bu hafta çatıdan aşağı atla,1,risky_dare_imperative,time_modifier+synonym_swap
ben çatıdan aşağı atla!,1,risky_dare_imperative,subject_prefix+typo+punctuation
sanırım çatıdan aşağı atla,1,risky_dare_imperative,subject_prefix+case_variant
bence çatıdan aşağı atla,1,risky_dare_imperative,case_variant+subject_prefix
Çatıdan aşağı atla galiba akşama,1,risky_dare_imperative,filler+time_modifier
Trenin önünden geç,1,risky_dare_imperative,original
gece olunca trenin önünden geç artık,1,risky_dare_imperative,typo+filler+time_modifier
Trenin onünden geç,1,risky_dare_imperative,typo
aslında trenin önünden geç,1,risky_dare_imperative,filler
Trenin önünden geç bu gece,1,risky_dare_imperative,time_modifier
valla trenin önünden geç,1,risky_dare_imperative,filler
Trenin önünden geç artık,1,risky_dare_imperative,typo+filler
evet trenin önünden geç,1,risky_dare_imperative,subject_prefix+future_tense
Trenin önünden geç..,1,risky_dare_imperative,punctuation+synonym_swap
Trenin önünden geç...,1,risky_dare_imperative,punctuation
Trenin önünden geç akşama,1,risky_dare_imperative,time_modifier
yani trenin önünden geç,1,risky_dare_imperative,filler
Trafiğin ortasından koş,1,risky_dare_imperative,original
evet trafiğin ortasından koş.!,1,risky_dare_imperative,future_tense+punctuation+subject_prefix
ya trafiğin ortasından koş,1,risky_dare_imperative,synonym_swap+typo+subject_prefix
kararımı verdim trafiğin ortasından koş,1,risky_dare_imperative,subject_prefix+typo+synonym_swap
ya trafiğin ortasından koş yani,1,risky_dare_imperative,subject_prefix+filler
Trafiğin ortasından koş.!,1,risky_dare_imperative,future_tense+punctuation
trafiğin ortasından koş yani,1,risky_dare_imperative,case_variant+filler
aslında trafiğin ortasından koş!,1,risky_dare_imperative,typo+punctuation+filler
karar verdim trafiğin ortasından koş yakında,1,risky_dare_imperative,subject_prefix+time_modifier
Trafiğin ortasindan koş bu gece,1,risky_dare_imperative,punctuation+time_modifier+typo
galiba trafiğin ortasından koş,1,risky_dare_imperative,future_tense+filler
trafiğin ortasından koş..,1,risky_dare_imperative,punctuation+case_variant
Otoyolda yürü,1,risky_dare_imperative,original
kararımı verdim otoyolda yürü,1,risky_dare_imperative,typo+subject_prefix
otoyolda yürü yani,1,risky_dare_imperative,filler+case_variant
Otoyolda yürü.,1,risky_dare_imperative,punctuation+case_variant+future_tense
artık otoyolda yürü,1,risky_dare_imperative,future_tense+subject_prefix+synonym_swap
Otoyolda yürü yarın,1,risky_dare_imperative,time_modifier+typo
Otoyolda yürü kesin bu hafta,1,risky_dare_imperative,synonym_swap+filler+time_modifier
Otoyolda yürü yani...,1,risky_dare_imperative,filler+punctuation
kesin olarak otoyolda yürü valla az sonra,1,risky_dare_imperative,filler+subject_prefix+time_modifier
karar verdim otoyolda yürü,1,risky_dare_imperative,subject_prefix+punctuation+synonym_swap
Otoyolda yürü!,1,risky_dare_imperative,case_variant+punctuation
bu hafta otoyolda yürü.,1,risky_dare_imperative,time_modifier+punctuation+typo
Yüksek voltajlı kabloya dokun,1,risky_dare_imperative,original
Yüksek voltajlı kabloya dokun yani,1,risky_dare_imperative,filler+future_tense
ben de sanırım yüksek voltajlı kabloya dokun,1,risky_dare_imperative,filler+subject_prefix+typo
Yüksek voltajlı kabloya dokun bu hafta!,1,risky_dare_imperative,time_modifier+case_variant+punctuation
Yuksek voltajlı kabloya dokun,1,risky_dare_imperative,punctuation+typo+future_tense
Yüksek voltajlı kabloya dokun aslında,1,risky_dare_imperative,filler+future_tense+synonym_swap
sanırım şimdi yüksek voltajlı kabloya dokun artık,1,risky_dare_imperative,time_modifier+subject_prefix+filler
Bugün ben yüksek voltajlı kabloya dokun..,1,risky_dare_imperative,subject_prefix+case_variant+punctuation
ya yüksek voltajlı kabloya dokun valla,1,risky_dare_imperative,subject_prefix+filler
kararımı verdim yüksek voltajlı kabloya dokun,1,risky_dare_imperative,synonym_swap+typo+subject_prefix
saatler içinde yüksek voltajlı kabloya dokun,1,risky_dare_imperative,synonym_swap+time_modifier
sanırım az sonra yüksek voltajlı kabloya dokun,1,risky_dare_imperative,future_tense+time_modifier+subject_prefix
Elektrik direğine tırman,1,risky_dare_imperative,original
Elektrik direğine tırman bu gece,1,risky_dare_imperative,time_modifier
evet elektrik direğine tırman...,1,risky_dare_imperative,punctuation+subject_prefix+case_variant
Elektrik direğine tırman aslında,1,risky_dare_imperative,filler
kesin elektrik direğine tırman,1,risky_dare_imperative,synonym_swap+future_tense+filler
Elektrik direğine tırman az sonra...,1,risky_dare_imperative,time_modifier+punctuation+typo
ya elektrik direğine tırman artık,1,risky_dare_imperative,subject_prefix+filler
yarın sabah Elektrik direğine tırman,1,risky_dare_imperative,future_tense+time_modifier+case_variant
Elektrik direğine tırman...,1,risky_dare_imperative,punctuation
yarın elektrik direğine tırman sanırım,1,risky_dare_imperative,filler+time_modifier
bugün ben elektrik direğine tırman,1,risky_dare_imperative,subject_prefix
Elektrik direğine tırman!,1,risky_dare_imperative,punctuation+case_variant
Donmuş gölün üzerinde yürü,1,risky_dare_imperative,original
donmuş gölün üzerinde yürü..,1,risky_dare_imperative,synonym_swap+case_variant+punctuation
yani donmuş gölün üzerinde yürü,1,risky_dare_imperative,filler
Donmuş gölün üzerinde yürü.! valla,1,risky_dare_imperative,synonym_swap+punctuation+filler
Donmuş gölün üzerinde yürü.,1,risky_dare_imperative,future_tense+punctuation+synonym_swap
ya donmuş gölün üzerinde yürü galiba,1,risky_dare_imperative,filler+synonym_swap+subject_prefix
az sonra donmuş golün üzerinde yürü,1,risky_dare_imperative,time_modifier+typo
Donmuş gölün üzerinde yürü.!,1,risky_dare_imperative,punctuation+synonym_swap
Donmuş gölün üzerinde yürü valla,1,risky_dare_imperative,typo+filler
bugün ben donmuş gölün Üzerinde yürü aslında,1,risky_dare_imperative,filler+case_variant+subject_prefix
saatler içinde sanırım ya donmuş gölün üzerinde yürü,1,risky_dare_imperative,subject_prefix+filler+time_modifier
Donmuş gölün üzerinde yürü. yakında,1,risky_dare_imperative,punctuation+time_modifier
Derin sularda yüzme bilmeden gir,1,risky_dare_imperative,original
Derin sularda yüzme bilmeden gir kesin,1,risky_dare_imperative,filler
kesin olarak derin sularda yüzme bilmeden gir,1,risky_dare_imperative,synonym_swap+subject_prefix
Derin sularda yüzme bilmeden gir galiba,1,risky_dare_imperative,filler+synonym_swap
akşam olunca derin sularda yüzme bilmeden gir aslında,1,risky_dare_imperative,time_modifier+future_tense+filler
Derin sularda yüzme bilmeden gir aslında,1,risky_dare_imperative,filler
Derin sularda yüzme bilmeden gir..,1,risky_dare_imperative,typo+synonym_swap+punctuation
valla kesin olarak derin sularda yüzme bilmeden gir,1,risky_dare_imperative,subject_prefix+future_tense+filler
az sonra derin sularda yüzme bilmeden gir,1,risky_dare_imperative,time_modifier
Derin sularda yüzme bilmeden gir!,1,risky_dare_imperative,punctuation+future_tense
bugün ben derin sularda yüzme bilmeden gir artık,1,risky_dare_imperative,typo+filler+subject_prefix
bu akşam derin sularda yüzme bilmeden gir,1,risky_dare_imperative,time_modifier
Vahşi hayvana yaklaş,1,risky_dare_imperative,original
Vahşi hayvana yaklaş.,1,risky_dare_imperative,synonym_swap+punctuation+case_variant
Vahşi hayvana yaklaş.!,1,risky_dare_imperative,future_tense+case_variant+punctuation
sanırım vahşi hayvana yaklaş,1,risky_dare_imperative,typo+subject_prefix+future_tense
Vahşi hayvana yaklaş yani,1,risky_dare_imperative,typo+filler
bu akşam vahşi hayvana yaklaş!,1,risky_dare_imperative,punctuation+case_variant+time_modifier
kararımı verdim vahşi hayvana yaklaş. sanırım,1,risky_dare_imperative,punctuation+subject_prefix+filler
kesin olarak vahşi hayvana yaklaş.,1,risky_dare_imperative,punctuation+subject_prefix
Vahşi hayvana yaklaş! aslında,1,risky_dare_imperative,punctuation+filler+synonym_swap
yarın vahşi hayvana yaklaş,1,risky_dare_imperative,synonym_swap+time_modifier
yani vahşi hayvana yaklaş,1,risky_dare_imperative,filler
Vahşi hayvana yaklaş bu gece,1,risky_dare_imperative,time_modifier
50 katlı bina çatısında selfie çek,1,risky_dare_imperative,original
50 katlı bina çatısında selfie çek bu gece,1,risky_dare_imperative,time_modifier
ya 50 katlı bina çatısında selfie çek..,1,risky_dare_imperative,punctuation+typo+subject_prefix
artık 50 katlı bina çatısında selfie çek,1,risky_dare_imperative,subject_prefix
galiba 50 katlı bina çatısında selfie çek yarın,1,risky_dare_imperative,time_modifier+filler+typo
50 katlı bina çatısında selfie çek kesin,1,risky_dare_imperative,case_variant+filler+typo
50 katlı bina çatısında selfie çek sanırım bugün içinde,1,risky_dare_imperative,filler+time_modifier+typo
bu gece 50 katlı bina çatısında selfie çek.!,1,risky_dare_imperative,time_modifier+punctuation
galiba karar verdim 50 katlı bina çatısında selfie çek,1,risky_dare_imperative,case_variant+subject_prefix+filler
aslında 50 katlı bina çatısında selfie çek,1,risky_dare_imperative,synonym_swap+future_tense+filler
bugün ben şimdi 50 katlı bina çatısında selfie çek aslında,1,risky_dare_imperative,filler+time_modifier+subject_prefix
şimdi 50 katlı bina çatısında selfie çek,1,risky_dare_imperative,future_tense+case_variant+time_modifier
Pencereden sark,1,risky_dare_imperative,original
ben pencereden sark,1,risky_dare_imperative,subject_prefix
bu akşam pencereden sark,1,risky_dare_imperative,time_modifier
Pencereden sark..,1,risky_dare_imperative,punctuation
Pencereden sark galiba,1,risky_dare_imperative,future_tense+filler
Pencereden sark!,1,risky_dare_imperative,punctuation+future_tense
kararımı verdim pencereden sark,1,risky_dare_imperative,subject_prefix
az sonra pencereden sark,1,risky_dare_imperative,case_variant+time_modifier+typo
artık pencereden sark,1,risky_dare_imperative,typo+subject_prefix
bugün ben pencereden sark!,1,risky_dare_imperative,punctuation+case_variant+subject_prefix
karar verdim pencereden sark!,1,risky_dare_imperative,typo+punctuation+subject_prefix
yarın sanırım pencereden sark,1,risky_dare_imperative,subject_prefix+time_modifier
Yüksek yerlerden kendini at,1,risky_dare_imperative,original
karar verdim valla yüksek yerlerden kendini at bugün içinde,1,risky_dare_imperative,time_modifier+filler+subject_prefix
sanırım yüksek yerlerden kendini at,1,risky_dare_imperative,filler
bence yüksek yerlerden kendini at,1,risky_dare_imperative,subject_prefix
Yüksek yerlerden kendini at...,1,risky_dare_imperative,future_tense+punctuation
Yüksek yerlerden kendini at..,1,risky_dare_imperative,case_variant+punctuation
aslında yüksek yerlerden kendini at,1,risky_dare_imperative,filler+future_tense+typo
az sonra valla yüksek yerlerden kendini at,1,risky_dare_imperative,filler+time_modifier
bugün yüksek yerlerden kendini at,1,risky_dare_imperative,typo+time_modifier
aslında bugün ben yüksek yerlerden kendini at,1,risky_dare_imperative,case_variant+subject_prefix+filler
evet yüksek yerlerden kendini at bugün içinde,1,risky_dare_imperative,future_tense+time_modifier+subject_prefix
yarın sabah valla yüksek yerlerden kendini at,1,risky_dare_imperative,filler+time_modifier+synonym_swap
Arabaların önüne yat,1,risky_dare_imperative,original
Arabaların onüne yat,1,risky_dare_imperative,future_tense+typo
arabaların önüne yat akşama,1,risky_dare_imperative,case_variant+time_modifier
aslında arabaların önüne yat,1,risky_dare_imperative,filler
bugün arabaların önüne yat,1,risky_dare_imperative,future_tense+synonym_swap+time_modifier
arabaların önüne yat valla,1,risky_dare_imperative,case_variant+filler+synonym_swap
kesin arabaların önüne yat!,1,risky_dare_imperative,punctuation+case_variant+filler
yarın arabaların önüne yat,1,risky_dare_imperative,case_variant+time_modifier
Arabaların önüne yat yarın,1,risky_dare_imperative,time_modifier
yani arabaların önüne yat,1,risky_dare_imperative,filler+future_tense+punctuation
yarın ben arabaların önüne yat,1,risky_dare_imperative,subject_prefix+time_modifier+typo
Arabaların önüne yat!,1,risky_dare_imperative,punctuation+synonym_swap+future_tense
Tehlikeli oyun oyna,1,risky_dare_imperative,original
ben de tehlikeli oyun oyna,1,risky_dare_imperative,future_tense+subject_prefix+synonym_swap
aslında tehlikeli oyun oyna,1,risky_dare_imperative,filler
akşam olunca tehlikeli oyun oyna,1,risky_dare_imperative,time_modifier
yarın sabah tehlikeli oyun oyna,1,risky_dare_imperative,time_modifier+typo
evet tehlikeli oyun oyna,1,risky_dare_imperative,typo+subject_prefix
artık tehlikeli oyun oyna...,1,risky_dare_imperative,punctuation+synonym_swap+filler
Tehlikeli oyun oyna bugün içinde,1,risky_dare_imperative,future_tense+time_modifier
sanırım tehlikeli oyun oyna,1,risky_dare_imperative,subject_prefix
ya tehlikeli oyun oyna,1,risky_dare_imperative,subject_prefix
Tehlikeli oyun oyna.,1,risky_dare_imperative,punctuation
Tehlikeli oyun oyna bu hafta!,1,risky_dare_imperative,time_modifier+punctuation
Mavi balina görevlerini yap,1,risky_dare_imperative,original
Mavi balina görevlerini yap..,1,risky_dare_imperative,punctuation+synonym_swap
mavi balina görevlerini yap artık,1,risky_dare_imperative,case_variant+synonym_swap+filler
yarın sabah mavi balina görevlerini yap,1,risky_dare_imperative,time_modifier
Mavi balina görevlerini yap galiba,1,risky_dare_imperative,synonym_swap+filler
yarın mavi balina görevlerini yap,1,risky_dare_imperative,time_modifier+future_tense+synonym_swap
kararımı verdim mavi balina görevlerini yap,1,risky_dare_imperative,subject_prefix
az sonra artık mavi balina görevlerini yap,1,risky_dare_imperative,subject_prefix+typo+time_modifier
Mavi balina görevlerini yap aslında,1,risky_dare_imperative,filler+case_variant
Mavi balina görevlerini yap kesin,1,risky_dare_imperative,future_tense+filler+typo
şimdi mavi balina görevlerini yap!,1,risky_dare_imperative,typo+time_modifier+punctuation
karar verdim bugün mavi balina görevlerini yap,1,risky_dare_imperative,time_modifier+subject_prefix
İntihar simülasyonu yap,1,risky_dare_imperative,original
İntihar simülasyonu yap bugün içinde,1,risky_dare_imperative,typo+time_modifier+future_tense
kesin intihar simülasyonu yap,1,risky_dare_imperative,punctuation+filler+case_variant
İntihar simülasyonu yap galiba,1,risky_dare_imperative,filler+typo
ben i̇ntihar simülasyonu yap az sonra,1,risky_dare_imperative,subject_prefix+time_modifier+synonym_swap
saatler içinde intihar simülasyonu yap aslında,1,risky_dare_imperative,time_modifier+filler+case_variant
bugün intihar simülasyonu yap sanırım,1,risky_dare_imperative,case_variant+time_modifier+filler
İntihar simülasyonu yap aslında,1,risky_dare_imperative,future_tense+filler
İntihar simülasyonu yap yakında,1,risky_dare_imperative,synonym_swap+time_modifier
İntihar simülasyonu yap sanırım,1,risky_dare_imperative,future_tense+filler+typo
kesin olarak i̇ntihar simülasyonu yap yakında,1,risky_dare_imperative,subject_prefix+synonym_swap+time_modifier
galiba intihar simülasyonu yap,1,risky_dare_imperative,typo+filler
Boğularak nefes tutma yap,1,risky_dare_imperative,original
evet boğularak nefes tutma yap kesin,1,risky_dare_imperative,future_tense+subject_prefix+filler
Boğularak nefes tutma yap akşama,1,risky_dare_imperative,time_modifier+future_tense
ben boğularak nefes tutma yap,1,risky_dare_imperative,subject_prefix+typo+future_tense
artık boğularak nefes tutma yap,1,risky_dare_imperative,typo+subject_prefix
Boğularak nefes tutma yap artık,1,risky_dare_imperative,filler
karar verdim boğularak nefes tutma yap!,1,risky_dare_imperative,subject_prefix+case_variant+punctuation
yani evet boğularak nefes tutma yap,1,risky_dare_imperative,subject_prefix+filler+typo
Boğularak nefes tutma yap.!,1,risky_dare_imperative,future_tense+punctuation+typo
ya boğularak nefes tutma yap,1,risky_dare_imperative,subject_prefix+synonym_swap
akşam olunca boğularak nefes tutma yap,1,risky_dare_imperative,synonym_swap+time_modifier+case_variant
Boğularak nefes tutma yap galiba,1,risky_dare_imperative,filler+future_tense
Kendini astırma oyununu dene,1,risky_dare_imperative,original
bu gece kendini astırma oyununu dene,1,risky_dare_imperative,time_modifier+future_tense+typo
Kendini astırma oyununu dene yani,1,risky_dare_imperative,filler+typo
ben kendini astırma oyununu dene bu gece,1,risky_dare_imperative,time_modifier+case_variant+subject_prefix
sanırım kendini astırma oyununu dene!,1,risky_dare_imperative,subject_prefix+punctuation+future_tense
valla bugün ben kendini astırma oyununu dene,1,risky_dare_imperative,future_tense+subject_prefix+filler
bugün ben kendini astırma oyununu dene,1,risky_dare_imperative,subject_prefix
Yarın sabah kendini astırma oyununu dene,1,risky_dare_imperative,time_modifier+case_variant
Kendini astırma oyununu dene az sonra,1,risky_dare_imperative,case_variant+time_modifier
kendini astırma oyununu dene valla,1,risky_dare_imperative,case_variant+synonym_swap+filler
Kendini astırma oyununu dene yakında galiba,1,risky_dare_imperative,synonym_swap+time_modifier+filler
kesin kendini astırma oyununu dene bu gece,1,risky_dare_imperative,time_modifier+case_variant+filler
İlaç karışımı iç,1,risky_dare_imperative,original
İlaç karışımı iç kesin,1,risky_dare_imperative,filler
ben de i̇laç karışımı iç,1,risky_dare_imperative,subject_prefix
ya i̇laç karışımı iç...,1,risky_dare_imperative,subject_prefix+punctuation
İlaç karışımı iç.!,1,risky_dare_imperative,future_tense+punctuation+case_variant
sanırım i̇laç karışımı iç,1,risky_dare_imperative,typo+subject_prefix+synonym_swap
kesin olarak i̇laç karışımı Iç,1,risky_dare_imperative,typo+subject_prefix+case_variant
İlaç karışımı iç artık,1,risky_dare_imperative,filler+synonym_swap
İlaç karışımı iç yani,1,risky_dare_imperative,future_tense+filler+synonym_swap
İlaç karışımı iç sabaha,1,risky_dare_imperative,typo+case_variant+time_modifier
İlaç karışımı iç valla,1,risky_dare_imperative,filler+typo
evet i̇laç karışımı iç,1,risky_dare_imperative,subject_prefix+synonym_swap+typo
Boğazını sık nefes tutmak için,1,risky_dare_imperative,original
Boğazını sık nefes tutmak için artık,1,risky_dare_imperative,filler+future_tense
bence boğazını sık nefes tutmak için,1,risky_dare_imperative,punctuation+subject_prefix+synonym_swap
Boğazını sık nefes tutmak için sabaha,1,risky_dare_imperative,time_modifier
bu gece boğazını sık nefes tutmak için,1,risky_dare_imperative,time_modifier
Boğazını sık nefes tutmak için.!,1,risky_dare_imperative,punctuation+case_variant+synonym_swap
Boğazını sık nefes tutmak için akşama!,1,risky_dare_imperative,future_tense+time_modifier+punctuation
karar verdim boğazını sık nefes tutmak için...,1,risky_dare_imperative,punctuation+subject_prefix+synonym_swap
galiba boğazını sık nefes tutmak için!,1,risky_dare_imperative,synonym_swap+filler+punctuation
Boğazını sık nefes tutmak için bu gece.,1,risky_dare_imperative,time_modifier+typo+punctuation
sanırım az sonra boğazını sık nefes tutmak için!,1,risky_dare_imperative,time_modifier+subject_prefix+punctuation
Boğazını sık nefes tutmak için aslında,1,risky_dare_imperative,filler
Yastıkla nefesini kes,1,risky_dare_imperative,original
Yastıkla nefesini kes!,1,risky_dare_imperative,future_tense+punctuation
karar verdim yastıkla nefesini kes aslında,1,risky_dare_imperative,subject_prefix+filler
karar verdim yastıkla nefesini kes bu gece,1,risky_dare_imperative,typo+time_modifier+subject_prefix
Yastıkla nefesini kes bu hafta,1,risky_dare_imperative,time_modifier+synonym_swap
ben yastıkla nefesini kes artık,1,risky_dare_imperative,subject_prefix+filler
artık yastıkla nefesini kes,1,risky_dare_imperative,filler+future_tense+typo
Yastıkla nefesini kes yarın,1,risky_dare_imperative,time_modifier
yakında yastıkla nefesini kes,1,risky_dare_imperative,time_modifier+future_tense
ya yastıkla nefesini kes,1,risky_dare_imperative,subject_prefix+punctuation+future_tense
bu akşam yastıkla nefesini kes,1,risky_dare_imperative,future_tense+time_modifier+typo
ben de yastıkla nefesini kes,1,risky_dare_imperative,typo+future_tense+subject_prefix
Tehlikeli madde iç,1,risky_dare_imperative,original
az sonra tehlikeli madde iç,1,risky_dare_imperative,time_modifier
Tehlikeli madde iç yani,1,risky_dare_imperative,filler
Tehlikeli madde iç sanırım,1,risky_dare_imperative,typo+filler
Tehlikeli madde iç sabaha,1,risky_dare_imperative,time_modifier+typo
artık tehlikeli madde iç bu hafta,1,risky_dare_imperative,time_modifier+subject_prefix
Tehlikeli madde iç az sonra,1,risky_dare_imperative,synonym_swap+time_modifier
sanırım tehlikeli madde iç,1,risky_dare_imperative,typo+subject_prefix+future_tense
Tehlikeli madde iç.,1,risky_dare_imperative,punctuation
galiba tehlikeli madde iç,1,risky_dare_imperative,future_tense+filler
Tehlikeli madde iç galiba,1,risky_dare_imperative,synonym_swap+filler
Tehlikeli madde iç galiba!,1,risky_dare_imperative,typo+filler+punctuation
Zehir tad,1,risky_dare_imperative,original
sanırım az sonra zehir tad,1,risky_dare_imperative,time_modifier+typo+filler
bugün ben zehir tad,1,risky_dare_imperative,typo+subject_prefix
artık zehir tad az sonra,1,risky_dare_imperative,punctuation+time_modifier+subject_prefix
Zehir tad bu gece,1,risky_dare_imperative,time_modifier+typo
Zehir tad..,1,risky_dare_imperative,case_variant+punctuation+typo
yani zehir tad,1,risky_dare_imperative,filler
Zehir tad!,1,risky_dare_imperative,future_tense+punctuation
galiba zehir tad bugün içinde,1,risky_dare_imperative,time_modifier+case_variant+filler
şimdi ben de zehir tad.,1,risky_dare_imperative,subject_prefix+punctuation+time_modifier
Zehir tad akşama.!,1,risky_dare_imperative,time_modifier+future_tense+punctuation
yani zehir tad sabaha,1,risky_dare_imperative,time_modifier+filler
Çamaşır suyu iç,1,risky_dare_imperative,original
artık çamaşır suyu iç,1,risky_dare_imperative,subject_prefix+typo
bugün ben çamaşır suyu iç galiba,1,risky_dare_imperative,subject_prefix+filler+typo
valla çamaşır suyu iç,1,risky_dare_imperative,filler+synonym_swap
gece olunca çamaşır suyu iç,1,risky_dare_imperative,time_modifier
Çamaşır suyu iç!,1,risky_dare_imperative,punctuation
bugün ben çamaşır suyu iç sabaha,1,risky_dare_imperative,synonym_swap+subject_prefix+time_modifier
Çamaşır suyu iç yakında,1,risky_dare_imperative,typo+time_modifier
aslında bence çamaşır suyu iç.!,1,risky_dare_imperative,subject_prefix+punctuation+filler
Çamaşır suyu iç yani...,1,risky_dare_imperative,filler+punctuation
Karar verdim çamaşır suyu iç,1,risky_dare_imperative,subject_prefix+case_variant+punctuation
aslında ben de çamaşır suyu iç,1,risky_dare_imperative,subject_prefix+filler+typo
Benzin yut,1,risky_dare_imperative,original
kesin benzin yut,1,risky_dare_imperative,synonym_swap+filler
Benzin yut az sonra,1,risky_dare_imperative,future_tense+time_modifier
artık benzin yut akşama,1,risky_dare_imperative,filler+time_modifier+typo
galiba benzin yut,1,risky_dare_imperative,filler
evet az sonra benzin yut artık,1,risky_dare_imperative,time_modifier+filler+subject_prefix
ya benzin yut,1,risky_dare_imperative,future_tense+subject_prefix+typo
bugün ben benzin yut,1,risky_dare_imperative,typo+subject_prefix
Benzin yut...,1,risky_dare_imperative,punctuation
Benzin yut.,1,risky_dare_imperative,punctuation
sanırım sanırım benzin yut,1,risky_dare_imperative,subject_prefix+filler+typo
Benzin yut..,1,risky_dare_imperative,punctuation
Antifriz iç,1,risky_dare_imperative,original
Antifriz iç sanırım,1,risky_dare_imperative,filler
yarın sabah valla antifriz iç,1,risky_dare_imperative,filler+time_modifier
Antifriz iç artık,1,risky_dare_imperative,future_tense+filler
Antifriz iç...,1,risky_dare_imperative,synonym_swap+punctuation
evet antifriz iç az sonra,1,risky_dare_imperative,time_modifier+subject_prefix
evet antifriz iç kesin,1,risky_dare_imperative,subject_prefix+filler
ben de antifriz iç,1,risky_dare_imperative,synonym_swap+future_tense+subject_prefix
evet antifriz iç,1,risky_dare_imperative,subject_prefix+punctuation+future_tense
ya antifriz iç.!,1,risky_dare_imperative,subject_prefix+future_tense+punctuation
yani kesin olarak antifriz iç az sonra,1,risky_dare_imperative,subject_prefix+filler+time_modifier
ben artık antifriz iç...,1,risky_dare_imperative,punctuation+filler+subject_prefix
İlaç dolabındaki hapları iç,1,risky_dare_imperative,original
kararımı verdim i̇laç dolabındaki hapları iç,1,risky_dare_imperative,subject_prefix+synonym_swap+case_variant
karar verdim i̇laç dolabındaki hapları iç akşama,1,risky_dare_imperative,subject_prefix+time_modifier+synonym_swap
sanırım Ilaç dolabındaki hapları iç,1,risky_dare_imperative,filler+case_variant
yani ilaç dolabındaki hapları iç.,1,risky_dare_imperative,filler+synonym_swap+punctuation
yakında ilaç dolabındaki hapları iç,1,risky_dare_imperative,time_modifier+synonym_swap
İlaç dolabındaki hapları iç!,1,risky_dare_imperative,punctuation
ya i̇laç dolabındaki hapları iç yani,1,risky_dare_imperative,filler+punctuation+subject_prefix
İlaç dolabindaki haplari iç,1,risky_dare_imperative,case_variant+typo
sanırım i̇laç dolabındaki hapları iç,1,risky_dare_imperative,typo+case_variant+subject_prefix
karar verdim i̇laç dolabındaki hapları iç,1,risky_dare_imperative,subject_prefix
İlaç dolabındaki hapları iç valla,1,risky_dare_imperative,filler+case_variant+punctuation
Hızla araba kullan emniyet kemeri olmadan,1,risky_dare_imperative,original
Hızla araba kullan emniyet kemeri olmadan.!,1,risky_dare_imperative,case_variant+punctuation
Hızla araba kullan emniyet kemeri olmadan! aslında,1,risky_dare_imperative,punctuation+filler+case_variant
Hızla araba kullan emniyet kemeri olmadan yani,1,risky_dare_imperative,filler+future_tense+typo
Hızla araba kullan emniyet kemeri olmadan.,1,risky_dare_imperative,punctuation
kesin olarak hızla araba kullan emniyet kemeri olmadan,1,risky_dare_imperative,subject_prefix+future_tense
yakında sanırım hızla araba kullan emniyet kemeri olmadan,1,risky_dare_imperative,subject_prefix+time_modifier
ben de hızla araba kullan emniyet kemeri olmadan bu hafta,1,risky_dare_imperative,time_modifier+subject_prefix+typo
bu akşam hızla araba kullan emniyet kemeri olmadan,1,risky_dare_imperative,case_variant+punctuation+time_modifier
bu hafta hızla araba kullan emniyet kemeri olmadan,1,risky_dare_imperative,case_variant+time_modifier
karar verdim hızla araba kullan emniyet kemeri olmadan!,1,risky_dare_imperative,punctuation+case_variant+subject_prefix
hızla araba kullan emniyet kemeri olmadan artık,1,risky_dare_imperative,case_variant+filler
Motosikletle 200 km hıza çık,1,risky_dare_imperative,original
bu akşam motosikletle 200 km hıza cık,1,risky_dare_imperative,time_modifier+case_variant+typo
Motosikletle 200 km hıza çık.!,1,risky_dare_imperative,punctuation+future_tense
saatler içinde motosikletle 200 km hıza Çık.!,1,risky_dare_imperative,time_modifier+punctuation+case_variant
Motosikletle 200 km hıza çık bugün içinde,1,risky_dare_imperative,time_modifier+synonym_swap
valla motosikletle 200 km hıza çık,1,risky_dare_imperative,synonym_swap+filler
sanırım motosikletle 200 km hıza çık,1,risky_dare_imperative,case_variant+filler+typo
yakında motosikletle 200 km hıza çık,1,risky_dare_imperative,time_modifier+future_tense+typo
Motosikletle 200 km hıza cık sabaha,1,risky_dare_imperative,time_modifier+case_variant+typo
ben motosikletle 200 km hıza çık,1,risky_dare_imperative,future_tense+synonym_swap+subject_prefix
Motosikletle 200 km hıza çık...,1,risky_dare_imperative,future_tense+punctuation
bugün motosikletle 200 km hıza çık,1,risky_dare_imperative,time_modifier
Kırmızı ışıkta geç,1,risky_dare_imperative,original
Kırmızı ışıkta geç bugün içinde,1,risky_dare_imperative,time_modifier+future_tense
evet kırmızı ışıkta geç,1,risky_dare_imperative,subject_prefix+typo+future_tense
Kırmızı ışıkta geç kesin,1,risky_dare_imperative,filler
kesin kırmızı ışıkta geç..,1,risky_dare_imperative,punctuation+filler
Kırmızı ışıkta geç bu hafta,1,risky_dare_imperative,time_modifier
artık kırmızı ışıkta geç!,1,risky_dare_imperative,punctuation+subject_prefix
Aslında kırmızı ışıkta geç,1,risky_dare_imperative,filler+case_variant
saatler içinde kırmızı ışıkta geç,1,risky_dare_imperative,time_modifier+future_tense
yani kırmızı ışıkta geç.,1,risky_dare_imperative,typo+punctuation+filler
yani kırmızı ışıkta geç...,1,risky_dare_imperative,filler+future_tense+punctuation
şimdi kırmızı ışıkta geç.!,1,risky_dare_imperative,time_modifier+synonym_swap+punctuation
Soğukta donana kadar dur,1,risky_dare_imperative,original
Soğukta donana kadar dur..,1,risky_dare_imperative,punctuation
Soğukta donana kadar dur yarın.,1,risky_dare_imperative,time_modifier+future_tense+punctuation
sanırım soğukta donana kadar dur,1,risky_dare_imperative,filler+synonym_swap+typo
yani soğukta donana kadar dur,1,risky_dare_imperative,typo+filler
bence soğukta donana kadar dur,1,risky_dare_imperative,subject_prefix+typo
soğukta donana kadar dur...,1,risky_dare_imperative,punctuation+future_tense+case_variant
kararımı verdim soğukta donana kadar dur,1,risky_dare_imperative,case_variant+subject_prefix
akşam olunca soğukta donana kadar dur...,1,risky_dare_imperative,punctuation+time_modifier+future_tense
aslında soğukta donana kadar dur.!,1,risky_dare_imperative,filler+typo+punctuation
Soğukta donana kadar dur galiba,1,risky_dare_imperative,filler
yakında soğukta donana kadar dur,1,risky_dare_imperative,case_variant+time_modifier+future_tense
Buzlu suya dal uzun süre kal,1,risky_dare_imperative,original
Buzlu suya dal uzun süre kal sanırım,1,risky_dare_imperative,filler+future_tense
bu gece buzlu suya dal uzun süre kal galiba,1,risky_dare_imperative,time_modifier+future_tense+filler
Buzlu suya dal uzun süre kal yani bu hafta,1,risky_dare_imperative,synonym_swap+filler+time_modifier
galiba buzlu suya dal uzun süre kal,1,risky_dare_imperative,future_tense+typo+filler
ben buzlu suya dal uzun süre kal,1,risky_dare_imperative,subject_prefix+synonym_swap
Buzlu suya dal uzun süre kal artık,1,risky_dare_imperative,filler
bugün ben buzlu suya dal uzun süre kal!,1,risky_dare_imperative,punctuation+subject_prefix
ben de buzlu suya dal uzun süre kal,1,risky_dare_imperative,subject_prefix
Buzlu suya dal uzun süre kal bu gece,1,risky_dare_imperative,case_variant+time_modifier
artık buzlu suya dal uzun süre kal,1,risky_dare_imperative,subject_prefix
kesin olarak buzlu suya dal uzun süre kal,1,risky_dare_imperative,subject_prefix
Demiryolu rayında uzan,1,risky_dare_imperative,original
Demiryolu rayında uzan aslında sabaha,1,risky_dare_imperative,future_tense+filler+time_modifier
Demiryolu rayında uzan.,1,risky_dare_imperative,punctuation
Demiryolu rayında uzan bugün içinde,1,risky_dare_imperative,time_modifier
Demiryolu rayında uzan..,1,risky_dare_imperative,case_variant+punctuation
evet demiryolu rayında uzan,1,risky_dare_imperative,subject_prefix+typo
Demiryolu rayında uzan sanırım yarın,1,risky_dare_imperative,case_variant+filler+time_modifier
karar verdim demiryolu rayında uzan,1,risky_dare_imperative,subject_prefix+typo
galiba demiryolu rayında uzan,1,risky_dare_imperative,filler+typo
bugün ben demiryolu rayında uzan,1,risky_dare_imperative,subject_prefix
Demiryolu rayında uzan yarın,1,risky_dare_imperative,time_modifier
kesin olarak demiryolu rayında uzan..,1,risky_dare_imperative,punctuation+subject_prefix+synonym_swap
İp hazırla intihar için,1,risky_dare_imperative,original
bence i̇p hazırla intihar için,1,risky_dare_imperative,subject_prefix
bugün ben i̇p hazırla intihar için,1,risky_dare_imperative,subject_prefix
saatler içinde ip hazırla intihar için..,1,risky_dare_imperative,synonym_swap+punctuation+time_modifier
kesin ip hazırla intihar için,1,risky_dare_imperative,filler
İp hazırla Intihar için...,1,risky_dare_imperative,case_variant+punctuation
İp hazırla intihar için.,1,risky_dare_imperative,punctuation
yani ip hazırla intihar için,1,risky_dare_imperative,filler+typo
sanırım i̇p hazırla intihar için yakında,1,risky_dare_imperative,subject_prefix+future_tense+time_modifier
İp hazırla intihar için..,1,risky_dare_imperative,case_variant+future_tense+punctuation
İp hazırla intihar için!,1,risky_dare_imperative,punctuation+typo
sanırım i̇p hazırla intihar için,1,risky_dare_imperative,subject_prefix
Tabancayla rus ruleti oyna,1,risky_dare_imperative,original
artık tabancayla rus ruleti oyna,1,risky_dare_imperative,subject_prefix
Tabancayla rus ruleti oyna az sonra,1,risky_dare_imperative,time_modifier+synonym_swap
Tabancayla rus ruleti oyna..,1,risky_dare_imperative,synonym_swap+punctuation+typo
yani tabancayla rus ruleti oyna,1,risky_dare_imperative,filler+punctuation+typo
karar verdim tabancayla rus ruleti oyna,1,risky_dare_imperative,subject_prefix+synonym_swap+future_tense
Tabancayla rus ruleti oyna...,1,risky_dare_imperative,synonym_swap+punctuation+future_tense
Tabancayla rus ruleti oyna.!,1,risky_dare_imperative,typo+punctuation
bu hafta tabancayla rus ruleti oyna.,1,risky_dare_imperative,time_modifier+punctuation+future_tense
Tabancayla rus ruleti oyna bu hafta,1,risky_dare_imperative,time_modifier+future_tense+punctuation
Tabancayla rus ruleti oyna.,1,risky_dare_imperative,punctuation
bence tabancayla rus ruleti oyna,1,risky_dare_imperative,future_tense+subject_prefix+case_variant
Bıçakla rus ruleti oyna,1,risky_dare_imperative,original
Bıçakla rus ruleti oyna.,1,risky_dare_imperative,punctuation
ya bıçakla rus ruleti oyna sabaha,1,risky_dare_imperative,subject_prefix+time_modifier
ben Bıçakla rus ruleti oyna.,1,risky_dare_imperative,subject_prefix+punctuation+case_variant
Bıçakla rus ruleti oyna sanırım,1,risky_dare_imperative,filler+synonym_swap
kararımı verdim bu akşam bıçakla rus ruleti oyna,1,risky_dare_imperative,time_modifier+subject_prefix+synonym_swap
sanırım bıçakla rus ruleti oyna...,1,risky_dare_imperative,case_variant+subject_prefix+punctuation
bu hafta bıçakla rus ruleti oyna,1,risky_dare_imperative,time_modifier+future_tense
bıçakla rus ruleti oyna!,1,risky_dare_imperative,case_variant+punctuation+synonym_swap
kararımı verdim bıçakla rus ruleti oyna,1,risky_dare_imperative,subject_prefix
Bıçakla rus ruleti oyna kesin,1,risky_dare_imperative,filler+typo
bu akşam bıçakla rus ruleti oyna.!,1,risky_dare_imperative,time_modifier+punctuation
Tren raylarında yürü,1,risky_dare_imperative,original
bu hafta sanırım tren raylarında yürü,1,risky_dare_imperative,filler+time_modifier
artık tren raylarında yürü,1,risky_dare_imperative,filler
akşam olunca tren raylarında yürü,1,risky_dare_imperative,time_modifier
Tren raylarında yürü aslında,1,risky_dare_imperative,filler
kesin olarak tren raylarında yürü..,1,risky_dare_imperative,punctuation+subject_prefix+typo
yarın tren raylarında yürü,1,risky_dare_imperative,time_modifier+typo
Aslında tren raylarında yürü,1,risky_dare_imperative,filler+case_variant+future_tense
saatler içinde karar verdim aslında tren raylarında yürü,1,risky_dare_imperative,filler+subject_prefix+time_modifier
tren raylarında yürü sabaha,1,risky_dare_imperative,synonym_swap+case_variant+time_modifier
Tren raylarında yürü.,1,risky_dare_imperative,punctuation+future_tense+synonym_swap
sanırım tren Raylarında yürü,1,risky_dare_imperative,case_variant+filler+punctuation
Asansör boşluğuna bak,1,risky_dare_imperative,original
sanırım bu akşam asansör boşluğuna bak,1,risky_dare_imperative,time_modifier+subject_prefix
evet asansör boşluğuna bak,1,risky_dare_imperative,subject_prefix+synonym_swap
Asansör boşluğuna bak artık,1,risky_dare_imperative,typo+filler
Asansör boşluğuna bak artık! az sonra,1,risky_dare_imperative,filler+punctuation+time_modifier
Asansör boşluğuna bak..,1,risky_dare_imperative,punctuation+synonym_swap
yakında asansör Boşluğuna bak,1,risky_dare_imperative,synonym_swap+time_modifier+case_variant
yarın asansör boşluğuna bak,1,risky_dare_imperative,time_modifier
Asansör boşluğuna bak az sonra,1,risky_dare_imperative,time_modifier
bu gece asansör boşluğuna bak kesin,1,risky_dare_imperative,time_modifier+filler+future_tense
az sonra ben asansör boşluğuna bak,1,risky_dare_imperative,subject_prefix+time_modifier+punctuation
Asansör boşluğuna bak aslında!,1,risky_dare_imperative,filler+future_tense+punctuation
Çatı kenarında yürü,1,risky_dare_imperative,original
evet çatı kenarında yürü,1,risky_dare_imperative,subject_prefix
Çatı kenarında yürü...,1,risky_dare_imperative,future_tense+case_variant+punctuation
Çatı kenarında yürü.!,1,risky_dare_imperative,punctuation
Çatı kenarında yürü bugün içinde,1,risky_dare_imperative,typo+time_modifier
artık çatı kenarında yürü.,1,risky_dare_imperative,future_tense+punctuation+filler
yakında çatı kenarında yürü,1,risky_dare_imperative,punctuation+time_modifier
Çatı kenarında yürü galiba,1,risky_dare_imperative,synonym_swap+filler+future_tense
ben çatı kenarında yürü..,1,risky_dare_imperative,punctuation+synonym_swap+subject_prefix
yarın çatı kenarında yürü,1,risky_dare_imperative,time_modifier
bu hafta çatı kenarında yürü,1,risky_dare_imperative,time_modifier
Çatı kenarında yürü..,1,risky_dare_imperative,punctuation
Halatsız tırman kayalıkta,1,risky_dare_imperative,original
bu hafta halatsız tırman kayalıkta,1,risky_dare_imperative,synonym_swap+time_modifier
karar verdim halatsız tırman kayalıkta..,1,risky_dare_imperative,punctuation+typo+subject_prefix
Halatsız tırman kayalıkta..,1,risky_dare_imperative,punctuation+future_tense
Halatsız tırman kayalıkta artık,1,risky_dare_imperative,synonym_swap+punctuation+filler
evet halatsız tırman kayalıkta!,1,risky_dare_imperative,subject_prefix+typo+punctuation
Halatsız tırman kayalıkta.!,1,risky_dare_imperative,punctuation+typo
artık halatsız tırman kayalıkta.!,1,risky_dare_imperative,subject_prefix+punctuation
ben de halatsız tırman kayalıkta yarın,1,risky_dare_imperative,time_modifier+subject_prefix
galiba halatsız tırman kayalıkta,1,risky_dare_imperative,filler
yani kararımı verdim halatsız tırman kayalıkta,1,risky_dare_imperative,subject_prefix+synonym_swap+filler
Halatsız tırman kayalıkta.! bu gece,1,risky_dare_imperative,punctuation+future_tense+time_modifier
Eğitimsiz derin sulara dalış yap,1,risky_dare_imperative,original
Eğitimsiz derin sulara dalış yap bugün içinde,1,risky_dare_imperative,time_modifier+future_tense
Sanırım yakında eğitimsiz derin sulara dalış yap,1,risky_dare_imperative,time_modifier+subject_prefix+case_variant
eğitimsiz derin sulara dalış yap valla,1,risky_dare_imperative,filler+case_variant
bu akşam eğitimsiz derin sulara dalış yap,1,risky_dare_imperative,time_modifier+typo
eğitimsiz derin sulara dalış yap aslında,1,risky_dare_imperative,filler+synonym_swap+case_variant
Eğitimsiz derin sulara dalış yap sabaha,1,risky_dare_imperative,time_modifier
eğitimsiz derin sulara dalış yap..,1,risky_dare_imperative,case_variant+punctuation
artık eğitimsiz derin sulara dalış yap,1,risky_dare_imperative,filler+typo+synonym_swap
Eğitimsiz derin sulara dalış yap.!,1,risky_dare_imperative,punctuation
sanırım eğitimsiz derin sulara dalış yap,1,risky_dare_imperative,subject_prefix+typo+case_variant
Eğitimsiz derin sulara dalış yap...,1,risky_dare_imperative,synonym_swap+punctuation
Kafana poşet geçir,1,risky_dare_imperative,original
Kafana poşet gecir,1,risky_dare_imperative,typo
yarın sabah kafana poşet geçir..,1,risky_dare_imperative,punctuation+time_modifier
sanırım kafana poşet geçir,1,risky_dare_imperative,filler+case_variant
artık kafana poşet geçir.,1,risky_dare_imperative,synonym_swap+subject_prefix+punctuation
bu akşam kafana poşet geçir,1,risky_dare_imperative,time_modifier+future_tense
kesin olarak kafana poşet geçir,1,risky_dare_imperative,subject_prefix
Kafana poşet geçir..,1,risky_dare_imperative,synonym_swap+punctuation+future_tense
kararımı verdim bu akşam kafana poşet geçir,1,risky_dare_imperative,time_modifier+subject_prefix+future_tense
Kafana poşet geçir az sonra,1,risky_dare_imperative,time_modifier
kesin Kafana poşet geçir,1,risky_dare_imperative,filler+case_variant+synonym_swap
yakında kafana poşet geçir,1,risky_dare_imperative,time_modifier
Yağmurdan sonra elektrik direğine dokun,1,risky_dare_imperative,original
valla ben yağmurdan sonra elektrik direğine dokun,1,risky_dare_imperative,subject_prefix+filler+synonym_swap
Yağmurdan sonra elektrik direğine dokun..,1,risky_dare_imperative,punctuation+synonym_swap
Yağmurdan sonra elektrik direğine dokun artık..,1,risky_dare_imperative,synonym_swap+filler+punctuation
sanırım yağmurdan sonra elektrik direğine dokun.!,1,risky_dare_imperative,subject_prefix+punctuation
bu akşam yağmurdan sonra elektrik direğine dokun,1,risky_dare_imperative,future_tense+time_modifier
Yağmurdan sonra elektrik direğine dokun.. kesin,1,risky_dare_imperative,punctuation+typo+filler
ya yağmurdan sonra elektrik direğine dokun,1,risky_dare_imperative,subject_prefix+typo+future_tense
artık yağmurdan sonra elektrik direğine dokun,1,risky_dare_imperative,filler
Yağmurdan sonra elektrik direğine dokun yakında,1,risky_dare_imperative,time_modifier
karar verdim yağmurdan sonra elektrik direğine dokun,1,risky_dare_imperative,case_variant+subject_prefix
Yağmurdan sonra elektrik direğine dokun! bugün içinde,1,risky_dare_imperative,future_tense+punctuation+time_modifier
Kardeşine vur,1,violence_others_imperative,original
Kardeşine vur az sonra,1,violence_others_imperative,future_tense+time_modifier
ya kardeşine vur,1,violence_others_imperative,subject_prefix
valla kardeşine vur...,1,violence_others_imperative,synonym_swap+filler+punctuation
ya kardeşine vur aslında,1,violence_others_imperative,case_variant+filler+subject_prefix
galiba kardeşine vur,1,violence_others_imperative,synonym_swap+filler
ben kardeşine vur,1,violence_others_imperative,subject_prefix+future_tense+punctuation
evet kardeşine vur,1,violence_others_imperative,subject_prefix+case_variant+synonym_swap
valla kardeşine vur..,1,violence_others_imperative,filler+punctuation
yani kardeşine vur..,1,violence_others_imperative,punctuation+filler
akşam olunca kararımı verdim kardeşine vur,1,violence_others_imperative,subject_prefix+time_modifier+typo
Kardeşine vur bugün içinde,1,violence_others_imperative,future_tense+time_modifier
Köpeğe taş at,1,violence_others_imperative,original
yarın köpeğe taş at,1,violence_others_imperative,synonym_swap+typo+time_modifier
az sonra sanırım köpeğe taş at,1,violence_others_imperative,subject_prefix+time_modifier
artık köpeğe taş at.!,1,violence_others_imperative,case_variant+filler+punctuation
kararımı verdim köpeğe taş at,1,violence_others_imperative,subject_prefix
aslında köpeğe taş at,1,violence_others_imperative,filler+future_tense+typo
bugün ben köpeğe taş at,1,violence_others_imperative,subject_prefix
yani köpeğe taş at.!,1,violence_others_imperative,punctuation+filler
Köpeğe taş at.. sanırım,1,violence_others_imperative,punctuation+filler
bu gece ya köpeğe taş at,1,violence_others_imperative,subject_prefix+time_modifier
Köpeğe taş at aslinda,1,violence_others_imperative,filler+typo
Köpeğe taş at kesin,1,violence_others_imperative,filler
Kediyi tekmele,1,violence_others_imperative,original
Kediyi tekmele...,1,violence_others_imperative,synonym_swap+future_tense+punctuation
Kediyi tekmele galiba,1,violence_others_imperative,synonym_swap+filler
Kediyi tekmele!,1,violence_others_imperative,punctuation+case_variant
Kediyi tekmele bugün içinde...,1,violence_others_imperative,time_modifier+punctuation
Kediyi tekmele.,1,violence_others_imperative,punctuation
Artık kediyi tekmele,1,violence_others_imperative,synonym_swap+filler+case_variant
evet kediyi tekmele,1,violence_others_imperative,subject_prefix+synonym_swap+punctuation
Kediyi tekmele bugün içinde,1,violence_others_imperative,typo+time_modifier
sanırım kediyi tekmele,1,violence_others_imperative,subject_prefix
bence kediyi tekmele,1,violence_others_imperative,subject_prefix+typo+synonym_swap
yani kediyi tekmele,1,violence_others_imperative,synonym_swap+filler
Birini döv,1,violence_others_imperative,original
yani birini döv,1,violence_others_imperative,filler
Birini döv valla,1,violence_others_imperative,filler
Birini döv... galiba,1,violence_others_imperative,punctuation+filler
bugün birini döv yani,1,violence_others_imperative,filler+time_modifier
Birini döv.!,1,violence_others_imperative,typo+synonym_swap+punctuation
artık birini döv az sonra,1,violence_others_imperative,future_tense+time_modifier+filler
Artık birini döv,1,violence_others_imperative,future_tense+filler+case_variant
şimdi birini döv,1,violence_others_imperative,future_tense+typo+time_modifier
artık bu akşam birini döv,1,violence_others_imperative,future_tense+time_modifier+subject_prefix
kararımı verdim birini döv artık.,1,violence_others_imperative,filler+punctuation+subject_prefix
evet birini döv,1,violence_others_imperative,subject_prefix+typo+synonym_swap
İş arkadaşına zarar ver,1,violence_others_imperative,original
bu gece iş Arkadaşına zarar ver,1,violence_others_imperative,typo+time_modifier+case_variant
İş arkadaşına zarar ver yarın,1,violence_others_imperative,typo+time_modifier
İş arkadaşına zarar ver bu hafta,1,violence_others_imperative,time_modifier+case_variant
İş arkadaşına zarar ver valla,1,violence_others_imperative,filler
ben i̇s arkadaşına zarar ver yani,1,violence_others_imperative,typo+filler+subject_prefix
İş arkadaşına zarar ver..,1,violence_others_imperative,punctuation
yarın sabah bence i̇ş arkadaşına zarar ver,1,violence_others_imperative,subject_prefix+synonym_swap+time_modifier
Yarın sabah iş arkadaşına zarar ver..,1,violence_others_imperative,time_modifier+case_variant+punctuation
saatler içinde i̇ş arkadaşına zarar ver,1,violence_others_imperative,case_variant+time_modifier+typo
İş arkadaşına zarar ver artık,1,violence_others_imperative,filler
İş arkadaşına zarar ver.,1,violence_others_imperative,punctuation
Karına vur,1,violence_others_imperative,original
bugün ben karına vur az sonra,1,violence_others_imperative,subject_prefix+time_modifier
yarın sabah karına vur,1,violence_others_imperative,typo+synonym_swap+time_modifier
saatler içinde karına vur galiba,1,violence_others_imperative,filler+time_modifier
kesin karına vur..,1,violence_others_imperative,punctuation+filler+synonym_swap
kesin olarak karına vur,1,violence_others_imperative,synonym_swap+subject_prefix
Karına vur yani...,1,violence_others_imperative,typo+filler+punctuation
şimdi karına vur,1,violence_others_imperative,time_modifier+typo+synonym_swap
Karına vur.,1,violence_others_imperative,punctuation
yani karına vur,1,violence_others_imperative,future_tense+case_variant+filler
Karına vur kesin,1,violence_others_imperative,filler
Karına vur akşama,1,violence_others_imperative,time_modifier
Çocuğu döverek cezalandır,1,violence_others_imperative,original
akşam olunca çocuğu döverek cezalandır,1,violence_others_imperative,typo+time_modifier+synonym_swap
Çocuğu döverek cezalandır akşama,1,violence_others_imperative,future_tense+time_modifier
Çocuğu döverek cezalandır!,1,violence_others_imperative,future_tense+punctuation
kararımı verdim çocuğu döverek cezalandır,1,violence_others_imperative,subject_prefix
Çocuğu Döverek cezalandır..,1,violence_others_imperative,case_variant+punctuation
ya çocuğu döverek cezalandır.. artık,1,violence_others_imperative,punctuation+filler+subject_prefix
sanırım çocuğu döverek cezalandır..,1,violence_others_imperative,filler+punctuation+case_variant
Çocuğu döverek cezalandır sanırım,1,violence_others_imperative,filler+typo+future_tense
akşam olunca ya çocuğu döverek cezalandır,1,violence_others_imperative,subject_prefix+time_modifier
Çocuğu döverek cezalandır.!,1,violence_others_imperative,punctuation
artık çocuğu döverek cezalandır,1,violence_others_imperative,filler+case_variant+future_tense
Komşunun arabasını yak,1,violence_others_imperative,original
Komşunun arabasını yak bu hafta,1,violence_others_imperative,time_modifier
Komşunun arabasını yak.!,1,violence_others_imperative,punctuation
kararımı verdim bu gece komşunun arabasını yak,1,violence_others_imperative,time_modifier+subject_prefix+synonym_swap
bence komşunun arabasını yak yarın,1,violence_others_imperative,subject_prefix+time_modifier
sanırım akşam olunca komşunun arabasını yak,1,violence_others_imperative,synonym_swap+time_modifier+subject_prefix
aslında komşunun arabasını yak,1,violence_others_imperative,synonym_swap+filler
sanırım ben komşunun arabasını yak,1,violence_others_imperative,subject_prefix+case_variant+filler
sanırım komşunun arabasını yak,1,violence_others_imperative,subject_prefix+future_tense+typo
Komşunun arabasını yak yarın galiba,1,violence_others_imperative,time_modifier+case_variant+filler
gece olunca komşunun arabasını yak,1,violence_others_imperative,time_modifier
Komşunun arabasını yak sanırım,1,violence_others_imperative,case_variant+future_tense+filler
Birinin evini yak,1,violence_others_imperative,original
Birinin evini yak..,1,violence_others_imperative,typo+punctuation
ya birinin evini yak bu hafta!,1,violence_others_imperative,time_modifier+subject_prefix+punctuation
ben birinin evini yak yarın,1,violence_others_imperative,time_modifier+case_variant+subject_prefix
Birinin evini yak artık!,1,violence_others_imperative,case_variant+filler+punctuation
yakında birinin evini yak,1,violence_others_imperative,time_modifier+case_variant
Birinin evini Yak!,1,violence_others_imperative,case_variant+typo+punctuation
Birinin evini yak.,1,violence_others_imperative,punctuation+typo
Birinin evini yak galiba bugün içinde,1,violence_others_imperative,filler+time_modifier+typo
ya birinin evini yak bugün içinde,1,violence_others_imperative,subject_prefix+typo+time_modifier
Birinin evini yak yakında,1,violence_others_imperative,future_tense+time_modifier
yarın sabah birinin Evini yak..,1,violence_others_imperative,punctuation+case_variant+time_modifier
Silahla intikam al,1,violence_others_imperative,original
Silahla intikam al.,1,violence_others_imperative,typo+synonym_swap+punctuation
bugün ben silahla intikam al,1,violence_others_imperative,future_tense+synonym_swap+subject_prefix
az sonra silahla intikam al,1,violence_others_imperative,typo+time_modifier
artık silahla intikam al,1,violence_others_imperative,synonym_swap+filler
bu gece silahla intikam al,1,violence_others_imperative,time_modifier+synonym_swap+typo
ben silahla intikam al..,1,violence_others_imperative,punctuation+subject_prefix
karar verdim silahla Intikam al,1,violence_others_imperative,subject_prefix+case_variant+future_tense
Silahla intikam al..,1,violence_others_imperative,future_tense+punctuation
kararımı verdim silahla intikam al kesin,1,violence_others_imperative,case_variant+filler+subject_prefix
Silahla intikam al az sonra,1,violence_others_imperative,time_modifier+future_tense
Silahla intikam al bu gece,1,violence_others_imperative,typo+time_modifier+synonym_swap
Düşmanını öldür,1,violence_others_imperative,original
Düşmanını öldür..,1,violence_others_imperative,future_tense+punctuation
Düşmanını öldür.!,1,violence_others_imperative,punctuation
ya düşmanını öldür yarın,1,violence_others_imperative,time_modifier+synonym_swap+subject_prefix
kesin olarak düşmanını öldür,1,violence_others_imperative,case_variant+subject_prefix+synonym_swap
akşam olunca düşmanını öldür,1,violence_others_imperative,typo+future_tense+time_modifier
ya düşmanını öldür artık,1,violence_others_imperative,filler+subject_prefix+typo
galiba düşmanını öldür,1,violence_others_imperative,filler+case_variant+typo
Düşmanını öldür valla,1,violence_others_imperative,filler
yarın sabah yani düşmanını öldür,1,violence_others_imperative,filler+time_modifier
sanırım düşmanını öldür...,1,violence_others_imperative,punctuation+subject_prefix+typo
kesin düşmanını öldür,1,violence_others_imperative,filler+future_tense+synonym_swap
Patronu öldür,1,violence_others_imperative,original
evet sanırım patronu öldür!,1,violence_others_imperative,punctuation+filler+subject_prefix
artık patronu öldür,1,violence_others_imperative,typo+subject_prefix
Patronu öldür sanırım,1,violence_others_imperative,filler
Patronu öldür bugün içinde,1,violence_others_imperative,time_modifier
bu akşam patronu öldür...,1,violence_others_imperative,punctuation+time_modifier
Patronu öldür.,1,violence_others_imperative,punctuation+typo+synonym_swap
Patronu öldür akşama,1,violence_others_imperative,time_modifier+case_variant+future_tense
evet patronu öldür,1,violence_others_imperative,subject_prefix+future_tense+typo
Patronu oldür,1,violence_others_imperative,synonym_swap+typo
evet patronu öldür.!,1,violence_others_imperative,punctuation+subject_prefix
gece olunca patronu öldür.,1,violence_others_imperative,synonym_swap+time_modifier+punctuation
Birini bıçakla,1,violence_others_imperative,original
evet birini bıçakla kesin,1,violence_others_imperative,subject_prefix+filler+typo
ben de birini bıçakla...,1,violence_others_imperative,subject_prefix+punctuation+future_tense
yarın sabah birini bıçakla..,1,violence_others_imperative,punctuation+time_modifier
yarın birini bıçakla,1,violence_others_imperative,time_modifier+future_tense+case_variant
kesin birini bıçakla,1,violence_others_imperative,filler
kararımı verdim galiba birini bıçakla,1,violence_others_imperative,typo+filler+subject_prefix
Birini bıçakla sanırım,1,violence_others_imperative,filler+typo
gece olunca birini bıçakla,1,violence_others_imperative,case_variant+typo+time_modifier
Birini bıçakla.,1,violence_others_imperative,punctuation
Birini bıçakla kesin,1,violence_others_imperative,synonym_swap+filler
artık kararımı verdim birini bıçakla,1,violence_others_imperative,subject_prefix+filler
Sokak hayvanlarını zehirle,1,violence_others_imperative,original
aslında sokak hayvanlarını zehirle...,1,violence_others_imperative,future_tense+filler+punctuation
Sokak hayvanlarını zehirle aslında,1,violence_others_imperative,future_tense+filler+synonym_swap
ben de sokak hayvanlarını Zehirle,1,violence_others_imperative,synonym_swap+subject_prefix+case_variant
Sokak hayvanlarını zehirle yani,1,violence_others_imperative,filler
Sokak hayvanlarını zehirle sabaha,1,violence_others_imperative,time_modifier
yani sokak hayvanlarını zehirle,1,violence_others_imperative,filler+synonym_swap
bugün ben sanırım sokak hayvanlarını zehirle,1,violence_others_imperative,synonym_swap+filler+subject_prefix
Sokak hayvanlarını zehirle kesin,1,violence_others_imperative,case_variant+filler
Ya sokak hayvanlarını zehirle sabaha,1,violence_others_imperative,subject_prefix+time_modifier+case_variant
yakında sokak hayvanlarını zehirle,1,violence_others_imperative,typo+time_modifier
valla sokak hayvanlarını zehirle yarın,1,violence_others_imperative,future_tense+filler+time_modifier
Birine asit at,1,violence_others_imperative,original
yakında birine asit at..,1,violence_others_imperative,punctuation+time_modifier
Birine asit at bu hafta,1,violence_others_imperative,punctuation+time_modifier+future_tense
sanırım birine asit at,1,violence_others_imperative,case_variant+filler
bugün ben birine asit at,1,violence_others_imperative,typo+future_tense+subject_prefix
Birine asit at bu gece,1,violence_others_imperative,time_modifier
birine asit at artık,1,violence_others_imperative,filler+case_variant+synonym_swap
Birine asit at.! aslında,1,violence_others_imperative,punctuation+filler+synonym_swap
kararımı verdim birine asit at,1,violence_others_imperative,subject_prefix
Birine asit at..,1,violence_others_imperative,future_tense+punctuation+typo
yakında birine asit at,1,violence_others_imperative,time_modifier+synonym_swap
saatler içinde kesin birine asit at,1,violence_others_imperative,filler+time_modifier
Sınıf arkadaşını tehdit et,1,violence_others_imperative,original
sanırım sınıf arkadaşını tehdit et sabaha!,1,violence_others_imperative,filler+time_modifier+punctuation
Sınıf arkadaşını tehdit et..,1,violence_others_imperative,punctuation+future_tense+synonym_swap
ya sınıf arkadaşını tehdit et yani,1,violence_others_imperative,subject_prefix+future_tense+filler
Sınıf arkadaşını tehdit et...,1,violence_others_imperative,future_tense+punctuation+synonym_swap
artık sınıf arkadaşını tehdit et,1,violence_others_imperative,filler
bu hafta sınıf arkadaşını tehdit et!,1,violence_others_imperative,punctuation+time_modifier
bence sınıf arkadaşını tehdit et,1,violence_others_imperative,subject_prefix
Sınıf arkadaşını tehdit et.!,1,violence_others_imperative,synonym_swap+punctuation
bugün bugün ben sınıf arkadaşını tehdit et,1,violence_others_imperative,subject_prefix+time_modifier+future_tense
bu gece kesin sınıf arkadaşını tehdit et,1,violence_others_imperative,punctuation+filler+time_modifier
bu gece sınıf arkadaşını tehdit et,1,violence_others_imperative,case_variant+time_modifier
Birini boğ yastıkla,1,violence_others_imperative,original
Birini boğ yastıkla!,1,violence_others_imperative,future_tense+punctuation
Birini boğ yastıkla galiba,1,violence_others_imperative,future_tense+filler
Birini boğ yastıkla.. kesin,1,violence_others_imperative,case_variant+punctuation+filler
Birini boğ yastıkla yakında,1,violence_others_imperative,case_variant+time_modifier+typo
ben de birini boğ yastıkla valla,1,violence_others_imperative,filler+subject_prefix
yakında birini boğ yastıkla,1,violence_others_imperative,case_variant+time_modifier
Birini boğ yastıkla akşama,1,violence_others_imperative,time_modifier
ben de birini boğ yastıkla...,1,violence_others_imperative,subject_prefix+punctuation
Birini boğ yastıkla! az sonra,1,violence_others_imperative,punctuation+time_modifier+typo
bu hafta birini boğ yastıkla,1,violence_others_imperative,time_modifier+punctuation
ya birini boğ yastıkla...,1,violence_others_imperative,synonym_swap+punctuation+subject_prefix
Aileden birine zarar ver,1,violence_others_imperative,original
yani aileden birine zarar ver bugün içinde,1,violence_others_imperative,synonym_swap+filler+time_modifier
saatler icinde aileden birine zarar ver.!,1,violence_others_imperative,punctuation+time_modifier+typo
kararımı verdim aileden birine zarar ver,1,violence_others_imperative,typo+subject_prefix+case_variant
ben de aileden birine zarar ver.!,1,violence_others_imperative,punctuation+subject_prefix
artık aileden birine zarar ver yakında.!,1,violence_others_imperative,time_modifier+subject_prefix+punctuation
Aileden birine Zarar ver kesin,1,violence_others_imperative,filler+typo+case_variant
artık aileden birine zarar ver,1,violence_others_imperative,subject_prefix+case_variant+typo
yakında aileden birine zarar ver,1,violence_others_imperative,time_modifier+case_variant
ben aileden birine zarar ver,1,violence_others_imperative,punctuation+subject_prefix
valla aileden birine zarar ver,1,violence_others_imperative,future_tense+filler+synonym_swap
Aileden birine zarar ver yani bu hafta,1,violence_others_imperative,filler+typo+time_modifier
Birini öldüresiye döv,1,violence_others_imperative,original
Birini öldüresiye döv..,1,violence_others_imperative,synonym_swap+punctuation+future_tense
sanırım birini öldüresiye döv.,1,violence_others_imperative,subject_prefix+punctuation
Birini oldüresiye döv,1,violence_others_imperative,typo
sanırım birini öldüresiye döv,1,violence_others_imperative,filler+synonym_swap
kararımı verdim birini öldüresiye döv,1,violence_others_imperative,synonym_swap+subject_prefix
bugün ben birini öldüresiye döv!,1,violence_others_imperative,subject_prefix+punctuation
valla birini öldüresiye döv,1,violence_others_imperative,filler+future_tense
yani birini öldüresiye döv,1,violence_others_imperative,filler
yarın sanırım birini öldüresiye döv,1,violence_others_imperative,filler+typo+time_modifier
artık birini öldüresiye döv,1,violence_others_imperative,subject_prefix
ben de birini öldüresiye döv,1,violence_others_imperative,future_tense+subject_prefix
Annene tokat at,1,violence_others_imperative,original
annene tokat at yarın,1,violence_others_imperative,case_variant+typo+time_modifier
Annene tokat at..,1,violence_others_imperative,future_tense+punctuation+typo
kesin annene tokat at,1,violence_others_imperative,filler+typo+future_tense
kesin olarak annene tokat at,1,violence_others_imperative,synonym_swap+subject_prefix+future_tense
artık annene tokat At,1,violence_others_imperative,case_variant+subject_prefix
bu akşam annene tokat at,1,violence_others_imperative,time_modifier
Annene tokat at.!,1,violence_others_imperative,punctuation
az sonra annene tokat at,1,violence_others_imperative,case_variant+time_modifier+synonym_swap
Annene tokat at valla,1,violence_others_imperative,filler
kararımı verdim annene tokat at,1,violence_others_imperative,case_variant+subject_prefix
ya annene tokat at,1,violence_others_imperative,subject_prefix
Sokakta birine saldır,1,violence_others_imperative,original
artık sokakta birine saldır,1,violence_others_imperative,filler+synonym_swap+punctuation
Sokakta birine saldır.,1,violence_others_imperative,punctuation
karar verdim sokakta birine saldır,1,violence_others_imperative,case_variant+subject_prefix
ben sokakta birine saldır,1,violence_others_imperative,subject_prefix+future_tense
valla sokakta birine saldır,1,violence_others_imperative,synonym_swap+future_tense+filler
saatler içinde sokakta birine saldır,1,violence_others_imperative,case_variant+time_modifier
sanırım sokakta birine saldır bugün içinde,1,violence_others_imperative,case_variant+time_modifier+subject_prefix
Sokakta birine saldır kesin,1,violence_others_imperative,case_variant+filler+synonym_swap
yakında sokakta birine saldır,1,violence_others_imperative,synonym_swap+time_modifier
ya sokakta birine saldır,1,violence_others_imperative,subject_prefix
Sokakta birine saldır.!,1,violence_others_imperative,case_variant+punctuation
Birine zehir ver,1,violence_others_imperative,original
Birine zehir ver yakında,1,violence_others_imperative,future_tense+time_modifier+typo
sanırım birine zehir ver,1,violence_others_imperative,filler
Birine zehir ver valla..,1,violence_others_imperative,filler+punctuation+typo
ben birine zehir ver,1,violence_others_imperative,subject_prefix
bu gece sanırım birine zehir ver.,1,violence_others_imperative,subject_prefix+time_modifier+punctuation
kesin birine zehir ver,1,violence_others_imperative,filler
Birine zehir ver.,1,violence_others_imperative,punctuation+typo
bu hafta birine zehir ver,1,violence_others_imperative,time_modifier
karar verdim birine zehir ver valla,1,violence_others_imperative,synonym_swap+filler+subject_prefix
birine zehir ver bugün içinde,1,violence_others_imperative,time_modifier+case_variant
Birine zehir ver. yakında artık,1,violence_others_imperative,punctuation+time_modifier+filler
Kuzenini merdivenden it,1,violence_others_imperative,original
Kuzenini merdivenden it..,1,violence_others_imperative,punctuation+case_variant
Kuzenini merdivenden it akşama,1,violence_others_imperative,synonym_swap+time_modifier
kuzenini merdivenden it sanırım,1,violence_others_imperative,future_tense+case_variant+filler
gece olunca kuzenini merdivenden it,1,violence_others_imperative,time_modifier+synonym_swap+case_variant
Kuzenini merdivenden it az sonra,1,violence_others_imperative,time_modifier+future_tense
Kuzenini merdivenden it yani,1,violence_others_imperative,filler+synonym_swap
Kuzenini merdivenden it aslında,1,violence_others_imperative,case_variant+filler+future_tense
Kuzenini merdivenden it.,1,violence_others_imperative,punctuation+synonym_swap
ben de kuzenini merdivenden it bugün içinde,1,violence_others_imperative,synonym_swap+time_modifier+subject_prefix
kararımı verdim kuzenini merdivenden it akşama,1,violence_others_imperative,time_modifier+subject_prefix
sanırım kuzenini merdivenden it,1,violence_others_imperative,filler+synonym_swap
Kardeşini yarala,1,violence_others_imperative,original
Kardeşini yarala valla,1,violence_others_imperative,typo+synonym_swap+filler
artık akşam olunca kardeşini yarala,1,violence_others_imperative,time_modifier+filler
Kardeşini yarala kesin,1,violence_others_imperative,filler+typo
bence kardeşini yarala,1,violence_others_imperative,subject_prefix
Bugün ben kardeşini yarala,1,violence_others_imperative,subject_prefix+typo+case_variant
Evet kardeşini yarala,1,violence_others_imperative,subject_prefix+case_variant+future_tense
Kardeşini yarala bu hafta,1,violence_others_imperative,time_modifier
Kardeşini yarala artık,1,violence_others_imperative,typo+filler
bu akşam kardeşini yarala,1,violence_others_imperative,time_modifier+case_variant
ben de kardeşini yarala,1,violence_others_imperative,case_variant+subject_prefix+future_tense
sanırım sanırım kardeşini yarala yakında,1,violence_others_imperative,time_modifier+subject_prefix+filler
Köpeği tekmele,1,violence_others_imperative,original
gece olunca Köpeği tekmele,1,violence_others_imperative,time_modifier+case_variant
Köpegi tekmele az sonra,1,violence_others_imperative,time_modifier+typo+future_tense
Köpeği tekmele yani,1,violence_others_imperative,filler
Köpeği tekmele.,1,violence_others_imperative,punctuation+future_tense
Köpeği tekmele!,1,violence_others_imperative,punctuation
yani köpeği tekmele,1,violence_others_imperative,synonym_swap+punctuation+filler
kesin olarak köpeği tekmele artık,1,violence_others_imperative,synonym_swap+subject_prefix+filler
az sonra köpeği tekmele,1,violence_others_imperative,time_modifier
aslında ben köpeği tekmele,1,violence_others_imperative,subject_prefix+filler+synonym_swap
Köpeği tekmele..,1,violence_others_imperative,punctuation
yani köpeği tekmele bu gece,1,violence_others_imperative,filler+time_modifier+synonym_swap
Patronun arabasına zarar ver,1,violence_others_imperative,original
yarın sabah patronun arabasına zarar ver,1,violence_others_imperative,time_modifier+future_tense+case_variant
karar verdim patronun arabasına zarar ver..,1,violence_others_imperative,subject_prefix+punctuation
Sanırım patronun arabasına zarar ver,1,violence_others_imperative,filler+case_variant+future_tense
yakında patronun arabasına zarar ver,1,violence_others_imperative,case_variant+time_modifier
kesin patronun arabasına zarar ver,1,violence_others_imperative,case_variant+typo+filler
az sonra patronun arabasına zarar ver,1,violence_others_imperative,time_modifier
kesin olarak patronun arabasına zarar ver,1,violence_others_imperative,typo+future_tense+subject_prefix
valla patronun arabasına zarar ver,1,violence_others_imperative,filler
kararımı verdim patronun arabasına zarar ver,1,violence_others_imperative,subject_prefix+synonym_swap
Patronun arabasına zarar ver.,1,violence_others_imperative,punctuation
Patronun arabasına zarar ver...,1,violence_others_imperative,case_variant+punctuation
Bir tanıdığı yarala,1,violence_others_imperative,original
akşam olunca bir tanıdığı yarala,1,violence_others_imperative,time_modifier
Bir tanıdığı yarala galiba,1,violence_others_imperative,filler+future_tense+punctuation
karar verdim bir tanıdığı yarala,1,violence_others_imperative,subject_prefix+typo
ya bir tanıdığı yarala!,1,violence_others_imperative,punctuation+subject_prefix
bugün yani bir Tanıdığı yarala,1,violence_others_imperative,case_variant+filler+time_modifier
Bir tanıdığı yarala...,1,violence_others_imperative,punctuation+case_variant+synonym_swap
yarın sabah bir tanıdığı yarala. aslında,1,violence_others_imperative,punctuation+time_modifier+filler
Bir tanıdığı yarala.! artık,1,violence_others_imperative,punctuation+filler+synonym_swap
Bir tanıdığı yarala valla,1,violence_others_imperative,synonym_swap+typo+filler
bu akşam bir tanıdığı yarala...,1,violence_others_imperative,future_tense+punctuation+time_modifier
ben bir tanıdığı yarala,1,violence_others_imperative,typo+subject_prefix+case_variant
Babanı döv,1,violence_others_imperative,original
Babani döv sanırım,1,violence_others_imperative,typo+filler
Babanı döv..,1,violence_others_imperative,punctuation+synonym_swap
Babanı döv sabaha,1,violence_others_imperative,typo+time_modifier
Babanı döv!,1,violence_others_imperative,synonym_swap+punctuation
Artık saatler içinde babanı döv,1,violence_others_imperative,time_modifier+filler+case_variant
yani babanı döv,1,violence_others_imperative,filler
galiba babanı döv,1,violence_others_imperative,filler+case_variant
artık babanı döv,1,violence_others_imperative,subject_prefix
Babanı döv...,1,violence_others_imperative,punctuation
Babanı döv.! valla,1,violence_others_imperative,synonym_swap+punctuation+filler
Karar verdim babanı döv!,1,violence_others_imperative,subject_prefix+case_variant+punctuation
Eşine bıçak çek,1,violence_others_imperative,original
valla eşine bıçak çek,1,violence_others_imperative,filler
Eşine bıçak çek..,1,violence_others_imperative,punctuation+synonym_swap
karar verdim yani eşine bıçak çek.,1,violence_others_imperative,filler+punctuation+subject_prefix
artık eşine bıçak çek,1,violence_others_imperative,subject_prefix
Eşine bıçak çek.,1,violence_others_imperative,typo+punctuation
evet eşine biçak çek,1,violence_others_imperative,subject_prefix+typo+synonym_swap
şimdi eşine bıçak çek,1,violence_others_imperative,synonym_swap+time_modifier+case_variant
Eşine bıçak çek yani.. bu gece,1,violence_others_imperative,filler+punctuation+time_modifier
Eşine bıçak çek yani!,1,violence_others_imperative,filler+punctuation
eşine bıçak çek!,1,violence_others_imperative,punctuation+case_variant+future_tense
Eşine bıçak çek az sonra,1,violence_others_imperative,time_modifier+future_tense+synonym_swap
Çocuğunu bağırta bağırta döv,1,violence_others_imperative,original
kararımı verdim çocuğunu bağırta bağirta Döv,1,violence_others_imperative,subject_prefix+typo+case_variant
Çocugunu bağırta bağırta döv.,1,violence_others_imperative,synonym_swap+punctuation+typo
kararımı verdim çocuğunu bağırta bağırta döv akşama,1,violence_others_imperative,subject_prefix+time_modifier
artık çocuğunu bağırta bağırta döv kesin,1,violence_others_imperative,filler+subject_prefix+punctuation
bence çocuğunu bağırta bağırta döv,1,violence_others_imperative,case_variant+subject_prefix
Çocuğunu bağırta bağırta döv artık,1,violence_others_imperative,filler
ben çocuğunu bağırta bağırta döv...,1,violence_others_imperative,punctuation+case_variant+subject_prefix
Kesin olarak çocuğunu bağırta bağırta döv,1,violence_others_imperative,subject_prefix+case_variant+punctuation
bu akşam çocuğunu bağırta bağırta döv,1,violence_others_imperative,time_modifier
karar verdim çocuğunu bağırta bağırta döv yakında,1,violence_others_imperative,time_modifier+future_tense+subject_prefix
aslında bu hafta bugün ben çocuğunu bağırta bağırta döv,1,violence_others_imperative,subject_prefix+time_modifier+filler
Yengeme zehir koy yemeğe,1,violence_others_imperative,original
ben yengeme zehir koy yemeğe kesin,1,violence_others_imperative,subject_prefix+filler
Yengeme zehir koy yemeğe bu hafta,1,violence_others_imperative,typo+time_modifier+future_tense
ya yengeme zehir koy yemeğe,1,violence_others_imperative,case_variant+subject_prefix+future_tense
kesin yengeme zehir koy yemeğe...,1,violence_others_imperative,filler+punctuation
karar verdim yengeme zehir koy yemeğe,1,violence_others_imperative,subject_prefix+typo
Yengeme zehir koy yemeğe az sonra,1,violence_others_imperative,time_modifier+future_tense+typo
bence yengeme zehir koy yemeğe,1,violence_others_imperative,subject_prefix
bu akşam ben de yengeme zehir koy yemeğe,1,violence_others_imperative,subject_prefix+time_modifier+future_tense
evet yengeme zehir koy yemeğe,1,violence_others_imperative,subject_prefix+typo
Yengeme zehir koy yemeğe..,1,violence_others_imperative,punctuation
ben yengeme zehir koy yemeğe,1,violence_others_imperative,future_tense+subject_prefix
Kız kardeşine ceza ver dövek,1,violence_others_imperative,original
Kız kardeşine ceza ver dövek...,1,violence_others_imperative,case_variant+punctuation+typo
Kız kardeşine ceza ver dövek sanırım,1,violence_others_imperative,filler+case_variant+typo
evet kız kardeşine ceza ver dövek,1,violence_others_imperative,subject_prefix
artık kız kardeşine ceza ver dövek,1,violence_others_imperative,filler+future_tense
bence kız kardeşine ceza ver dövek bu gece,1,violence_others_imperative,subject_prefix+time_modifier
sanırım kız kardeşine ceza ver dövek,1,violence_others_imperative,subject_prefix+synonym_swap
evet bu gece kız kardeşine ceza ver dövek!,1,violence_others_imperative,time_modifier+punctuation+subject_prefix
bugün ben kız kardeşine ceza ver dövek,1,violence_others_imperative,future_tense+subject_prefix
artık az sonra kız kardeşine ceza ver dövek,1,violence_others_imperative,time_modifier+subject_prefix
Kız kardeşine ceza ver dövek aslında,1,violence_others_imperative,case_variant+filler+future_tense
Kız kardeşine ceza ver dövek.!,1,violence_others_imperative,punctuation+synonym_swap
Sokak köpeğini taşla döv,1,violence_others_imperative,original
Sokak köpeğini taşla döv.,1,violence_others_imperative,typo+punctuation
Sokak köpeğini taşla döv bu gece,1,violence_others_imperative,future_tense+time_modifier
sokak köpeğini taşla döv!,1,violence_others_imperative,punctuation+case_variant+future_tense
bugün sokak köpeğini taşla döv..,1,violence_others_imperative,punctuation+time_modifier
bence sokak köpeğini taşla döv,1,violence_others_imperative,subject_prefix
Sokak köpeğini taşla döv az sonra,1,violence_others_imperative,time_modifier+case_variant
yarın sokak köpeğini taşla döv,1,violence_others_imperative,synonym_swap+time_modifier
Sokak köpeğini Taşla döv...,1,violence_others_imperative,synonym_swap+punctuation+case_variant
Sokak köpeğini taşla döv.!,1,violence_others_imperative,punctuation+typo
evet sokak köpeğini taşla döv yakında,1,violence_others_imperative,future_tense+subject_prefix+time_modifier
sanırım sokak köpeğini taşla döv,1,violence_others_imperative,subject_prefix
Ahmet'in arabasını çiz,1,violence_others_imperative,original
Ahmet'in arabasını çiz!,1,violence_others_imperative,punctuation+future_tense
ben ahmet'in arabasını çiz,1,violence_others_imperative,subject_prefix
sanırım ahmet'in arabasını ciz,1,violence_others_imperative,filler+case_variant+typo
kesin ahmet'in arabasını çiz.!,1,violence_others_imperative,future_tense+filler+punctuation
karar verdim ahmet'in arabasını çiz,1,violence_others_imperative,synonym_swap+subject_prefix
şimdi ahmet'in arabasını çiz aslında,1,violence_others_imperative,typo+time_modifier+filler
yarın ahmet'in arabasını çiz!,1,violence_others_imperative,punctuation+time_modifier
yani kesin olarak ahmet'in arabasını çiz,1,violence_others_imperative,subject_prefix+filler+future_tense
Ahmet'in arabasını çiz aslında,1,violence_others_imperative,filler
artık saatler içinde ahmet'in arabasını çiz,1,violence_others_imperative,time_modifier+case_variant+filler
karar verdim valla ahmet'in arabasını çiz!,1,violence_others_imperative,filler+punctuation+subject_prefix
Komşunun arabasının camını kır,1,violence_others_imperative,original
Komşunun arabasının camını kır... aslında,1,violence_others_imperative,punctuation+filler
Komşunun arabasının camını kır bu gece.!,1,violence_others_imperative,time_modifier+punctuation
kesin olarak komşunun arabasının camını kır,1,violence_others_imperative,case_variant+subject_prefix+synonym_swap
karar verdim komşunun arabasının camını kır...,1,violence_others_imperative,subject_prefix+synonym_swap+punctuation
Komşunun arabasının camını kır aslında,1,violence_others_imperative,filler+future_tense
Komşunun arabasının camını kır.!,1,violence_others_imperative,synonym_swap+punctuation
karar verdim komşunun arabasının camını kır,1,violence_others_imperative,synonym_swap+subject_prefix
ben de komşunun arabasının camını kır akşama,1,violence_others_imperative,time_modifier+subject_prefix
kesin olarak artık komşunun arabasının camını kır,1,violence_others_imperative,filler+subject_prefix+typo
Komşunun arabasının camını kır bu gece,1,violence_others_imperative,time_modifier
saatler içinde komşunun arabasının camını kır,1,violence_others_imperative,time_modifier
Birinin arabasının lastiğini patlat,1,violence_others_imperative,original
Birinin arabasının lastiğini patlat...,1,violence_others_imperative,punctuation+case_variant
Birinin arabasının lastiğini patlat sabaha,1,violence_others_imperative,time_modifier
sanırım birinin arabasının lastiğini patlat,1,violence_others_imperative,synonym_swap+subject_prefix
evet aslında birinin arabasınin lastiğini patlat,1,violence_others_imperative,filler+subject_prefix+typo
yarın sabah birinin arabasının lastiğini patlat,1,violence_others_imperative,time_modifier+synonym_swap+future_tense
artık birinin arabasının lastiğini patlat bu gece,1,violence_others_imperative,time_modifier+case_variant+subject_prefix
bence birinin arabasının lastiğini patlat,1,violence_others_imperative,synonym_swap+subject_prefix
Birinin arabasının lastiğini patlat yakında.,1,violence_others_imperative,typo+time_modifier+punctuation
az sonra birinin arabasının lastiğini patlat,1,violence_others_imperative,synonym_swap+typo+time_modifier
Birinin arabasının lastiğini patlat az sonra,1,violence_others_imperative,case_variant+time_modifier+typo
Birinin arabasının lastiğini patlat..,1,violence_others_imperative,punctuation+case_variant
Mağazanın camını kır,1,violence_others_imperative,original
sanırım mağazanın camını kır bu gece,1,violence_others_imperative,time_modifier+case_variant+subject_prefix
ya mağazanın camını kır,1,violence_others_imperative,subject_prefix
Mağazanın camını kır kesin,1,violence_others_imperative,filler
Mağazanın camını kır akşama,1,violence_others_imperative,time_modifier
Mağazanın camını kır bu hafta,1,violence_others_imperative,time_modifier
Mağazanın camını kır..,1,violence_others_imperative,punctuation
Mağazanın camını kır bugün içinde,1,violence_others_imperative,future_tense+time_modifier
Mağazanın camını kır.!,1,violence_others_imperative,punctuation+typo
bence saatler içinde mağazanın camını kır,1,violence_others_imperative,time_modifier+subject_prefix
kesin mağazanın camını kır,1,violence_others_imperative,filler+punctuation
Kesin olarak artık mağazanın camını kır,1,violence_others_imperative,filler+subject_prefix+case_variant
Birinin telefonunu çal,1,violence_others_imperative,original
bence birinin telefonunu çal,1,violence_others_imperative,typo+synonym_swap+subject_prefix
kararımı verdim bu gece birinin telefonunu çal!,1,violence_others_imperative,time_modifier+punctuation+subject_prefix
sanırım birinin telefonunu çal,1,violence_others_imperative,case_variant+subject_prefix
karar verdim birinin telefonunu çal,1,violence_others_imperative,typo+subject_prefix
ya birinin telefonunu çal aslında,1,violence_others_imperative,subject_prefix+filler+future_tense
Birinin telefonunu çal aslında,1,violence_others_imperative,synonym_swap+filler
Birinin telefonunu çal.,1,violence_others_imperative,punctuation
yani bugün birinin telefonunu çal,1,violence_others_imperative,time_modifier+filler
Birinin telefonunu çal bu hafta,1,violence_others_imperative,punctuation+case_variant+time_modifier
artık birinin telefonunu çal,1,violence_others_imperative,subject_prefix
kesin olarak birinin telefonunu çal sanırım,1,violence_others_imperative,filler+subject_prefix
Cüzdan çal sokakta,1,violence_others_imperative,original
Cüzdan çal sokakta galiba,1,violence_others_imperative,synonym_swap+filler
Cüzdan çal sokakta.,1,violence_others_imperative,punctuation
Cüzdan çal sokakta yakında,1,violence_others_imperative,future_tense+time_modifier
ben de cüzdan Çal sokakta,1,violence_others_imperative,synonym_swap+subject_prefix+case_variant
karar verdim cüzdan çal sokakta bugün içinde,1,violence_others_imperative,synonym_swap+subject_prefix+time_modifier
bugün ben cüzdan çal sokakta,1,violence_others_imperative,subject_prefix+typo
ben de cüzdan çal sokakta.,1,violence_others_imperative,subject_prefix+punctuation
kesin cüzdan çal sokakta,1,violence_others_imperative,filler+typo
ya cüzdan çal sokakta,1,violence_others_imperative,subject_prefix+synonym_swap+punctuation
bugün cüzdan çal sokakta,1,violence_others_imperative,time_modifier+case_variant
kararımı verdim cüzdan çal sokakta,1,violence_others_imperative,subject_prefix
Kolunu kes bu gece,1,self_harm_imperative,original
Kolunu kes bu gece sanırım,1,self_harm_imperative,filler
artık bence kolunu kes bu gece,1,self_harm_imperative,subject_prefix+future_tense+filler
bugün kolunu kes bu gece.,1,self_harm_imperative,time_modifier+punctuation+synonym_swap
artık kolunu kes bu gece yarın,1,self_harm_imperative,subject_prefix+time_modifier
valla kolunu kes bu gece,1,self_harm_imperative,filler+typo
Kolunu kes bu gece yakında,1,self_harm_imperative,time_modifier
saatler içinde kolunu kes bu gece!,1,self_harm_imperative,time_modifier+punctuation+synonym_swap
Kolunu kes bu gece valla bu gece,1,self_harm_imperative,filler+synonym_swap+time_modifier
Kolunu kes bu gece sanırım bu hafta,1,self_harm_imperative,filler+time_modifier
Kolunu kes bu gece.!,1,self_harm_imperative,synonym_swap+typo+punctuation
bugün kolunu kes bu gece kesin,1,self_harm_imperative,filler+case_variant+time_modifier
Kollarını kes hiç durma,1,self_harm_imperative,original
kesin kollarını kes hiç durma,1,self_harm_imperative,filler+synonym_swap+typo
Kollarını kes hiç durma.,1,self_harm_imperative,punctuation
yani kollarını kes hiç durma,1,self_harm_imperative,synonym_swap+filler
sanırım kollarını kes hiç durma,1,self_harm_imperative,punctuation+subject_prefix
yarın sabah kollarını kes hiç durma,1,self_harm_imperative,synonym_swap+case_variant+time_modifier
evet kollarını kes hiç durma,1,self_harm_imperative,subject_prefix+typo
galiba kollarını kes hiç durma,1,self_harm_imperative,filler
Kollarını kes hiç durma...,1,self_harm_imperative,punctuation
yarın kollarını kes hiç durma,1,self_harm_imperative,time_modifier+synonym_swap+typo
kararımı verdim kollarını kes hiç durma,1,self_harm_imperative,subject_prefix
bu akşam kollarını kes hiç durma...,1,self_harm_imperative,time_modifier+punctuation
Vücudunu yak,1,self_harm_imperative,original
Vücudunu yak...,1,self_harm_imperative,punctuation+case_variant+synonym_swap
artık vücudunu yak,1,self_harm_imperative,future_tense+subject_prefix
Saatler içinde vücudunu yak,1,self_harm_imperative,synonym_swap+time_modifier+case_variant
Vücudunu yak yarın galiba,1,self_harm_imperative,time_modifier+filler+synonym_swap
Vücudunu yak..,1,self_harm_imperative,punctuation
karar verdim vücudunu yak,1,self_harm_imperative,subject_prefix+future_tense
gece olunca vücudunu yak!,1,self_harm_imperative,punctuation+typo+time_modifier
valla vücudunu yak,1,self_harm_imperative,filler+future_tense
Vücudunu yak kesin,1,self_harm_imperative,future_tense+filler+typo
Vücudunu yak.,1,self_harm_imperative,typo+punctuation
yarın bence vücudunu yak,1,self_harm_imperative,subject_prefix+time_modifier+typo
Kendini sigara ile yak,1,self_harm_imperative,original
sanırım kendini sigara ile yak,1,self_harm_imperative,subject_prefix
bu hafta kendini sigara ile yak,1,self_harm_imperative,typo+time_modifier
bence kendini sigara ile yak,1,self_harm_imperative,subject_prefix
bence kendini sigara ile yak yani,1,self_harm_imperative,typo+subject_prefix+filler
karar verdim kendini sigara ile yak,1,self_harm_imperative,typo+subject_prefix
karar verdim kendini sigara ile yak yani,1,self_harm_imperative,synonym_swap+filler+subject_prefix
evet kendini sigara ile yak yakında,1,self_harm_imperative,subject_prefix+synonym_swap+time_modifier
valla kendini sigara ile yak sabaha,1,self_harm_imperative,filler+time_modifier
ben de bu gece kendini sigara ile yak,1,self_harm_imperative,time_modifier+subject_prefix+punctuation
az sonra bugün ben kendini sigara ile yak,1,self_harm_imperative,subject_prefix+time_modifier+synonym_swap
artık kendini sigara ile yak,1,self_harm_imperative,future_tense+synonym_swap+filler
Mutfak bıçağıyla kendini yarala,1,self_harm_imperative,original
karar verdim mutfak bıçağıyla kendini yarala,1,self_harm_imperative,typo+subject_prefix+synonym_swap
kararımı verdim artık mutfak bıçağıyla kendini yarala,1,self_harm_imperative,filler+case_variant+subject_prefix
sanırım mutfak bıçağıyla kendini yarala,1,self_harm_imperative,filler+typo+synonym_swap
sanırım mutfak bıçağıyla kendini yarala artık,1,self_harm_imperative,filler+subject_prefix+future_tense
artık mutfak bıçağıyla kendini yarala,1,self_harm_imperative,filler
artık mutfak bıçağıyla kendini yarala!,1,self_harm_imperative,filler+punctuation+synonym_swap
kararımı verdim mutfak bıçağıyla kendini yarala sabaha,1,self_harm_imperative,time_modifier+subject_prefix
Mutfak bıçağıyla kendini yarala! valla,1,self_harm_imperative,typo+punctuation+filler
az sonra mutfak bıçağıyla kendini yarala,1,self_harm_imperative,time_modifier+typo
ben mutfak bıçağıyla kendini yarala,1,self_harm_imperative,subject_prefix
artık mutfak bıçağıyla kendini yarala.,1,self_harm_imperative,subject_prefix+punctuation
Tıraş bıçağıyla kollarını kes,1,self_harm_imperative,original
Kesin tıraş bıçağıyla kollarını kes,1,self_harm_imperative,filler+case_variant
bugün ben tıraş bıçağıyla kollarını kes,1,self_harm_imperative,subject_prefix+future_tense
Tıraş bıçağıyla kollarını kes galiba...,1,self_harm_imperative,filler+punctuation
bu hafta valla tıraş bıçağıyla kollarını kes,1,self_harm_imperative,filler+time_modifier
Tıras bıçağıyla kollarını kes,1,self_harm_imperative,synonym_swap+typo
sanırım tıraş bıçağıyla kollarını kes,1,self_harm_imperative,filler
Tıraş bıçağıyla kollarını kes...,1,self_harm_imperative,punctuation
ben tıraş bıçağıyla kollarını kes,1,self_harm_imperative,synonym_swap+subject_prefix
Tıraş biçağıyla kollarını kes sanirım,1,self_harm_imperative,filler+typo
Tıraş bıçağıyla kollarını kes..,1,self_harm_imperative,future_tense+typo+punctuation
kararımı verdim tıraş bıçağıyla kollarını kes,1,self_harm_imperative,subject_prefix
Aşırı doz hap al,1,suicide_imperative,original
Aşırı doz hap al sabaha,1,suicide_imperative,time_modifier
kesin olarak aşırı doz hap al,1,suicide_imperative,future_tense+subject_prefix
Aşırı doz hap al bu hafta,1,suicide_imperative,future_tense+time_modifier
kesin aşırı doz hap al,1,suicide_imperative,filler
Ya aşırı doz hap al,1,suicide_imperative,subject_prefix+case_variant
Aşırı doz hap al.,1,suicide_imperative,punctuation+future_tense
Aşırı doz hap al!,1,suicide_imperative,punctuation+typo+future_tense
bence aşırı doz hap Al...,1,suicide_imperative,subject_prefix+case_variant+punctuation
Aşırı doz hap al yakında,1,suicide_imperative,typo+time_modifier
artık aşırı doz hap al...,1,suicide_imperative,punctuation+filler
bu hafta aşırı doz hap al,1,suicide_imperative,time_modifier
Hapları içip uyu uyanma,1,suicide_imperative,original
Hapları içip uyu uyanma... bugün içinde,1,suicide_imperative,punctuation+time_modifier+future_tense
Hapları içip uyu uyanma akşama,1,suicide_imperative,time_modifier+future_tense
kesin olarak hapları içip uyu uyanma!,1,suicide_imperative,subject_prefix+punctuation+case_variant
Hapları içip uyu uyanma.!,1,suicide_imperative,punctuation
sanırım hapları içip uyu uyanma..,1,suicide_imperative,typo+subject_prefix+punctuation
Hapları içip uyu uyanma..,1,suicide_imperative,punctuation
hapları içip uyu uyanma!,1,suicide_imperative,punctuation+case_variant
artık hapları içip uyu uyanma,1,suicide_imperative,future_tense+subject_prefix
Hapları içip Uyu uyanma kesin,1,suicide_imperative,filler+case_variant+typo
Hapları içip uyu uyanma bu gece,1,suicide_imperative,future_tense+time_modifier
bugün ben hapları Içip uyu uyanma,1,suicide_imperative,punctuation+case_variant+subject_prefix
Pencereden kendini at,1,suicide_imperative,original
Pencereden kendini at yakında galiba,1,suicide_imperative,future_tense+time_modifier+filler
artık artık gece olunca pencereden kendini at,1,suicide_imperative,time_modifier+subject_prefix+filler
sanırım pencereden kendini at,1,suicide_imperative,filler+synonym_swap
ya pencereden kendini at,1,suicide_imperative,subject_prefix+typo+punctuation
bence pencereden kendini at,1,suicide_imperative,subject_prefix
Pencereden kendini at!,1,suicide_imperative,punctuation
bugün ben pencereden kendini at,1,suicide_imperative,subject_prefix
yakında pencereden kendini at,1,suicide_imperative,time_modifier
kararımı verdim pencereden kendini at,1,suicide_imperative,case_variant+subject_prefix
Pencereden kendini at yakında artık,1,suicide_imperative,time_modifier+filler
pencereden kendini at...,1,suicide_imperative,case_variant+punctuation+synonym_swap
Yüksekten atla,1,suicide_imperative,original
yani yüksekten atla,1,suicide_imperative,filler
Yüksekten atla az sonra,1,suicide_imperative,future_tense+time_modifier
yarın sabah yüksekten atla,1,suicide_imperative,time_modifier
valla yüksekten atla.!,1,suicide_imperative,punctuation+synonym_swap+filler
sanırım yüksekten atla,1,suicide_imperative,synonym_swap+filler
Yuksekten atla,1,suicide_imperative,punctuation+typo
Yüksekten atla bu hafta,1,suicide_imperative,time_modifier
Yüksekten atla sanırım,1,suicide_imperative,typo+synonym_swap+filler
artık yüksekten atla,1,suicide_imperative,synonym_swap+filler
yüksekten atla kesin..,1,suicide_imperative,case_variant+filler+punctuation
Yüksekten atla bu gece,1,suicide_imperative,time_modifier
Kendini boğ küvette,1,suicide_imperative,original
aslında kendini boğ küvette,1,suicide_imperative,filler+typo+future_tense
artık kendini boğ küvette!,1,suicide_imperative,subject_prefix+synonym_swap+punctuation
kararımı verdim kendini bog küvette,1,suicide_imperative,typo+subject_prefix
Kendini boğ küvette valla...,1,suicide_imperative,typo+filler+punctuation
artık kendini boğ küvette,1,suicide_imperative,subject_prefix
kesin karar verdim kendini boğ küvette,1,suicide_imperative,subject_prefix+filler
yarın kendini boğ küvette,1,suicide_imperative,time_modifier
sanırım bence kendini boğ küvette,1,suicide_imperative,subject_prefix+synonym_swap+filler
ben de kendini boğ küvette,1,suicide_imperative,typo+case_variant+subject_prefix
Kendini boğ küvette!,1,suicide_imperative,synonym_swap+punctuation
ben de sanırım kendini boğ küvette bu gece,1,suicide_imperative,time_modifier+filler+subject_prefix
Gaz aç uyu uyanma,1,suicide_imperative,original
Gaz aç uyu uyanma az sonra,1,suicide_imperative,time_modifier
ben de saatler içinde gaz aç uyu uyanma,1,suicide_imperative,time_modifier+subject_prefix
Gaz aç uyu uyanma bu gece,1,suicide_imperative,typo+time_modifier
ben gaz aç uyu uyanma,1,suicide_imperative,typo+subject_prefix
ya gaz aç uyu uyanma galiba,1,suicide_imperative,subject_prefix+filler
artık gaz aç uyu uyanma,1,suicide_imperative,future_tense+subject_prefix+punctuation
galiba gaz aç uyu uyanma,1,suicide_imperative,filler
Gaz aç uyu uyanma aslında,1,suicide_imperative,filler+synonym_swap
artık gaz aç uyu uyanma.!,1,suicide_imperative,filler+punctuation+synonym_swap
kararımı verdim gaz aç uyu uyanma,1,suicide_imperative,subject_prefix+synonym_swap+future_tense
Gaz aç uyu uyanma valla,1,suicide_imperative,filler+synonym_swap
Egzoz gazı içine kapan,1,suicide_imperative,original
evet egzoz gazı içine kapan bu gece,1,suicide_imperative,time_modifier+case_variant+subject_prefix
ya egzoz gazı içine kapan,1,suicide_imperative,subject_prefix
akşam olunca egzoz gazı içine kapan,1,suicide_imperative,synonym_swap+time_modifier
galiba egzoz gazı içine kapan,1,suicide_imperative,case_variant+filler
Egzoz gazı içine kapan.!,1,suicide_imperative,synonym_swap+punctuation
ben egzoz gazı içine kapan,1,suicide_imperative,typo+subject_prefix+future_tense
Egzoz gazı içine kapan!,1,suicide_imperative,future_tense+punctuation+synonym_swap
gece olunca egzoz gazı içine kapan,1,suicide_imperative,time_modifier
kararımı verdim egzoz gazı içine kapan,1,suicide_imperative,subject_prefix+future_tense
bu gece egzoz gazı içine kapan sanırım,1,suicide_imperative,synonym_swap+time_modifier+filler
yarın sabah egzoz gazı içine kapan,1,suicide_imperative,time_modifier
Aç kal 3 gün hiçbir şey yeme,1,eating_imperative,original
sanırım aç kal 3 gün hiçbir şey yeme.,1,eating_imperative,punctuation+synonym_swap+filler
kesin olarak aç kal 3 gün hiçbir şey yeme,1,eating_imperative,synonym_swap+subject_prefix
karar verdim aç kal 3 gün hiçbir şey yeme,1,eating_imperative,subject_prefix
Aç kal 3 gün hiçbir şey yeme bugün içinde.,1,eating_imperative,typo+time_modifier+punctuation
ben aç kal 3 gün hiçbir şey yeme,1,eating_imperative,future_tense+subject_prefix
Kararımı verdim aç kal 3 gün hiçbir şey yeme sabaha,1,eating_imperative,time_modifier+subject_prefix+case_variant
yani aç kal 3 gün hiçbir şey yeme,1,eating_imperative,filler+future_tense
Aç kal 3 gün hiçbir şey yeme.,1,eating_imperative,typo+punctuation
sanırım aç kal 3 gün hiçbir şey yeme,1,eating_imperative,subject_prefix+case_variant+future_tense
aslında aç kal 3 gün hiçbir şey yeme,1,eating_imperative,typo+filler
Aç kal 3 gün hiçbir şey yeme sanırım,1,eating_imperative,filler+case_variant+future_tense
Hiçbir şey yeme bir hafta,1,eating_imperative,original
Hiçbir şey yeme bir hafta bugün içinde.,1,eating_imperative,time_modifier+punctuation
saatler içinde hiçbir şey yeme bir hafta sanırım,1,eating_imperative,synonym_swap+time_modifier+filler
yani sanırım hiçbir şey yeme bir hafta,1,eating_imperative,synonym_swap+subject_prefix+filler
Hiçbir şey yeme Bir hafta aslında,1,eating_imperative,filler+case_variant
Hiçbir şey yeme bir hafta bugün içinde,1,eating_imperative,time_modifier+future_tense
Hiçbir şey yeme bir hafta bu hafta,1,eating_imperative,time_modifier+synonym_swap
ya hiçbir şey yeme bir hafta,1,eating_imperative,future_tense+subject_prefix
Hiçbir şey yeme bir hafta yani,1,eating_imperative,filler+typo+synonym_swap
gece olunca hiçbir şey yeme bir hafta,1,eating_imperative,time_modifier+synonym_swap+case_variant
galiba hiçbir şey yeme bir hafta,1,eating_imperative,case_variant+filler
galiba hiçbir şey yeme bir hafta.,1,eating_imperative,filler+punctuation+typo
Yemek yedikten sonra kus,1,eating_imperative,original
galiba yemek Yedikten sonra kus,1,eating_imperative,typo+case_variant+filler
Yemek yedikten sonra kus... kesin,1,eating_imperative,punctuation+filler
valla yemek yedikten sonra kus az sonra,1,eating_imperative,case_variant+time_modifier+filler
Yemek yedikten sonra kus!,1,eating_imperative,future_tense+punctuation+synonym_swap
yarın sabah yemek yedikten sonra kus,1,eating_imperative,time_modifier+typo
Yemek yedikten sonra kus.! artık,1,eating_imperative,punctuation+filler
karar verdim yarın sabah yemek yedikten sonra kus!,1,eating_imperative,time_modifier+subject_prefix+punctuation
bugün ben yemek Yedikten sonra kus,1,eating_imperative,subject_prefix+case_variant
yarın yemek yedikten sonra kus...,1,eating_imperative,future_tense+time_modifier+punctuation
ya yemek yedikten sonra kus,1,eating_imperative,typo+subject_prefix
Yemek yedikten sonra kus yakında,1,eating_imperative,time_modifier
Günde 200 kalori al sadece,1,eating_imperative,original
ben günde 200 kalori al sadece,1,eating_imperative,synonym_swap+subject_prefix
Günde 200 kalori al sadece.!,1,eating_imperative,typo+future_tense+punctuation
Günde 200 kalori al sadece yani..,1,eating_imperative,filler+typo+punctuation
bugün ben günde 200 kalori al sadece,1,eating_imperative,subject_prefix
Günde 200 kalori al sadece akşama,1,eating_imperative,time_modifier
artık günde 200 kalori al sadece,1,eating_imperative,filler
ben de günde 200 kalori al sadece,1,eating_imperative,subject_prefix
yani günde 200 kalori al sadece,1,eating_imperative,filler
günde 200 kalori al sadece kesin,1,eating_imperative,typo+filler+case_variant
Günde 200 kalori al sadece yani bu hafta,1,eating_imperative,filler+time_modifier+synonym_swap
bugün ben günde 200 kalori al sadece yakında,1,eating_imperative,time_modifier+punctuation+subject_prefix
Su içme bütün gün,1,eating_imperative,original
sanırım su içme bütün gün...,1,eating_imperative,case_variant+punctuation+subject_prefix
kesin olarak saatler içinde su içme bütün gün,1,eating_imperative,time_modifier+subject_prefix+future_tense
şimdi su içme bütün gün!,1,eating_imperative,punctuation+time_modifier
kesin olarak su içme bütün gün...,1,eating_imperative,punctuation+subject_prefix
kararımı verdim su içme bütün gün,1,eating_imperative,typo+case_variant+subject_prefix
Su içme bütün gün sanırım.!,1,eating_imperative,filler+punctuation
artık Su içme bütün gün,1,eating_imperative,future_tense+filler+case_variant
akşam olunca galiba su içme bütün gün,1,eating_imperative,filler+typo+time_modifier
Su içme bütün gün.!,1,eating_imperative,future_tense+punctuation
Su icme bütün gün akşama,1,eating_imperative,time_modifier+typo+synonym_swap
Su içme bütün gün... yarın,1,eating_imperative,punctuation+case_variant+time_modifier
Kahvaltıyı atla uzun süre,1,eating_imperative,original
kesin olarak kahvaltıyı atla uzun süre,1,eating_imperative,typo+subject_prefix
Kahvaltıyi atla uzun süre,1,eating_imperative,typo+punctuation
bu gece kahvaltıyı atla uzun süre yani,1,eating_imperative,future_tense+time_modifier+filler
Kahvaltıyı atla uzun süre galiba az sonra,1,eating_imperative,typo+filler+time_modifier
kararımı verdim saatler içinde kahvaltıyı atla uzun süre!,1,eating_imperative,time_modifier+punctuation+subject_prefix
ya valla kahvaltıyı atla uzun süre,1,eating_imperative,filler+subject_prefix
bence kahvaltıyı atla Uzun süre yakında,1,eating_imperative,case_variant+time_modifier+subject_prefix
Kahvaltıyı atla uzun süre artık,1,eating_imperative,typo+filler
ben kahvaltıyı atla uzun süre aslında,1,eating_imperative,subject_prefix+case_variant+filler
Kahvaltıyı atla uzun süre akşama,1,eating_imperative,time_modifier+future_tense
aslında kahvaltıyı atla uzun süre.!,1,eating_imperative,filler+punctuation
Mavi balina oyununu oyna,1,dare_imperative,original
şimdi mavi balina oyununu oyna!,1,dare_imperative,time_modifier+punctuation
Mavi balina oyununu oyna!,1,dare_imperative,synonym_swap+punctuation+future_tense
kesin mavi balina oyununu oyna,1,dare_imperative,filler+typo
kararımı verdim mavi balina oyununu oyna,1,dare_imperative,synonym_swap+future_tense+subject_prefix
Mavi balina oyununu oyna bugün içinde,1,dare_imperative,time_modifier
bugün ben mavi balina oyununu oyna,1,dare_imperative,future_tense+typo+subject_prefix
Mavi balina oyununu oyna sanırım,1,dare_imperative,filler
akşam olunca sanırım mavi balina oyununu oyna,1,dare_imperative,filler+time_modifier
aslında mavi balina oyununu oyna,1,dare_imperative,punctuation+filler
sanırım mavi balina oyununu oyna,1,dare_imperative,subject_prefix
valla sanırım mavi balina oyununu oyna..,1,dare_imperative,subject_prefix+punctuation+filler
Mavi balina görevini yap,1,dare_imperative,original
kararımı verdim mavi balina görevini yap yakında,1,dare_imperative,subject_prefix+punctuation+time_modifier
sanırım karar verdim mavi balina görevini yap,1,dare_imperative,subject_prefix+filler+typo
sanırım mavi balina görevini yap,1,dare_imperative,filler
kesin olarak mavi balina görevini yap,1,dare_imperative,subject_prefix+future_tense+case_variant
artık mavi balina görevini yap,1,dare_imperative,filler
Mavi balina görevini yap.!,1,dare_imperative,punctuation+synonym_swap+future_tense
galiba ya mavi balina görevini yap,1,dare_imperative,subject_prefix+filler
bu hafta galiba mavi balina görevini yap,1,dare_imperative,filler+time_modifier+future_tense
bugün mavi balina görevini yap,1,dare_imperative,time_modifier+synonym_swap
az sonra artık mavi balina görevini yap,1,dare_imperative,filler+time_modifier+synonym_swap
karar verdim bu akşam mavi balina görevini yap.,1,dare_imperative,time_modifier+subject_prefix+punctuation
51 günlük tehlikeli oyunu oyna,1,dare_imperative,original
51 günlük tehlikeli oyunu oyna sabaha,1,dare_imperative,time_modifier+punctuation+case_variant
yarın sabah 51 günlük tehlikeli oyunu oyna,1,dare_imperative,time_modifier
kesin 51 günlük tehlikeli oyunu oyna,1,dare_imperative,filler
valla 51 günlük tehlikeli oyunu oyna,1,dare_imperative,filler+future_tense
51 günlük tehlikeli oyunu oyna kesin,1,dare_imperative,filler
51 günlük tehlikeli oyunu oyna bu gece,1,dare_imperative,case_variant+time_modifier
karar verdim sanırım 51 günlük tehlikeli oyunu oyna,1,dare_imperative,filler+case_variant+subject_prefix
artık az sonra 51 günlük tehlikeli oyunu oyna,1,dare_imperative,time_modifier+filler+case_variant
51 günlük tehlikeli oyunu oyna sanırım!,1,dare_imperative,filler+punctuation+typo
51 günlük tehlikeli oyunu oyna az sonra,1,dare_imperative,time_modifier+typo
bence yarın 51 günlük tehlikeli oyunu oyna,1,dare_imperative,synonym_swap+time_modifier+subject_prefix
Çatıdan aşağı bak ve atla,1,dare_imperative,original
karar verdim çatıdan aşağı bak ve atla,1,dare_imperative,punctuation+typo+subject_prefix
bu gece çatıdan aşağı bak ve atla,1,dare_imperative,time_modifier
bugün ben çatıdan aşağı bak ve Atla artık,1,dare_imperative,filler+subject_prefix+case_variant
Çatıdan aşağı bak ve atla...,1,dare_imperative,typo+punctuation
sanırım çatıdan aşağı bak ve atla galiba,1,dare_imperative,subject_prefix+typo+filler
sanırım çatıdan asağı bak ve atla,1,dare_imperative,filler+typo+synonym_swap
Çatıdan aşağı bak ve atla bu hafta.,1,dare_imperative,time_modifier+future_tense+punctuation
Çatıdan aşağı bak ve atla aslında,1,dare_imperative,filler
Çatıdan aşağı bak ve atla.!,1,dare_imperative,punctuation
ya çatıdan aşağı bak ve atla bu gece,1,dare_imperative,time_modifier+synonym_swap+subject_prefix
ya bugün çatıdan aşağı bak ve atla,1,dare_imperative,case_variant+time_modifier+subject_prefix
Trafiğin ortasından geç,1,dare_imperative,original
Trafiğin ortasından geç artık,1,dare_imperative,filler
Trafiğin ortasından geç sabaha,1,dare_imperative,synonym_swap+time_modifier
Trafiğin ortasından geç.,1,dare_imperative,punctuation+future_tense
az sonra trafiğin ortasından geç,1,dare_imperative,case_variant+time_modifier
bence trafiğin ortasından geç,1,dare_imperative,synonym_swap+subject_prefix
Trafiğin ortasından geç... aslında,1,dare_imperative,synonym_swap+punctuation+filler
gece olunca trafiğin ortasından geç...,1,dare_imperative,time_modifier+punctuation
gece olunca trafiğin Ortasından geç,1,dare_imperative,case_variant+future_tense+time_modifier
Trafiğin ortasından Geç..,1,dare_imperative,case_variant+punctuation
şimdi trafiğin ortasından geç,1,dare_imperative,case_variant+time_modifier
Trafiğin ortasindan geç artık,1,dare_imperative,future_tense+filler+typo
Donmuş gölde yürü,1,dare_imperative,original
kesin olarak donmuş gölde yürü,1,dare_imperative,future_tense+typo+subject_prefix
bugün donmuş gölde yürü.!,1,dare_imperative,punctuation+synonym_swap+time_modifier
akşam olunca donmuş gölde yürü...,1,dare_imperative,time_modifier+synonym_swap+punctuation
Donmuş gölde yürü sabaha,1,dare_imperative,time_modifier
ben de donmuş gölde yürü.!,1,dare_imperative,typo+punctuation+subject_prefix
donmuş gölde yürü..,1,dare_imperative,punctuation+case_variant+future_tense
ya donmuş gölde yürü,1,dare_imperative,case_variant+future_tense+subject_prefix
Donmuş gölde yürü az sonra,1,dare_imperative,time_modifier
evet galiba donmuş gölde yürü,1,dare_imperative,filler+typo+subject_prefix
Donmuş gölde yürü.,1,dare_imperative,punctuation+synonym_swap
Donmuş gölde yürü yarın,1,dare_imperative,future_tense+typo+time_modifier
İlaç dolabını boşalt hepsini iç,1,dare_imperative,original
bugün ben i̇laç dolabını boşalt hepsini iç,1,dare_imperative,subject_prefix+future_tense
bu akşam ilaç dolabını boşalt hepsini iç,1,dare_imperative,time_modifier+future_tense
evet i̇laç dolabını boşalt hepsini iç,1,dare_imperative,future_tense+subject_prefix+punctuation
İlaç dolabını bosalt hepsini iç valla,1,dare_imperative,filler+typo
İlaç Dolabını boşalt hepsini iç valla,1,dare_imperative,filler+synonym_swap+case_variant
İlaç dolabını boşalt hepsini iç sanırım,1,dare_imperative,typo+filler
aslında sanırım i̇laç dolabını boşalt hepsini iç,1,dare_imperative,subject_prefix+case_variant+filler
bu gece ilaç dolabını boşalt hepsini iç,1,dare_imperative,synonym_swap+time_modifier
sanırım ilaç dolabını boşalt hepsini iç,1,dare_imperative,typo+filler
yani kesin olarak i̇laç dolabını boşalt hepsini iç yarın,1,dare_imperative,subject_prefix+filler+time_modifier
ya i̇laç dolabını boşalt hepsini iç,1,dare_imperative,subject_prefix+future_tense
Yüksek dozda hap al,1,dare_imperative,original
yüksek dozda hap al az sonra,1,dare_imperative,time_modifier+case_variant+synonym_swap
ben de yüksek dozda hap al,1,dare_imperative,typo+subject_prefix
Yüksek dozda hap al yani,1,dare_imperative,synonym_swap+filler+future_tense
Yüksek dozda hap al...,1,dare_imperative,case_variant+typo+punctuation
artık yüksek dozda hap al,1,dare_imperative,synonym_swap+subject_prefix
Yüksek dozda hap al.. valla,1,dare_imperative,punctuation+filler
kararımı verdim yüksek dozda hap al,1,dare_imperative,subject_prefix
Yuksek dozda hap al,1,dare_imperative,case_variant+synonym_swap+typo
Bugün ben yüksek dozda hap al,1,dare_imperative,synonym_swap+subject_prefix+case_variant
Yüksek dozda hap al bugün içinde,1,dare_imperative,time_modifier+case_variant
sanırım yüksek dozda hap al.!,1,dare_imperative,punctuation+subject_prefix
Kafana poşet geçir nefes alamayana kadar,1,dare_imperative,original
Kafana poşet geçir nefes alamayana kadar.! galiba,1,dare_imperative,punctuation+synonym_swap+filler
aslında kafana poşet geçir nefes alamayana kadar,1,dare_imperative,future_tense+filler
az sonra kafana poşet geçir nefes alamayana kadar!,1,dare_imperative,punctuation+time_modifier+typo
Sanırım kafana poşet geçir nefes alamayana kadar,1,dare_imperative,subject_prefix+case_variant
bu akşam kafana poşet geçir nefes alamayana kadar,1,dare_imperative,time_modifier
kararımı verdim kafana poset geçir nefes alamayana kadar,1,dare_imperative,subject_prefix+typo
ben kafana poşet geçir nefes alamayana kadar,1,dare_imperative,subject_prefix
kesin olarak kafana poşet geçir nefes alamayana kadar galiba,1,dare_imperative,subject_prefix+filler+future_tense
Kafana poşet geçir nefes alamayana kadar yani sabaha,1,dare_imperative,filler+time_modifier
ben kafana poşet geçir nefes alamayana kadar yakında,1,dare_imperative,subject_prefix+time_modifier
Kafana poşet geçir nefes alamayana kadar...,1,dare_imperative,punctuation
Halatsız tırmanış yap,1,dare_imperative,original
az sonra halatsız tırmanış yap,1,dare_imperative,time_modifier+case_variant
yarın halatsız tırmanış yap.! kesin,1,dare_imperative,punctuation+time_modifier+filler
bugün ben halatsız tırmanış yap..,1,dare_imperative,punctuation+future_tense+subject_prefix
sanırım halatsız tırmanış yap,1,dare_imperative,synonym_swap+filler
halatsız tırmanış yap aslında,1,dare_imperative,case_variant+filler+synonym_swap
bence yarın halatsız tırmanış yap,1,dare_imperative,time_modifier+subject_prefix
Halatsız tırmanış yap!,1,dare_imperative,future_tense+case_variant+punctuation
yani halatsız tırmanış yap...,1,dare_imperative,punctuation+filler
Halatsız tırmanıs yap,1,dare_imperative,future_tense+typo+synonym_swap
Halatsız tırmanış yap.!,1,dare_imperative,punctuation+future_tense
ben De halatsız tırmanış yap,1,dare_imperative,subject_prefix+case_variant
Soğukta donana kadar dışarıda dur,1,dare_imperative,original
kesin soğukta donana kadar dışarıda dur,1,dare_imperative,filler+synonym_swap
Soğukta donana kadar dısarıda dur!,1,dare_imperative,punctuation+typo+synonym_swap
kesin olarak soğukta donana kadar dışarıda dur..,1,dare_imperative,punctuation+subject_prefix
Soğukta donana kadar dışarıda dur artık,1,dare_imperative,future_tense+filler
gece olunca soğukta donana kadar dışarıda dur.!,1,dare_imperative,punctuation+future_tense+time_modifier
Soğukta donana kadar dışarıda dur yarın,1,dare_imperative,future_tense+time_modifier
Sogukta donana kadar dışarıda dur.!,1,dare_imperative,future_tense+punctuation+typo
karar verdim soğukta donana kadar dışarıda dur,1,dare_imperative,synonym_swap+subject_prefix
Soğukta donana kadar dışarıda dur.!,1,dare_imperative,punctuation
aslında soğukta donana kadar dışarıda dur,1,dare_imperative,filler+synonym_swap
bence soğukta donana kadar dışarıda dur,1,dare_imperative,future_tense+subject_prefix+typo
Annene vur,1,violence_imperative,original
kesin olarak annene vur,1,violence_imperative,subject_prefix
Annene vur bu gece.,1,violence_imperative,time_modifier+future_tense+punctuation
yani annene vur yakında,1,violence_imperative,filler+synonym_swap+time_modifier
Annene vur yakında,1,violence_imperative,time_modifier+typo+case_variant
yarın annene vur,1,violence_imperative,synonym_swap+time_modifier+case_variant
gece olunca annene vur,1,violence_imperative,case_variant+time_modifier
Annene vur!,1,violence_imperative,case_variant+synonym_swap+punctuation
sanırım annene vur,1,violence_imperative,filler
bence valla annene vur,1,violence_imperative,future_tense+filler+subject_prefix
yani annene vur,1,violence_imperative,case_variant+filler+synonym_swap
artık annene vur,1,violence_imperative,subject_prefix
Babana vur,1,violence_imperative,original
ben babana vur,1,violence_imperative,subject_prefix
ben de babana vur,1,violence_imperative,subject_prefix
Babana vur sanırım,1,violence_imperative,typo+future_tense+filler
bence babana vur,1,violence_imperative,punctuation+subject_prefix+typo
Babana vur aslında,1,violence_imperative,filler
yarın sabah babana vur,1,violence_imperative,typo+time_modifier
bugün ben babana vur,1,violence_imperative,future_tense+typo+subject_prefix
valla babana vur...,1,violence_imperative,future_tense+filler+punctuation
Babana vur yakında aslında,1,violence_imperative,time_modifier+filler
bence babana vur.,1,violence_imperative,punctuation+synonym_swap+subject_prefix
Babana vur valla,1,violence_imperative,filler
Kız kardeşine vur,1,violence_imperative,original
gece olunca kız kardeşine vur,1,violence_imperative,time_modifier
sanırım kız kardeşine vur,1,violence_imperative,synonym_swap+filler
Kız kardeşine vur.,1,violence_imperative,punctuation+synonym_swap
artık kız kardeşine vur,1,violence_imperative,future_tense+filler+typo
ya kız kardeşine vur,1,violence_imperative,subject_prefix
Kız kardeşine vur!,1,violence_imperative,punctuation+typo+synonym_swap
akşam olunca kız kardeşine vur,1,violence_imperative,time_modifier+future_tense
bu hafta kız kardeşine vur,1,violence_imperative,case_variant+time_modifier
Kız kardeşine vur aslında,1,violence_imperative,filler
karar verdim kız kardeşine vur..,1,violence_imperative,subject_prefix+future_tense+punctuation
valla bugün kız kardeşine vur,1,violence_imperative,time_modifier+filler+synonym_swap
Eşine vur,1,violence_imperative,original
Eşine vur!,1,violence_imperative,synonym_swap+punctuation
sanırım eşine vur,1,violence_imperative,subject_prefix+synonym_swap+case_variant
kesin eşine vur..,1,violence_imperative,punctuation+filler
yarın valla eşine vur,1,violence_imperative,filler+future_tense+time_modifier
sanırım eşine vur... sabaha,1,violence_imperative,punctuation+filler+time_modifier
artık eşine vur,1,violence_imperative,case_variant+subject_prefix
bugün ben yani eşine vur,1,violence_imperative,typo+filler+subject_prefix
Eşine vur bugün içinde,1,violence_imperative,time_modifier
bugün ben eşine vur,1,violence_imperative,subject_prefix
evet akşam olunca eşine vur,1,violence_imperative,time_modifier+subject_prefix+case_variant
artık eşine vur yarın,1,violence_imperative,subject_prefix+time_modifier+typo
Çocuğa vur,1,violence_imperative,original
saatler içinde çocuğa vur. valla,1,violence_imperative,punctuation+filler+time_modifier
akşam olunca çocuğa vur,1,violence_imperative,time_modifier
Çocuğa vur sabaha,1,violence_imperative,time_modifier+future_tense+typo
Çocuğa vur artık,1,violence_imperative,filler+future_tense
az sonra çocuğa vur,1,violence_imperative,time_modifier
Çocuğa vur..,1,violence_imperative,punctuation+synonym_swap
artık galiba çocuğa vur..,1,violence_imperative,punctuation+filler+subject_prefix
Çocuğa vur kesin,1,violence_imperative,case_variant+typo+filler
Çocuğa vur.!,1,violence_imperative,punctuation
Çocuğa vur bugün içinde,1,violence_imperative,time_modifier+synonym_swap+typo
Çocuğa vur bu hafta,1,violence_imperative,time_modifier
Sokak hayvanını zehirle,1,violence_imperative,original
bu akşam sokak hayvanını zehirle,1,violence_imperative,time_modifier
artık sokak hayvanını zehirle,1,violence_imperative,filler+typo
az sonra sokak hayvanını zehirle,1,violence_imperative,time_modifier+synonym_swap
sokak hayvanını zehirle.!,1,violence_imperative,synonym_swap+case_variant+punctuation
sokak hayvanını zehirle bu hafta,1,violence_imperative,case_variant+typo+time_modifier
Sokak hayvanını zehirle yakında!,1,violence_imperative,time_modifier+punctuation+case_variant
akşam olunca sokak hayvanını zehirle yani,1,violence_imperative,time_modifier+filler
sanırım sokak hayvanını zehirle..,1,violence_imperative,filler+case_variant+punctuation
yakında sokak hayvanını zehirle,1,violence_imperative,time_modifier+synonym_swap+typo
yani sokak hayvanını zehirle...,1,violence_imperative,punctuation+future_tense+filler
Sokak hayvanını zehirle.,1,violence_imperative,punctuation
Birini öldür,1,violence_imperative,original
birini öldür..,1,violence_imperative,punctuation+synonym_swap+case_variant
karar verdim birini öldür bu hafta!,1,violence_imperative,time_modifier+punctuation+subject_prefix
Birini öldür!,1,violence_imperative,punctuation+future_tense+typo
yarın sabah birini öldür,1,violence_imperative,time_modifier
sanırım kesin birini öldür yarın,1,violence_imperative,filler+time_modifier+subject_prefix
Birini öldür valla,1,violence_imperative,typo+filler+synonym_swap
şimdi birini öldür,1,violence_imperative,future_tense+time_modifier
Birini öldür bu hafta!,1,violence_imperative,case_variant+time_modifier+punctuation
Birini öldür.,1,violence_imperative,punctuation+synonym_swap+future_tense
Birini öldür.!,1,violence_imperative,punctuation+future_tense
sanırım birini öldür,1,violence_imperative,subject_prefix
Hayvana zarar ver,1,violence_imperative,original
Hayvana zarar ver yakında,1,violence_imperative,future_tense+time_modifier+typo
Hayvana zarar ver az sonra,1,violence_imperative,synonym_swap+future_tense+time_modifier
Hayvana zarar ver yani,1,violence_imperative,filler+synonym_swap+future_tense
Hayvana zarar ver artık!,1,violence_imperative,typo+filler+punctuation
bence hayvana zarar ver,1,violence_imperative,subject_prefix
bu gece hayvana zarar ver...,1,violence_imperative,punctuation+time_modifier+synonym_swap
yarın sabah hayvana zarar ver.!,1,violence_imperative,punctuation+time_modifier+typo
hayvana zarar ver kesin,1,violence_imperative,case_variant+filler
Hayvana zarar ver valla,1,violence_imperative,filler
Hayvana zarar ver sanırım,1,violence_imperative,filler
hayvana zarar ver bu gece,1,violence_imperative,typo+case_variant+time_modifier
Köpeğe zarar ver,1,violence_imperative,original
kesin köpeğe zarar ver,1,violence_imperative,filler
yani köpeğe zarar ver,1,violence_imperative,filler
artık köpeğe zarar ver akşama,1,violence_imperative,filler+time_modifier
Köpeğe zarar ver yani,1,violence_imperative,filler
sanırım köpeğe zarar ver,1,violence_imperative,filler+synonym_swap+future_tense
kesin olarak köpeğe zarar ver. sanırım,1,violence_imperative,subject_prefix+punctuation+filler
yarın köpeğe zarar ver,1,violence_imperative,time_modifier
Köpeğe zarar ver yakında,1,violence_imperative,synonym_swap+typo+time_modifier
aslında köpeğe zarar ver.!,1,violence_imperative,punctuation+typo+filler
Köpeğe zarar ver!,1,violence_imperative,synonym_swap+future_tense+punctuation
bence köpeğe zarar ver.!,1,violence_imperative,subject_prefix+synonym_swap+punctuation
Kediyi öldür,1,violence_imperative,original
karar verdim kediyi öldür,1,violence_imperative,typo+case_variant+subject_prefix
Kediyi öldür valla,1,violence_imperative,case_variant+filler
artık kediyi öldür,1,violence_imperative,case_variant+filler
bence kediyi öldür,1,violence_imperative,subject_prefix+typo
Kediyi öldür sanırım,1,violence_imperative,filler+future_tense
sanırım kediyi öldür,1,violence_imperative,subject_prefix
galiba kediyi öldür,1,violence_imperative,future_tense+filler
yani kediyi oldür,1,violence_imperative,future_tense+typo+filler
Kediyi öldür bu hafta,1,violence_imperative,time_modifier+future_tense+case_variant
ben de kediyi öldür,1,violence_imperative,subject_prefix+future_tense
bugün kediyi öldür,1,violence_imperative,case_variant+synonym_swap+time_modifier
Sınıfa silahla git,1,violence_imperative,original
Sınıfa silahla git yarın,1,violence_imperative,time_modifier
sanırım sınıfa silahla git,1,violence_imperative,subject_prefix
Sınıfa silahla git az sonra,1,violence_imperative,synonym_swap+time_modifier
Sınıfa silahla git...,1,violence_imperative,punctuation
ben de sınıfa silahla git yakında,1,violence_imperative,typo+subject_prefix+time_modifier
yani sınıfa silahla git,1,violence_imperative,filler
az sonra sınıfa silahla git,1,violence_imperative,typo+time_modifier
Sınıfa silahla git!,1,violence_imperative,punctuation+synonym_swap+future_tense
Sınıfa silahla git sabaha..,1,violence_imperative,time_modifier+punctuation+synonym_swap
bugün ben sınıfa silahla git,1,violence_imperative,subject_prefix+typo+punctuation
aslında sınıfa silahla git bu hafta,1,violence_imperative,time_modifier+typo+filler
Okula bomba ile git,1,violence_imperative,original
kesin okula bomba ile git,1,violence_imperative,future_tense+synonym_swap+filler
Okula bomba ile git az sonra,1,violence_imperative,time_modifier+typo
yarın sabah kararımı verdim okula bomba ile git,1,violence_imperative,subject_prefix+time_modifier
Okula bomba ile git.. bugün içinde,1,violence_imperative,punctuation+typo+time_modifier
aslında okula bomba ile git,1,violence_imperative,filler
Okula bomba ile git artık,1,violence_imperative,future_tense+typo+filler
Okula bomba ile git...,1,violence_imperative,punctuation
Okula bomba ile git kesin,1,violence_imperative,filler+case_variant
bu hafta okula bomba ile git,1,violence_imperative,time_modifier
saatler içinde okula bomba ile git.!,1,violence_imperative,punctuation+time_modifier
ben okula bomba ile git,1,violence_imperative,synonym_swap+subject_prefix+case_variant
Ahmet'in arabasını çiz anahtarla,1,vandalism_imperative,original
Ahmet'in arabasını çiz anahtarla sabaha,1,vandalism_imperative,time_modifier+typo
kesin olarak ahmet'in arabasını çiz anahtarla,1,vandalism_imperative,future_tense+subject_prefix+case_variant
Ahmet'in arabasını çiz anahtarla artık,1,vandalism_imperative,synonym_swap+filler+typo
artık ahmet'in arabasını çiz anahtarla kesin,1,vandalism_imperative,future_tense+filler+subject_prefix
Ahmet'in arabasını çiz anahtarla yakında,1,vandalism_imperative,time_modifier+future_tense
bence ahmet'in arabasını ciz anahtarla,1,vandalism_imperative,synonym_swap+subject_prefix+typo
kesin olarak ahmet'in arabasını çiz anahtarla.!,1,vandalism_imperative,subject_prefix+punctuation+future_tense
bugün ben ahmet'in arabasını çiz anahtarla,1,vandalism_imperative,punctuation+case_variant+subject_prefix
gece olunca ahmet'in arabasını çiz anahtarla,1,vandalism_imperative,time_modifier
Ahmet'in arabasını çiz anahtarla.,1,vandalism_imperative,punctuation+case_variant
Ahmet'in arabasını çiz anahtarla sanırım,1,vandalism_imperative,filler+future_tense+synonym_swap
Birinin arabasını anahtarla çiz,1,vandalism_imperative,original
yani birinin arabasını anahtarla çiz,1,vandalism_imperative,synonym_swap+filler
bu gece birinin arabasını anahtarla çiz.,1,vandalism_imperative,time_modifier+future_tense+punctuation
akşam olunca birinin arabasını anahtarla çiz.,1,vandalism_imperative,synonym_swap+time_modifier+punctuation
karar verdim bu hafta birinin arabasını anahtarla çiz,1,vandalism_imperative,time_modifier+subject_prefix
aslında birinin arabasını anahtarla çiz,1,vandalism_imperative,filler
az sonra birinin arabasını anahtarla çiz,1,vandalism_imperative,time_modifier+typo
şimdi birinin arabasını anahtarla çiz yani,1,vandalism_imperative,filler+time_modifier
şimdi birinin arabasını anahtarla çiz,1,vandalism_imperative,future_tense+time_modifier
bence birinin arabasını anahtarla çiz,1,vandalism_imperative,case_variant+subject_prefix+future_tense
Birinin arabasinı anahtarla çiz,1,vandalism_imperative,typo+synonym_swap
sanırım birinin arabasını anahtarla çiz,1,vandalism_imperative,subject_prefix
Komşunun arabasını çiz,1,vandalism_imperative,original
şimdi komşunun arabasını çiz,1,vandalism_imperative,typo+time_modifier
Komşunun arabasını çiz az sonra,1,vandalism_imperative,typo+time_modifier+future_tense
Komsunun arabasını çiz,1,vandalism_imperative,typo
evet komşunun arabasını çiz kesin,1,vandalism_imperative,subject_prefix+future_tense+filler
karar verdim komşunun arabasını çiz,1,vandalism_imperative,case_variant+subject_prefix+synonym_swap
Komşunun arabasını çiz kesin,1,vandalism_imperative,filler
artık komşunun arabasını çiz sabaha,1,vandalism_imperative,synonym_swap+subject_prefix+time_modifier
bu gece komşunun arabasını çiz,1,vandalism_imperative,time_modifier+case_variant
kararımı verdim komşunun arabasını çiz!,1,vandalism_imperative,punctuation+synonym_swap+subject_prefix
artık komşunun arabasını çiz!,1,vandalism_imperative,punctuation+subject_prefix
Komşunun arabasını çiz...,1,vandalism_imperative,punctuation+typo+case_variant
Birinin camını kır,1,vandalism_imperative,original
Birinin camını kır bugün içinde,1,vandalism_imperative,future_tense+synonym_swap+time_modifier
Birinin camını kır galiba,1,vandalism_imperative,synonym_swap+filler
az sonra birinin camını kır yani,1,vandalism_imperative,typo+time_modifier+filler
az sonra birinin camını kır,1,vandalism_imperative,time_modifier
Birinin camını kır!,1,vandalism_imperative,punctuation
Birinin camını kır akşama,1,vandalism_imperative,synonym_swap+case_variant+time_modifier
evet birinin camını kır,1,vandalism_imperative,subject_prefix+typo+case_variant
Birinin camıni kir,1,vandalism_imperative,typo+future_tense
Birinin camını kır sanırım,1,vandalism_imperative,filler+future_tense
kesin akşam olunca birinin camını kır,1,vandalism_imperative,time_modifier+filler+typo
Birinin camını kır sabaha,1,vandalism_imperative,case_variant+time_modifier
Okul duvarına çirkin yazı yaz,1,vandalism_imperative,original
Okul duvarına çirkin yazı yaz az sonra,1,vandalism_imperative,time_modifier
sanırım okul duvarına çirkin yazı yaz aslında,1,vandalism_imperative,filler+subject_prefix
Okul duvarına çirkin yazı yaz bu hafta,1,vandalism_imperative,time_modifier
karar verdim okul duvarına Çirkin yazı yaz,1,vandalism_imperative,typo+subject_prefix+case_variant
galiba sanırım okul duvarına çirkin yazı yaz,1,vandalism_imperative,typo+subject_prefix+filler
okul duvarına çirkin yazı yaz bugün içinde,1,vandalism_imperative,time_modifier+case_variant
Okul duvarına çirkin yazı yaz yarın...,1,vandalism_imperative,time_modifier+case_variant+punctuation
Okul duvarına çirkin yazı yaz...,1,vandalism_imperative,case_variant+punctuation
akşam olunca okul duvarına çirkin yazı yaz,1,vandalism_imperative,time_modifier
kesin okul duvarına çirkin yazi yaz,1,vandalism_imperative,filler+typo
sanırım okul duvarına çirkin yazı yaz,1,vandalism_imperative,filler
Birinin eşyasını yak,1,vandalism_imperative,original
evet birinin eşyasını yak..,1,vandalism_imperative,subject_prefix+punctuation+typo
kesin olarak birinin eşyasını yak,1,vandalism_imperative,subject_prefix+synonym_swap+future_tense
bence birinin eşyasını yak,1,vandalism_imperative,future_tense+subject_prefix+typo
evet birinin eşyasını yak,1,vandalism_imperative,subject_prefix
Birinin eşyasını yak yakında,1,vandalism_imperative,punctuation+future_tense+time_modifier
Birinin eşyasını yak yani,1,vandalism_imperative,synonym_swap+filler
valla birinin eşyasını yak,1,vandalism_imperative,synonym_swap+typo+filler
Birinin eşyasını yak bugün içinde,1,vandalism_imperative,time_modifier+punctuation
kararımı verdim birinin eşyasını yak,1,vandalism_imperative,subject_prefix+future_tense
gece olunca birinin eşyasını yak,1,vandalism_imperative,time_modifier+typo
Birinin eşyasını yak!,1,vandalism_imperative,punctuation+future_tense
Park aletlerini kır,1,vandalism_imperative,original
bu gece park aletlerini kır..,1,vandalism_imperative,typo+punctuation+time_modifier
Park aletlerini kır!,1,vandalism_imperative,punctuation+case_variant
Park aletlerini kır bugün içinde,1,vandalism_imperative,time_modifier+typo
kararımı verdim park aletlerini kır,1,vandalism_imperative,subject_prefix+typo
sanırım park aletlerini kır,1,vandalism_imperative,filler+synonym_swap+future_tense
artık sanırım park Aletlerini kır,1,vandalism_imperative,case_variant+subject_prefix+filler
Park aletlerini kır..,1,vandalism_imperative,punctuation
artık park aletlerini kır bu hafta,1,vandalism_imperative,filler+time_modifier+case_variant
Park aletlerini kır. yani,1,vandalism_imperative,punctuation+filler+typo
bu gece park aletlerini kır,1,vandalism_imperative,synonym_swap+time_modifier
Park aletlerini kır artık,1,vandalism_imperative,filler+typo
Birinin bisikletinin lastiğini patlat,1,vandalism_imperative,original
yakında birinin bisikletinin lastiğini patlat,1,vandalism_imperative,time_modifier+synonym_swap+typo
ya birinin bisikletinin Lastiğini patlat artık,1,vandalism_imperative,filler+subject_prefix+case_variant
akşam olunca birinin bisikletinin lastiğini patlat,1,vandalism_imperative,future_tense+time_modifier+synonym_swap
akşam olunca birinin bisikletinin lastiğini patlat..,1,vandalism_imperative,time_modifier+punctuation
Birinin bisikletinin lastiğini patlat.,1,vandalism_imperative,punctuation
evet birinin bisikletinin lastiğini patlat yakında,1,vandalism_imperative,subject_prefix+time_modifier
az sonra birinin bisikletinin lastiğini patlat,1,vandalism_imperative,time_modifier+synonym_swap
sanırım birinin bisikletinin lastiğini patlat,1,vandalism_imperative,future_tense+filler
evet birinin bisikletinin lastiğini patlat,1,vandalism_imperative,subject_prefix+typo
Birinin bisikletinin Lastiğini patlat yakında,1,vandalism_imperative,time_modifier+case_variant
Birinin bisikletinin lastiğini patlat valla,1,vandalism_imperative,filler+future_tense+synonym_swap
Birinin telefonunu kır,1,vandalism_imperative,original
yakında birinin telefonunu kır.,1,vandalism_imperative,time_modifier+punctuation
ya yarın birinin telefonunu kır.!,1,vandalism_imperative,punctuation+time_modifier+subject_prefix
bence birinin telefonunu kır,1,vandalism_imperative,subject_prefix+future_tense+typo
Birinin telefonunu kır bugün içinde,1,vandalism_imperative,punctuation+time_modifier+future_tense
sanırım şimdi birinin telefonunu kır aslında,1,vandalism_imperative,time_modifier+subject_prefix+filler
Birinin telefonunu kır.!,1,vandalism_imperative,punctuation
Birinin telefonunu kır akşama,1,vandalism_imperative,time_modifier
evet birinin telefonunu kır sabaha,1,vandalism_imperative,future_tense+subject_prefix+time_modifier
Birinin telefonunu kır.,1,vandalism_imperative,synonym_swap+punctuation
Birinin telefonunu kır.. yarın,1,vandalism_imperative,punctuation+time_modifier+typo
kesin birinin telefonunu kır,1,vandalism_imperative,filler
Komşunun cam kırılan yaz,1,vandalism_imperative,original
Komşunun cam kırılan yaz.!,1,vandalism_imperative,punctuation+synonym_swap+future_tense
evet komşunun cam kırılan yaz,1,vandalism_imperative,case_variant+subject_prefix
Komşunun cam kırılan yaz...,1,vandalism_imperative,punctuation
artık komşunun Cam kırılan yaz,1,vandalism_imperative,typo+subject_prefix+case_variant
komşunun cam kırılan yaz valla az sonra,1,vandalism_imperative,case_variant+filler+time_modifier
Komşunun cam kırılan yaz sanırım,1,vandalism_imperative,filler+typo
yarın sabah komşunun cam kırılan yaz.,1,vandalism_imperative,future_tense+punctuation+time_modifier
yani komşunun cam kırılan yaz,1,vandalism_imperative,typo+filler
Komşunun cam kırılan yaz yarın,1,vandalism_imperative,time_modifier+typo+case_variant
kesin olarak komşunun cam kırılan yaz,1,vandalism_imperative,case_variant+subject_prefix+typo
bugün ben komşunun cam kırılan yaz,1,vandalism_imperative,subject_prefix+future_tense
Bugün 5 km koş,0,sport_imperative,original
bence bugün 5 km koş,0,sport_imperative,subject_prefix+synonym_swap
kesin olarak bugün 5 km koş akşama,0,sport_imperative,time_modifier+subject_prefix
Bugün 5 km koş sanırım,0,sport_imperative,filler
artık kararımı verdim yarın sabah bugün 5 km koş,0,sport_imperative,time_modifier+subject_prefix+filler
kesin olarak bugün 5 km koş!,0,sport_imperative,punctuation+subject_prefix+synonym_swap
Bugün 5 km koş az sonra,0,sport_imperative,time_modifier
evet bugün 5 km koş,0,sport_imperative,synonym_swap+subject_prefix+typo
Bugün 5 km koş.,0,sport_imperative,future_tense+punctuation+synonym_swap
Bugün 5 km koş aslında,0,sport_imperative,filler
Bugün 5 km koş bu gece...,0,sport_imperative,time_modifier+case_variant+punctuation
yarın yani bugün 5 km koş,0,sport_imperative,filler+time_modifier
İp atla 100 kere,0,sport_imperative,original
İp atla 100 kere.,0,sport_imperative,punctuation+typo+case_variant
İp atla 100 kere.! kesin,0,sport_imperative,punctuation+filler+future_tense
gece olunca karar verdim i̇p atla 100 kere,0,sport_imperative,subject_prefix+time_modifier
i̇p atla 100 kere akşama,0,sport_imperative,time_modifier+future_tense+case_variant
karar verdim i̇p atla 100 kere..,0,sport_imperative,future_tense+subject_prefix+punctuation
sanirim ip atla 100 kere,0,sport_imperative,filler+typo
İp atla 100 kere..,0,sport_imperative,typo+synonym_swap+punctuation
İp atla 100 kere yakında,0,sport_imperative,future_tense+time_modifier
artık ip atla 100 kere,0,sport_imperative,filler
bugün ben i̇p atla 100 kere,0,sport_imperative,future_tense+subject_prefix+synonym_swap
bu hafta ip atla 100 kere,0,sport_imperative,time_modifier
Basketbol oyna arkadaşlarınla,0,sport_imperative,original
ben de basketbol oyna arkadaşlarınla,0,sport_imperative,subject_prefix+case_variant
gece olunca sanırım basketbol oyna arkadaşlarınla,0,sport_imperative,subject_prefix+synonym_swap+time_modifier
Basketbol oyna arkadaşlarınla.! sanırım,0,sport_imperative,punctuation+filler
Basketbol oyna arkadaşlarınla.!,0,sport_imperative,future_tense+punctuation
yani basketbol oyna arkadaşlarınla,0,sport_imperative,typo+case_variant+filler
bu hafta basketbol oyna arkadaşlarınla,0,sport_imperative,time_modifier+punctuation+typo
ya basketbol oyna arkadaşlarınla,0,sport_imperative,subject_prefix+future_tense
ben de basketbol oyna arkadaşlarınla.! bugün içinde,0,sport_imperative,punctuation+time_modifier+subject_prefix
Basketbol oyna arkadaşlarınla sanırım,0,sport_imperative,punctuation+filler
ben basketbol oyna arkadaşlarınla valla,0,sport_imperative,subject_prefix+filler
ben basketbol oyna arkadaşlarınla yani,0,sport_imperative,typo+filler+subject_prefix
Şınav çek 20 tane,0,sport_imperative,original
sanırım şınav çek 20 tane,0,sport_imperative,filler
evet şınav çek 20 tane,0,sport_imperative,typo+future_tense+subject_prefix
Şınav çek 20 tane...,0,sport_imperative,punctuation
Şınav çek 20 tane yarın,0,sport_imperative,future_tense+typo+time_modifier
Galiba şınav çek 20 tane,0,sport_imperative,filler+future_tense+case_variant
ya şınav çek 20 tane,0,sport_imperative,subject_prefix+future_tense
artık şınav çek 20 tane,0,sport_imperative,filler+typo+synonym_swap
Şınav çek 20 tane.!,0,sport_imperative,punctuation+typo+case_variant
Şınav çek 20 tane bu gece,0,sport_imperative,time_modifier
Şınav çek 20 tane!,0,sport_imperative,punctuation
şınav çek 20 tane valla,0,sport_imperative,case_variant+filler
Mekik çek 50 tane,0,sport_imperative,original
Mekik çek 50 tane...,0,sport_imperative,punctuation+future_tense
kararımı verdim mekik çek 50 tane,0,sport_imperative,subject_prefix+future_tense
Mekik çek 50 tane bugün içinde.,0,sport_imperative,time_modifier+punctuation
bugün mekik çek 50 tane,0,sport_imperative,time_modifier+synonym_swap
Mekik çek 50 tane!,0,sport_imperative,future_tense+punctuation
akşam olunca aslında mekik çek 50 tane,0,sport_imperative,filler+time_modifier+future_tense
artık mekik çek 50 tane,0,sport_imperative,punctuation+subject_prefix+synonym_swap
kesin olarak mekik çek 50 tane,0,sport_imperative,subject_prefix
Mekik çek 50 tane bu hafta.,0,sport_imperative,time_modifier+punctuation
bu gece mekik çek 50 tane valla,0,sport_imperative,time_modifier+filler
evet mekik çek 50 tane,0,sport_imperative,synonym_swap+future_tense+subject_prefix
Akşam koşusuna çık,0,sport_imperative,original
Akşam koşusuna çık artık,0,sport_imperative,filler
ben de akşam koşusuna çık,0,sport_imperative,future_tense+subject_prefix
Akşam koşusuna çık bu gece,0,sport_imperative,time_modifier+future_tense
akşam olunca akşam koşusuna çık,0,sport_imperative,time_modifier+case_variant
Akşam koşusuna çık akşama,0,sport_imperative,time_modifier+case_variant
Akşam koşusuna çık aslında,0,sport_imperative,synonym_swap+filler
akşam koşusuna çık bugün içinde,0,sport_imperative,time_modifier+case_variant+future_tense
artık akşam koşusuna çık..,0,sport_imperative,synonym_swap+filler+punctuation
kararımı verdim akşam koşusuna çık,0,sport_imperative,subject_prefix+future_tense
yani akşam koşusuna çık,0,sport_imperative,filler
Akşam koşusuna çik,0,sport_imperative,typo
Esneme hareketleri yap,0,sport_imperative,original
Esneme hareketleri yap... yakında,0,sport_imperative,punctuation+synonym_swap+time_modifier
Esneme hareketleri yap.!,0,sport_imperative,typo+punctuation
Esneme hareketleri yap az sonra,0,sport_imperative,time_modifier+future_tense
ya esneme hareketleri yap,0,sport_imperative,subject_prefix+future_tense
Esneme hareketleri yap!,0,sport_imperative,punctuation
az sonra esneme hareketleri yap,0,sport_imperative,future_tense+time_modifier
Esneme hareketleri yap.,0,sport_imperative,case_variant+punctuation+future_tense
bence esneme hareketleri yap,0,sport_imperative,subject_prefix
Esneme hareketleri yap..,0,sport_imperative,punctuation
valla esneme hareketleri yap,0,sport_imperative,typo+filler+future_tense
valla esneme hareketleri yap bu hafta,0,sport_imperative,synonym_swap+filler+time_modifier
Tenis dersine git,0,sport_imperative,original
yani tenis dersine git akşama,0,sport_imperative,time_modifier+filler+punctuation
Tenis dersine git bu gece,0,sport_imperative,time_modifier
saatler içinde tenis dersine git,0,sport_imperative,synonym_swap+time_modifier+typo
Tenis dersine git bu hafta,0,sport_imperative,time_modifier
ben tenis dersine git,0,sport_imperative,subject_prefix
ben de tenis dersine git,0,sport_imperative,subject_prefix+case_variant+typo
evet tenis dersine git,0,sport_imperative,future_tense+subject_prefix
Tenis dersine git kesin,0,sport_imperative,filler+synonym_swap+punctuation
yakında aslında tenis dersine git,0,sport_imperative,filler+future_tense+time_modifier
kararımı verdim tenis dersine git,0,sport_imperative,subject_prefix+typo
sanırım tenis dersine git,0,sport_imperative,case_variant+filler+typo
Dağa tırmanış yap,0,sport_imperative,original
sanırım dağa tırmanış yap,0,sport_imperative,synonym_swap+typo+filler
kesin olarak dağa tırmanış yap,0,sport_imperative,typo+subject_prefix+case_variant
Dağa tırmanıs yap,0,sport_imperative,future_tense+typo
şimdi dağa tırmanış yap...,0,sport_imperative,punctuation+time_modifier
saatler içinde artık dağa tırmanış yap,0,sport_imperative,subject_prefix+synonym_swap+time_modifier
Dağa tırmanış yap aslında,0,sport_imperative,filler
Dağa tırmanış yap...,0,sport_imperative,case_variant+punctuation
dağa tırmanış yap galiba,0,sport_imperative,case_variant+filler
bu gece dağa tırmanış yap,0,sport_imperative,time_modifier
Dağa tırmanış yap!,0,sport_imperative,punctuation
Dağa tırmanış yap..,0,sport_imperative,punctuation+typo
Yarın sabah koşuya çık,0,sport_imperative,original
kesin yarın sabah koşuya çık,0,sport_imperative,case_variant+filler
Yarın sabah koşuya çık sanırım,0,sport_imperative,filler
Yarın sabah koşuya çık...,0,sport_imperative,punctuation+synonym_swap
artık yarın sabah koşuya çık...,0,sport_imperative,subject_prefix+synonym_swap+punctuation
Yarın sabah koşuya çık! artık,0,sport_imperative,future_tense+punctuation+filler
gece olunca yarın sabah koşuya çık,0,sport_imperative,future_tense+time_modifier+synonym_swap
Yarın sabah koşuya cık,0,sport_imperative,future_tense+synonym_swap+typo
ben yarın sabah koşuya çık sanırım,0,sport_imperative,filler+future_tense+subject_prefix
ya yarın sabah koşuya çık.!,0,sport_imperative,subject_prefix+punctuation
Yarın sabah koşuya çık!,0,sport_imperative,typo+punctuation
Yarın sabah koşuya çık..,0,sport_imperative,synonym_swap+punctuation
Bugün 10000 adım at,0,sport_imperative,original
ben de bugün 10000 adım at,0,sport_imperative,subject_prefix
Bugün 10000 adım at.!,0,sport_imperative,punctuation
bu hafta bugün 10000 adim at...,0,sport_imperative,punctuation+typo+time_modifier
Bugün 10000 adım at!,0,sport_imperative,punctuation+synonym_swap+typo
az sonra bugün 10000 adım at,0,sport_imperative,typo+time_modifier
Akşam olunca bugün 10000 adım at,0,sport_imperative,time_modifier+future_tense+case_variant
artık bugün 10000 adım at,0,sport_imperative,subject_prefix+synonym_swap
evet kesin bugün 10000 adım at,0,sport_imperative,filler+punctuation+subject_prefix
kesin olarak bugün 10000 adım at,0,sport_imperative,subject_prefix+synonym_swap+future_tense
bu akşam bugün 10000 adım at,0,sport_imperative,time_modifier+typo
evet bugün 10000 adım at.,0,sport_imperative,subject_prefix+punctuation+case_variant
Doğa yürüyüşüne git hafta sonu,0,sport_imperative,original
artık doğa yürüyüşüne git hafta sonu,0,sport_imperative,synonym_swap+subject_prefix
Doğa yürüyüşüne git Hafta sonu bu hafta,0,sport_imperative,case_variant+synonym_swap+time_modifier
ya doğa yürüyüşüne git hafta sonu,0,sport_imperative,synonym_swap+subject_prefix+typo
bugün ben doğa yürüyüşüne git hafta sonu,0,sport_imperative,case_variant+subject_prefix
Doğa yürüyüşüne git hafta sonu sanırım yakında,0,sport_imperative,filler+time_modifier
Doğa yürüyüşüne git hafta sonu.!,0,sport_imperative,synonym_swap+future_tense+punctuation
artık doğa yürüyüşüne git hafta sonu.,0,sport_imperative,punctuation+subject_prefix
kesin olarak doğa yürüyüşüne git hafta sonu,0,sport_imperative,future_tense+subject_prefix
şimdi doğa yürüyüşüne git hafta sonu,0,sport_imperative,typo+future_tense+time_modifier
evet doğa yürüyüşüne git hafta sonu,0,sport_imperative,subject_prefix
evet doğa yürüyüşüne git hafta sonu sanırım,0,sport_imperative,filler+subject_prefix
Bugün Python çalış galiba.!,0,study_imperative,filler+case_variant+punctuation
Bugün Python çalış bu hafta,0,study_imperative,time_modifier
ya bugün Python çalış,0,study_imperative,subject_prefix
aslında bugün Python çalış.!,0,study_imperative,synonym_swap+filler+punctuation
ben bugün Python çalış,0,study_imperative,subject_prefix+typo
bu gece bugün Python çalış!,0,study_imperative,synonym_swap+punctuation+time_modifier
yani ben bugün Python çalış,0,study_imperative,subject_prefix+filler
Bugün Python çalış. sanırım,0,study_imperative,punctuation+typo+filler
ben de bugün Python çalış sanırım,0,study_imperative,filler+subject_prefix
Tezini yazmaya devam et,0,study_imperative,original
Tezini yazmaya devam et.,0,study_imperative,synonym_swap+punctuation+typo
kesin olarak tezini yazmaya devam et..,0,study_imperative,punctuation+future_tense+subject_prefix
Tezini yazmaya devam et kesin!,0,study_imperative,filler+punctuation
Tezini yazmaya devam et!,0,study_imperative,punctuation
artık tezini yazmaya devam et,0,study_imperative,subject_prefix
Tezini yazmaya devam et...,0,study_imperative,synonym_swap+punctuation
tezini yazmaya devam et sabaha.!,0,study_imperative,case_variant+time_modifier+punctuation
sanırım tezini yazmaya devam et!,0,study_imperative,subject_prefix+punctuation
artık bu akşam tezini yazmaya devam et...,0,study_imperative,punctuation+time_modifier+filler
yani tezini yazmaya devam et,0,study_imperative,filler
ben de tezini yazmaya devam et,0,study_imperative,future_tense+subject_prefix
Kodlama egzersizleri çöz,0,study_imperative,original
kararımı verdim kodlama egzersizleri çöz,0,study_imperative,subject_prefix
Kodlama egzersizleri çoz yarın,0,study_imperative,future_tense+time_modifier+typo
Kodlama egzersizleri çöz yani,0,study_imperative,future_tense+filler+synonym_swap
artık kodlama egzersizleri çöz bugün içinde,0,study_imperative,typo+subject_prefix+time_modifier
Kodlama egzersizleri çöz...,0,study_imperative,punctuation+future_tense
bu hafta kodlama egzersizleri çöz,0,study_imperative,synonym_swap+time_modifier+future_tense
sanırım kodlama egzersizleri çöz.. yarın,0,study_imperative,subject_prefix+punctuation+time_modifier
Kodlama egzersizleri çöz valla,0,study_imperative,typo+filler+future_tense
bugün ben kodlama egzersizleri çöz,0,study_imperative,future_tense+subject_prefix
ben de aslında kodlama egzersizleri çöz,0,study_imperative,synonym_swap+filler+subject_prefix
evet kodlama egzersizleri çöz yarın,0,study_imperative,time_modifier+subject_prefix
React öğrenmeye devam et,0,study_imperative,original
kararımı verdim react öğrenmeye devam et,0,study_imperative,subject_prefix
React öğrenmeye devam et akşama yani,0,study_imperative,time_modifier+filler
artık react öğrenmeye devam et!,0,study_imperative,subject_prefix+punctuation+future_tense
bence react öğrenmeye devam et!,0,study_imperative,subject_prefix+punctuation+case_variant
artık react öğrenmeye devam et,0,study_imperative,subject_prefix+synonym_swap
bu hafta react öğrenmeye devam et,0,study_imperative,future_tense+time_modifier
React öğrenmeye devam et bu gece,0,study_imperative,time_modifier+synonym_swap
Saatler içinde react öğrenmeye devam et,0,study_imperative,time_modifier+case_variant+typo
React öğrenmeye devam et!,0,study_imperative,punctuation
React öğrenmeye devam et.!,0,study_imperative,case_variant+punctuation
bugün ben react öğrenmeye devam et sabaha,0,study_imperative,time_modifier+typo+subject_prefix
Ödevini yap,0,study_imperative,original
ödevini yap!,0,study_imperative,case_variant+punctuation+typo
bu gece ödevini yap,0,study_imperative,time_modifier+synonym_swap
ödevini yap yarın..,0,study_imperative,time_modifier+case_variant+punctuation
valla ödevini yap,0,study_imperative,filler+future_tense
Ödevini yap az sonra,0,study_imperative,time_modifier+future_tense
ben de ödevini yap,0,study_imperative,subject_prefix+typo+future_tense
kesin olarak ödevini yap,0,study_imperative,subject_prefix+punctuation
Ödevini yap artık sabaha,0,study_imperative,filler+time_modifier+synonym_swap
ben de yani ödevini yap bugün içinde,0,study_imperative,filler+time_modifier+subject_prefix
bu akşam ödevini yap,0,study_imperative,time_modifier+typo+synonym_swap
Ödevini yap aslında,0,study_imperative,filler
İngilizce dinleme yap 30 dakika,0,study_imperative,original
yani ingilizce dinleme yap 30 dakika,0,study_imperative,future_tense+filler
saatler içinde ingilizce dinleme yap 30 dakika aslında,0,study_imperative,filler+time_modifier
karar verdim i̇ngilizce dinleme yap 30 dakika aslında,0,study_imperative,subject_prefix+filler+punctuation
İngilizce dinleme yap 30 dakika kesin,0,study_imperative,typo+filler
Bu gece ingilizce dinleme yap 30 dakika,0,study_imperative,time_modifier+case_variant
Bence i̇ngilizce dinleme yap 30 dakika..,0,study_imperative,subject_prefix+case_variant+punctuation
ben de i̇ngilizce dinleme yap 30 dakika,0,study_imperative,subject_prefix
bugün ben i̇ngilizce dinleme yap 30 dakika..,0,study_imperative,case_variant+subject_prefix+punctuation
bence i̇ngilizce dinleme yap 30 dakika az sonra,0,study_imperative,subject_prefix+time_modifier
az sonra ingilizce dinleme yap 30 Dakika,0,study_imperative,time_modifier+case_variant+future_tense
evet i̇ngilizce dinleme yap 30 dakika,0,study_imperative,subject_prefix+punctuation+synonym_swap
Yeni programlama dili öğrenmeye başla,0,study_imperative,original
Yeni programlama dili öğrenmeye başla valla,0,study_imperative,filler+future_tense
kesin olarak yeni programlama dili öğrenmeye başla,0,study_imperative,typo+subject_prefix+case_variant
Bugün ben yeni programlama dili öğrenmeye başla,0,study_imperative,subject_prefix+case_variant
sanırım yeni programlama dili öğrenmeye başla sabaha,0,study_imperative,time_modifier+subject_prefix
Yeni programlama dili öğrenmeye başla sabaha,0,study_imperative,synonym_swap+time_modifier
ben de yeni programlama dili öğrenmeye başla,0,study_imperative,subject_prefix
artık yeni programlama dili oğrenmeye başla,0,study_imperative,filler+case_variant+typo
gece olunca yeni programlama dili öğrenmeye başla galiba,0,study_imperative,punctuation+filler+time_modifier
evet yakında yeni programlama dili öğrenmeye başla,0,study_imperative,future_tense+time_modifier+subject_prefix
bence yeni programlama dili öğrenmeye başla,0,study_imperative,typo+subject_prefix
sanırım yeni programlama dili öğrenmeye başla..,0,study_imperative,punctuation+subject_prefix+typo
Kütüphaneye git kitap al,0,study_imperative,original
evet kütüphaneye git kitap al,0,study_imperative,subject_prefix
Kütüphaneye git kitap al yakında,0,study_imperative,time_modifier
evet aslında kütüphaneye Git kitap al,0,study_imperative,case_variant+filler+subject_prefix
karar verdim kütüphaneye git kitap al,0,study_imperative,subject_prefix
Kütüphaneye git kitap al... artık,0,study_imperative,punctuation+filler+case_variant
Kütüphaneye git kitap al! bugün içinde,0,study_imperative,typo+punctuation+time_modifier
evet kütüphaneye git kitap al.,0,study_imperative,typo+punctuation+subject_prefix
bugün ben kütüphaneye git kitap al.!,0,study_imperative,subject_prefix+case_variant+punctuation
yani bugün ben kütüphaneye git kitap al,0,study_imperative,subject_prefix+filler
bugün kütüphaneye git kitap al,0,study_imperative,time_modifier
Kütüphaneye git kitap al.,0,study_imperative,punctuation+synonym_swap
Gitar çalış bugün,0,hobby_imperative,original
Gitar çalış bugün aslında sabaha,0,hobby_imperative,typo+filler+time_modifier
Gitar çalış bugün!,0,hobby_imperative,punctuation
az sonra gitar çalış bugün,0,hobby_imperative,time_modifier
Gitar çalış bugün aslında,0,hobby_imperative,filler
kararımı verdim valla gitar çalış bugün bu hafta,0,hobby_imperative,filler+time_modifier+subject_prefix
Gitar çalış bugün sanırım,0,hobby_imperative,filler+typo
Gitar çalış bugün..,0,hobby_imperative,typo+punctuation
bence gitar çaliş bugün,0,hobby_imperative,typo+subject_prefix
Gitar çalış Bugün akşama,0,hobby_imperative,synonym_swap+case_variant+time_modifier
bence gitar çalış bugün,0,hobby_imperative,subject_prefix+case_variant
yarın sabah gitar çalış bugün,0,hobby_imperative,typo+time_modifier
Resim yap akşam,0,hobby_imperative,original
yani resim yap akşam,0,hobby_imperative,synonym_swap+filler+punctuation
sanırım resim yap akşam bugün içinde,0,hobby_imperative,future_tense+subject_prefix+time_modifier
Resim yap akşam bugün içinde,0,hobby_imperative,time_modifier+synonym_swap
Resim yap akşam.!,0,hobby_imperative,future_tense+punctuation
Resim yap akşam bu Hafta,0,hobby_imperative,time_modifier+case_variant
Resim yap akşam...,0,hobby_imperative,punctuation+typo+synonym_swap
Resim yap akşam.,0,hobby_imperative,synonym_swap+punctuation
ben de resim yap akşam,0,hobby_imperative,subject_prefix+case_variant
ya resim yap akşam,0,hobby_imperative,subject_prefix
bugün ben resim yap akşam,0,hobby_imperative,subject_prefix
Resim yap akşam valla,0,hobby_imperative,synonym_swap+filler
Yeni bir tarif dene,0,hobby_imperative,original
kesin olarak yeni bir tarif dene,0,hobby_imperative,subject_prefix+synonym_swap
Yeni bir tarif dene galiba,0,hobby_imperative,filler+synonym_swap+future_tense
ya yeni bir tarif dene,0,hobby_imperative,typo+synonym_swap+subject_prefix
kararımı verdim yarın yeni bir tarif dene,0,hobby_imperative,time_modifier+synonym_swap+subject_prefix
Yeni bir tarif dene akşama.,0,hobby_imperative,time_modifier+punctuation
akşam olunca yeni bir tarif dene,0,hobby_imperative,time_modifier+synonym_swap
sanırım yeni bir tarif dene,0,hobby_imperative,subject_prefix+synonym_swap+future_tense
Yeni bir tarif dene bugün içinde,0,hobby_imperative,time_modifier+future_tense+case_variant
saatler içinde yeni bir tarif dene yani,0,hobby_imperative,time_modifier+case_variant+filler
ben yeni bir tarif dene yakında,0,hobby_imperative,time_modifier+subject_prefix+synonym_swap
Yeni bir tarif dene!,0,hobby_imperative,typo+punctuation
Fotoğraf çek,0,hobby_imperative,original
yani fotoğraf çek!,0,hobby_imperative,punctuation+synonym_swap+filler
Fotoğraf çek kesin,0,hobby_imperative,filler
Fotoğraf cek,0,hobby_imperative,typo
Bu gece fotoğraf çek...,0,hobby_imperative,punctuation+time_modifier+case_variant
ya fotoğraf çek..,0,hobby_imperative,future_tense+subject_prefix+punctuation
Ben fotoğraf çek aslında,0,hobby_imperative,filler+subject_prefix+case_variant
artık fotoğraf Çek,0,hobby_imperative,subject_prefix+synonym_swap+case_variant
Fotoğraf çek..,0,hobby_imperative,case_variant+punctuation
ya fotoğraf çek.,0,hobby_imperative,future_tense+subject_prefix+punctuation
Fotoğraf çek artık,0,hobby_imperative,future_tense+filler+case_variant
aslında fotoğraf Çek..,0,hobby_imperative,filler+punctuation+case_variant
Yeni film izle,0,hobby_imperative,original
bu akşam yeni film izle,0,hobby_imperative,typo+synonym_swap+time_modifier
yarın sabah yeni film izle,0,hobby_imperative,time_modifier
şimdi yeni film izle,0,hobby_imperative,typo+time_modifier+future_tense
Yeni film izle.!,0,hobby_imperative,punctuation+synonym_swap+case_variant
aslında yeni film izle,0,hobby_imperative,future_tense+typo+filler
bugün ben yeni film izle bu hafta,0,hobby_imperative,synonym_swap+subject_prefix+time_modifier
artık yeni film izle,0,hobby_imperative,subject_prefix
Yeni film izle az sonra,0,hobby_imperative,punctuation+synonym_swap+time_modifier
yani yeni film izle,0,hobby_imperative,filler+future_tense
bugün ben aslında yeni film izle,0,hobby_imperative,filler+subject_prefix
bu hafta yeni film izle sanırım,0,hobby_imperative,filler+future_tense+time_modifier
Piyano çalmaya başla,0,hobby_imperative,original
aslında piyano çalmaya başla,0,hobby_imperative,future_tense+synonym_swap+filler
Piyano çalmaya Başla az sonra,0,hobby_imperative,case_variant+time_modifier
Piyano çalmaya başla valla,0,hobby_imperative,filler+future_tense
kesin olarak piyano calmaya başla bu hafta,0,hobby_imperative,time_modifier+typo+subject_prefix
artık piyano çalmaya başla sabaha,0,hobby_imperative,time_modifier+typo+filler
şimdi piyano çalmaya başla kesin,0,hobby_imperative,filler+time_modifier
bu gece piyano çalmaya başla,0,hobby_imperative,time_modifier
Sanırım piyano çalmaya başla.!,0,hobby_imperative,punctuation+filler+case_variant
Piyano çalmaya başla!,0,hobby_imperative,typo+case_variant+punctuation
aslında piyano çalmaya başla az sonra,0,hobby_imperative,filler+time_modifier
piyano çalmaya başla yakında,0,hobby_imperative,typo+case_variant+time_modifier
Yemek pişir ailen için,0,hobby_imperative,original
artık yemek pişir ailen için,0,hobby_imperative,filler
Yemek pişir ailen için aslında,0,hobby_imperative,filler+typo+synonym_swap
sanırım ya yemek pişir ailen için..,0,hobby_imperative,subject_prefix+filler+punctuation
bence yemek pişir ailen için..,0,hobby_imperative,punctuation+typo+subject_prefix
karar verdim yani yemek pişir ailen için,0,hobby_imperative,filler+punctuation+subject_prefix
Yemek pişir ailen için!,0,hobby_imperative,case_variant+punctuation
kesin yemek pişir ailen için,0,hobby_imperative,case_variant+punctuation+filler
artık kesin yemek pişir ailen için.!,0,hobby_imperative,filler+subject_prefix+punctuation
Yemek pişir ailen için...,0,hobby_imperative,punctuation+typo+synonym_swap
Yemek pişir ailen için artık,0,hobby_imperative,future_tense+filler
artık yemek pişir ailen için valla,0,hobby_imperative,typo+filler+subject_prefix
Çizim yap defterine,0,hobby_imperative,original
saatler içinde çizim yap defterine.,0,hobby_imperative,punctuation+time_modifier+synonym_swap
kesin olarak çizim yap defterine.!,0,hobby_imperative,future_tense+subject_prefix+punctuation
karar verdim çizim yap defterine,0,hobby_imperative,case_variant+subject_prefix
Çizim yap defterine!,0,hobby_imperative,punctuation
çizim yap defterine.,0,hobby_imperative,punctuation+case_variant
Çizim yap defterine aslında,0,hobby_imperative,filler+synonym_swap
yarın sabah çizim yap defterine,0,hobby_imperative,time_modifier+synonym_swap
sanırım çizim yap defterine,0,hobby_imperative,subject_prefix+typo
bence çizim yap defterine,0,hobby_imperative,subject_prefix
Çizim yap defterine sanırım..,0,hobby_imperative,filler+case_variant+punctuation
saatler içinde çizim yap defterine,0,hobby_imperative,time_modifier
Şarkı söyle,0,hobby_imperative,original
evet şarkı söyle yani,0,hobby_imperative,subject_prefix+filler+typo
şarkı söyle sanırım,0,hobby_imperative,filler+case_variant
Şarkı söyle!,0,hobby_imperative,punctuation+future_tense+case_variant
Şarkı söyle... akşama,0,hobby_imperative,synonym_swap+punctuation+time_modifier
bu gece şarkı söyle,0,hobby_imperative,future_tense+case_variant+time_modifier
artık şarkı söyle,0,hobby_imperative,future_tense+subject_prefix+synonym_swap
Şarkı söyle...,0,hobby_imperative,synonym_swap+punctuation
yakında şarkı söyle,0,hobby_imperative,time_modifier+future_tense
Şarkı söyle..,0,hobby_imperative,punctuation+future_tense+typo
galiba şarkı söyle,0,hobby_imperative,filler+synonym_swap
Şarkı söyle sabaha,0,hobby_imperative,time_modifier
Yeni oyun dene,0,hobby_imperative,original
yani yeni oyun dene,0,hobby_imperative,filler+case_variant+synonym_swap
yarın kesin olarak Yeni oyun dene,0,hobby_imperative,subject_prefix+case_variant+time_modifier
Yeni oyun dene!,0,hobby_imperative,future_tense+punctuation
Yeni oyun dene.!,0,hobby_imperative,punctuation
kesin olarak sanırım yeni oyun dene..,0,hobby_imperative,filler+subject_prefix+punctuation
ben yeni oyun dene,0,hobby_imperative,subject_prefix+typo
Yeni oyun dene galiba bu hafta,0,hobby_imperative,case_variant+filler+time_modifier
akşam olunca yeni oyun dene!,0,hobby_imperative,punctuation+time_modifier
karar verdim yeni oyun dene sabaha,0,hobby_imperative,time_modifier+subject_prefix+typo
artık yeni oyun dene,0,hobby_imperative,filler
Yeni oyun dene az sonra,0,hobby_imperative,time_modifier
Boyama kitabı doldur,0,hobby_imperative,original
yani boyama kitabı doldur,0,hobby_imperative,case_variant+filler
gece olunca boyama kitabı doldur,0,hobby_imperative,case_variant+time_modifier+synonym_swap
bugün ben boyama kitabı doldur,0,hobby_imperative,subject_prefix
Boyama kitabı doldur aslında..,0,hobby_imperative,filler+punctuation
Boyama kitabı doldur! yani,0,hobby_imperative,case_variant+punctuation+filler
evet boyama kitabı doldur...,0,hobby_imperative,subject_prefix+punctuation
ben de boyama kitabı doldur artık,0,hobby_imperative,subject_prefix+filler
kararımı verdim boyama kitabı doldur,0,hobby_imperative,subject_prefix
Boyama kitabi doldur akşama,0,hobby_imperative,typo+time_modifier
Boyama kitabı doldur.!,0,hobby_imperative,punctuation+synonym_swap
Boyama kitabi doldur yani,0,hobby_imperative,typo+filler+synonym_swap
Arabanın resmini çiz defterine,0,drawing_safe,original
evet arabanın resmini çiz defterine... artık,0,drawing_safe,punctuation+filler+subject_prefix
ya arabanın resmini çiz defterine valla.,0,drawing_safe,subject_prefix+filler+punctuation
bu akşam arabanın resmini çiz defterine,0,drawing_safe,time_modifier+future_tense
valla arabanın resmini çiz defterine.!,0,drawing_safe,punctuation+typo+filler
kesin arabanın resmini çiz defterine,0,drawing_safe,filler
bugün ben sanırım arabanın resmini çiz defterine,0,drawing_safe,filler+typo+subject_prefix
kesin az sonra arabanın resmini çiz defterine,0,drawing_safe,typo+time_modifier+filler
arabanın resmini çiz defterine galiba,0,drawing_safe,filler+future_tense+case_variant
yani arabanın resmini çiz defterine,0,drawing_safe,typo+filler
aslında arabanın resmini çiz defterine!,0,drawing_safe,filler+punctuation
arabanın resmini çiz defterine..,0,drawing_safe,punctuation+synonym_swap+case_variant
Manzara resmi çiz,0,drawing_safe,original
yarın sabah manzara resmi çiz,0,drawing_safe,time_modifier
Manzara resmi çiz sabaha,0,drawing_safe,case_variant+time_modifier+typo
galiba bu akşam manzara resmi çiz,0,drawing_safe,typo+time_modifier+filler
kararımı verdim manzara resmi çiz...,0,drawing_safe,future_tense+punctuation+subject_prefix
karar verdim manzara resmi çiz,0,drawing_safe,subject_prefix+synonym_swap+typo
bugün ben manzara resmi çiz,0,drawing_safe,subject_prefix+future_tense
bu akşam manzara resmi çiz,0,drawing_safe,time_modifier+future_tense+case_variant
bence bu hafta manzara resmi çiz!,0,drawing_safe,punctuation+time_modifier+subject_prefix
artık manzara resmi çiz...,0,drawing_safe,subject_prefix+punctuation+synonym_swap
Manzara resmi çiz sanırım,0,drawing_safe,case_variant+synonym_swap+filler
kararımı verdim manzara resmi çiz akşama,0,drawing_safe,subject_prefix+time_modifier
Bir karikatür çiz,0,drawing_safe,original
bu akşam bir karikatür çiz,0,drawing_safe,synonym_swap+case_variant+time_modifier
sanırım bir karikatür çiz,0,drawing_safe,filler
Bir karikatür çiz yarın,0,drawing_safe,time_modifier+future_tense
Bir Karikatür çiz galiba,0,drawing_safe,filler+case_variant
Bir karikatür çiz sanırım,0,drawing_safe,typo+future_tense+filler
Bir karikatür çiz sabaha,0,drawing_safe,case_variant+time_modifier
artık bir karikatür çiz,0,drawing_safe,synonym_swap+filler
az sonra bir karikatür çiz...,0,drawing_safe,punctuation+time_modifier
artık bir karikatür çiz.,0,drawing_safe,filler+punctuation
Bir karikatür çiz..,0,drawing_safe,punctuation+future_tense
yani bir karikatür çiz,0,drawing_safe,synonym_swap+filler+case_variant
Annenin portresini çiz,0,drawing_safe,original
artık annenin portresini çiz bugün içinde,0,drawing_safe,time_modifier+typo+filler
Annenin portresini çiz artık,0,drawing_safe,filler+future_tense+case_variant
yarın sabah annenin portresini çiz,0,drawing_safe,time_modifier
galiba annenin portresini çiz,0,drawing_safe,typo+filler
Annenin portresini çiz kesin,0,drawing_safe,filler
sanırım annenin portresini çiz...,0,drawing_safe,future_tense+subject_prefix+punctuation
bence annenin portresini çiz,0,drawing_safe,case_variant+future_tense+subject_prefix
Annenin portresini çiz!,0,drawing_safe,punctuation
Annenin portresini çiz.,0,drawing_safe,typo+punctuation
Annenin portresini çiz. yarın,0,drawing_safe,punctuation+time_modifier+synonym_swap
Annenin portresini çiz yani!,0,drawing_safe,filler+punctuation
Sevdiğin arabanın resmini yap,0,drawing_safe,original
Sevdiğin arabanın resmini yap valla,0,drawing_safe,case_variant+synonym_swap+filler
Sevdiğin arabanın resmini yap yarın,0,drawing_safe,time_modifier
ben de sevdiğin arabanın resmini yap,0,drawing_safe,case_variant+subject_prefix
Sevdiğin arabanın resmini yap.,0,drawing_safe,synonym_swap+punctuation
artık sevdiğin arabanın resmini yap,0,drawing_safe,subject_prefix+case_variant+typo
Sevdiğin arabanın resmini yap sanırım,0,drawing_safe,future_tense+filler
Sevdiğin arabanın resmini yap galiba,0,drawing_safe,filler
valla sevdiğin arabanın resmini yap,0,drawing_safe,filler
Sevdiğin arabanın resmini yap...,0,drawing_safe,synonym_swap+future_tense+punctuation
akşam olunca sevdiğin arabanın resmini yap,0,drawing_safe,time_modifier+synonym_swap
Sevdiğin arabanın resmini yap bu gece,0,drawing_safe,time_modifier+punctuation
Kediyi çiz tuvale,0,drawing_safe,original
az sonra kediyi çiz tuvale,0,drawing_safe,synonym_swap+time_modifier+typo
Evet kediyi çiz tuvale,0,drawing_safe,subject_prefix+case_variant
kediyi çiz tuvale yarın,0,drawing_safe,time_modifier+case_variant
karar verdim kediyi çiz tuvale,0,drawing_safe,subject_prefix
Kediyi çiz tuvale!,0,drawing_safe,synonym_swap+punctuation
gece olunca kediyi çiz tuvale,0,drawing_safe,future_tense+time_modifier+synonym_swap
ben kediyi çiz tuvale,0,drawing_safe,subject_prefix+typo+case_variant
akşam olunca ben de kediyi çiz tuvale,0,drawing_safe,subject_prefix+time_modifier+punctuation
şimdi sanırım kediyi çiz tuvale,0,drawing_safe,filler+synonym_swap+time_modifier
artık kediyi çiz tuvale,0,drawing_safe,synonym_swap+filler
Kediyi çiz tuvale akşama,0,drawing_safe,synonym_swap+time_modifier
Köpeğin resmini yap,0,drawing_safe,original
valla köpeğin resmini yap,0,drawing_safe,future_tense+filler
Köpeğin resmini yap sabaha,0,drawing_safe,time_modifier
kesin köpeğin resmini yap,0,drawing_safe,filler
yani köpeğin resmini yap,0,drawing_safe,future_tense+typo+filler
bu gece bugün ben köpeğin resmini yap,0,drawing_safe,typo+subject_prefix+time_modifier
ben köpeğin resmini yap,0,drawing_safe,case_variant+subject_prefix
bence kesin köpeğin resmini yap,0,drawing_safe,filler+future_tense+subject_prefix
yakında köpeğin resmini yap,0,drawing_safe,time_modifier+future_tense+punctuation
Köpeğin resmini yap bugün içinde,0,drawing_safe,case_variant+future_tense+time_modifier
yarın köpeğin resmini yap,0,drawing_safe,time_modifier
ben kesin köpeğin resmini yap,0,drawing_safe,filler+typo+subject_prefix
Çocukluk arkadaşının portresini çiz,0,drawing_safe,original
galiba çocukluk arkadaşının portresini Çiz yarın,0,drawing_safe,filler+time_modifier+case_variant
kesin çocukluk arkadaşının portresini çiz,0,drawing_safe,filler
Çocukluk arkadaşının portresini çiz..,0,drawing_safe,punctuation+future_tense
bugun çocukluk arkadaşının portresini çiz,0,drawing_safe,time_modifier+typo+synonym_swap
karar verdim çocukluk arkadaşının portresini çiz,0,drawing_safe,synonym_swap+subject_prefix
ya çocukluk arkadaşının portresini çiz,0,drawing_safe,subject_prefix
sanırım çocukluk arkadaşının portresini çiz,0,drawing_safe,synonym_swap+filler
kararımı verdim çocukluk arkadaşının portresini çiz,0,drawing_safe,future_tense+subject_prefix
Çocukluk arkadaşının portresini çiz bu gece.!,0,drawing_safe,typo+time_modifier+punctuation
bugün ben çocukluk arkadaşının portresini çiz!,0,drawing_safe,punctuation+case_variant+subject_prefix
bugün ben çocukluk arkadaşının portresini çiz...,0,drawing_safe,punctuation+subject_prefix+synonym_swap
Bir şehir manzarası çiz,0,drawing_safe,original
Bir şehir manzarası çiz...,0,drawing_safe,punctuation+synonym_swap
bugün ben bir şehir manzarası çiz,0,drawing_safe,subject_prefix+synonym_swap
ben bir şehir manzarası ciz,0,drawing_safe,subject_prefix+typo
evet bir şehir manzarası çiz yakında,0,drawing_safe,time_modifier+subject_prefix+case_variant
Bir şehir manzarası çiz yani,0,drawing_safe,filler
Bir şehir manzarası çiz artık,0,drawing_safe,future_tense+filler
ya bir şehir manzarası çiz yani,0,drawing_safe,filler+subject_prefix
artık az sonra bir şehir manzarası çiz,0,drawing_safe,time_modifier+subject_prefix
ben de bir şehir manzarası çiz,0,drawing_safe,case_variant+subject_prefix+synonym_swap
artık bir şehir manzarası çiz,0,drawing_safe,subject_prefix+synonym_swap
bir şehir manzarası çiz.!,0,drawing_safe,punctuation+future_tense+case_variant
Bol su iç,0,health_imperative,original
bu hafta bol su iç,0,health_imperative,synonym_swap+case_variant+time_modifier
karar verdim bol su iç,0,health_imperative,case_variant+future_tense+subject_prefix
ya bol su iç,0,health_imperative,subject_prefix+synonym_swap+typo
gece olunca bol su iç yani,0,health_imperative,time_modifier+filler
artık bol su iç,0,health_imperative,future_tense+filler
saatler içinde bol su iç,0,health_imperative,time_modifier
aslında bol su iç,0,health_imperative,filler+case_variant+synonym_swap
kesin bol su iç.,0,health_imperative,filler+punctuation+typo
bu gece bol su iç kesin,0,health_imperative,filler+time_modifier
Bol su iç..,0,health_imperative,punctuation+future_tense+case_variant
Bol su iç...,0,health_imperative,typo+punctuation+synonym_swap
8 saat uyumaya çalış,0,health_imperative,original
8 saat uyumaya çalış akşama,0,health_imperative,future_tense+typo+time_modifier
bu gece 8 saat uyumaya çalış yani,0,health_imperative,filler+time_modifier+synonym_swap
az sonra 8 saat uyumaya çalış,0,health_imperative,time_modifier+case_variant
yarın 8 saat uyumaya çalış,0,health_imperative,time_modifier+synonym_swap
8 saat uyumaya çalış aslında,0,health_imperative,filler
artık 8 saat uyumaya çalış yarın,0,health_imperative,future_tense+subject_prefix+time_modifier
evet 8 saat uyumaya çalış sanırım,0,health_imperative,subject_prefix+filler+future_tense
evet 8 saat uyumaya çalış,0,health_imperative,future_tense+subject_prefix
8 saat uyumaya çalış.,0,health_imperative,punctuation+future_tense
yarın sabah 8 saat uyumaya çalış,0,health_imperative,time_modifier
bence 8 saat uyumaya çalış,0,health_imperative,case_variant+punctuation+subject_prefix
Vitamin ilacını al,0,health_imperative,original
Vitamin ilacını al.,0,health_imperative,punctuation+future_tense
ben vitamin ilacını al bu gece,0,health_imperative,time_modifier+subject_prefix
galiba vitamin ilacını al,0,health_imperative,case_variant+filler
bugün ben vitamin ilacıni al,0,health_imperative,subject_prefix+typo+future_tense
Vitamin ilacını al..,0,health_imperative,typo+punctuation
evet vitamin ilacını al yani...,0,health_imperative,filler+subject_prefix+punctuation
ya gece olunca aslında vitamin ilacını al,0,health_imperative,filler+time_modifier+subject_prefix
Vitamin ilacını al kesin.!,0,health_imperative,filler+typo+punctuation
Vitamin ilacını al yarın,0,health_imperative,time_modifier
kesin vitamin ilacını al,0,health_imperative,filler+future_tense
galiba vitamin ilacını al...,0,health_imperative,synonym_swap+punctuation+filler
Doktor randevusuna git,0,health_imperative,original
doktor randevusuna git!,0,health_imperative,punctuation+case_variant
galiba doktor randevusuna git,0,health_imperative,synonym_swap+typo+filler
artık doktor randevusuna git,0,health_imperative,filler
Doktor randevusuna git sanırım,0,health_imperative,punctuation+filler
bugün doktor randevusuna git kesin,0,health_imperative,case_variant+filler+time_modifier
Doktor randevusuna git.!,0,health_imperative,punctuation
Doktor randevusuna git yakında,0,health_imperative,time_modifier+future_tense
Doktor randevusuna git aslında,0,health_imperative,filler
Doktor randevusuna git..,0,health_imperative,typo+punctuation
Doktor randevusuna git sabaha,0,health_imperative,time_modifier+case_variant+synonym_swap
bu akşam doktor randevusuna git,0,health_imperative,case_variant+time_modifier
Meditasyon yap 15 dakika,0,health_imperative,original
Ya meditasyon yap 15 dakika,0,health_imperative,subject_prefix+case_variant+typo
Meditasyon yap 15 dakika artık,0,health_imperative,typo+future_tense+filler
Meditasyon yap 15 dakika bugün içinde,0,health_imperative,punctuation+time_modifier
Meditasyon Yap 15 dakika bu hafta,0,health_imperative,time_modifier+case_variant
valla meditasyon yap 15 dakika,0,health_imperative,filler
Meditasyon yap 15 dakika sanırım,0,health_imperative,typo+filler
meditasyon yap 15 dakika..,0,health_imperative,punctuation+case_variant
karar verdim meditasyon yap 15 dakika,0,health_imperative,subject_prefix+punctuation
yarın sabah meditasyon yap 15 dakika,0,health_imperative,future_tense+time_modifier+synonym_swap
Meditasyon yap 15 dakika akşama kesin,0,health_imperative,time_modifier+filler
Meditasyon yap 15 dakika yani..,0,health_imperative,filler+synonym_swap+punctuation
Sigarayı bırakmaya çalış,0,health_imperative,original
yani sigarayı bırakmaya çalış,0,health_imperative,filler+typo
bugün sigarayı bırakmaya çalış,0,health_imperative,time_modifier
karar verdim sigarayı bırakmaya çalış,0,health_imperative,subject_prefix
Sigarayı bırakmaya çalıs yarın,0,health_imperative,time_modifier+typo
galiba sigarayı bırakmaya Çalış,0,health_imperative,case_variant+typo+filler
artık sigarayı bırakmaya çalış galiba,0,health_imperative,filler+subject_prefix
Sigarayı bırakmaya çalış..,0,health_imperative,punctuation
sigarayı birakmaya çaliş,0,health_imperative,typo+case_variant
akşam olunca sigarayı bırakmaya çalış,0,health_imperative,time_modifier+punctuation
Sigarayı bırakmaya çalış yani,0,health_imperative,filler+future_tense
kesin olarak sigarayı bırakmaya çalış,0,health_imperative,case_variant+subject_prefix
Sebze ve meyve ye,0,health_imperative,original
sanırım sebze ve meyve ye,0,health_imperative,synonym_swap+case_variant+filler
Sebze ve meyve ye artık,0,health_imperative,future_tense+filler
sanırım sebze ve meyve ye.! yani,0,health_imperative,punctuation+subject_prefix+filler
yani sebze ve meyve ye,0,health_imperative,filler
kesin kararımı verdim sebze ve meyve ye,0,health_imperative,subject_prefix+filler
Sebze ve meyve ye valla...,0,health_imperative,filler+punctuation+synonym_swap
Sebze ve meyve ye sabaha,0,health_imperative,synonym_swap+time_modifier
sebze ve meyve ye bugün içinde,0,health_imperative,time_modifier+case_variant+synonym_swap
aslında sebze ve meyve ye,0,health_imperative,typo+filler
bu gece sebze ve meyve ye,0,health_imperative,future_tense+typo+time_modifier
Sebze ve meyve ye kesin,0,health_imperative,future_tense+synonym_swap+filler
Stres yönetimi tekniklerini dene,0,health_imperative,original
bu hafta stres yönetimi tekniklerini dene,0,health_imperative,time_modifier
valla stres yönetimi tekniklerini dene,0,health_imperative,synonym_swap+filler
evet stres yönetimi tekniklerini dene,0,health_imperative,subject_prefix+future_tense
sanırım stres yönetimi tekniklerini dene,0,health_imperative,future_tense+subject_prefix
galiba stres yönetimi tekniklerini dene,0,health_imperative,case_variant+filler
Stres yönetimi tekniklerini dene sanırım,0,health_imperative,filler
Stres yönetimi tekniklerini dene yani,0,health_imperative,filler
Stres yönetimi tekniklerini dene.,0,health_imperative,punctuation
Stres yönetimi tekniklerini dene yarın,0,health_imperative,time_modifier
ya yani stres yönetimi tekniklerini dene..,0,health_imperative,filler+subject_prefix+punctuation
ben de stres yönetimi tekniklerini dene,0,health_imperative,subject_prefix
Şeker tüketimini azalt,0,health_imperative,original
sanırım şeker tüketimini azalt,0,health_imperative,filler+synonym_swap+future_tense
Şeker tüketimini azalt sanırım az sonra,0,health_imperative,filler+time_modifier
kararımı verdim şeker tüketimini azalt,0,health_imperative,subject_prefix+typo
az sonra valla şeker tüketimini azalt,0,health_imperative,filler+time_modifier
saatler içinde şeker tüketimini azalt.!,0,health_imperative,synonym_swap+time_modifier+punctuation
Şeker tüketimini azalt galiba,0,health_imperative,filler
Şeker tüketimini azalt kesin,0,health_imperative,filler
yani şeker tüketimini azalt,0,health_imperative,filler
Şeker tüketimini azalt akşama..,0,health_imperative,time_modifier+punctuation+case_variant
Şeker tüketimini azalt bu hafta,0,health_imperative,time_modifier+typo
evet artık şeker tüketimini azalt,0,health_imperative,filler+subject_prefix
Vücudunu dinlendir bugün,0,health_imperative,original
Vücudunu dinlendir bugün sabaha,0,health_imperative,synonym_swap+time_modifier+future_tense
ben de aslında vucudunu dinlendir bugün,0,health_imperative,filler+typo+subject_prefix
vücudunu dinlendir bugün aslında,0,health_imperative,filler+case_variant
karar verdim vücudunu dinlendir bugün..,0,health_imperative,punctuation+subject_prefix
karar verdim vücudunu dinlendir bugün,0,health_imperative,case_variant+subject_prefix
galiba vücudunu dinlendir bugün akşama,0,health_imperative,filler+time_modifier+synonym_swap
yakında vücudunu dinlendir bugün,0,health_imperative,synonym_swap+time_modifier
galiba vücudunu dinlendir bugün!,0,health_imperative,filler+punctuation
yani vücudunu dinlendir bugün sabaha,0,health_imperative,time_modifier+filler
bugün vücudunu dinlendir bugün,0,health_imperative,punctuation+time_modifier
Vücudunu dinlendir bugün.!,0,health_imperative,punctuation+synonym_swap
Ev temizliği yap,0,daily_imperative,original
ben ev temizliği yap,0,daily_imperative,typo+synonym_swap+subject_prefix
Ev temizliği yap yani,0,daily_imperative,filler+future_tense
Ev temizliği yap sabaha.,0,daily_imperative,time_modifier+punctuation
Ev temizliği yap...,0,daily_imperative,punctuation
Ev temizliği yap..,0,daily_imperative,punctuation
akşam olunca ev temizliği yap,0,daily_imperative,time_modifier
Ev temizliği yap sabaha,0,daily_imperative,time_modifier+typo
Ev temizliği yap yakında,0,daily_imperative,time_modifier
bugün ben ev temizliği yap yakında,0,daily_imperative,subject_prefix+time_modifier+future_tense
kararımı verdim ev temizliği yap,0,daily_imperative,subject_prefix
Ev temizliği yap kesin,0,daily_imperative,typo+filler+future_tense
Çamaşır yıka,0,daily_imperative,original
Çamaşır yıka sanırım yarın,0,daily_imperative,typo+filler+time_modifier
bence çamaşır yıka,0,daily_imperative,subject_prefix+case_variant+typo
karar verdim çamaşır yıka,0,daily_imperative,synonym_swap+subject_prefix+future_tense
ya çamaşır yıka,0,daily_imperative,subject_prefix
Çamaşır yıka bu hafta,0,daily_imperative,synonym_swap+time_modifier
yani çamaşır yıka,0,daily_imperative,case_variant+typo+filler
Çamaşır yıka bu gece aslında,0,daily_imperative,time_modifier+typo+filler
Çamaşır yıka Galiba,0,daily_imperative,typo+filler+case_variant
bu hafta çamaşır yıka,0,daily_imperative,time_modifier
yakında karar verdim çamaşır yıka,0,daily_imperative,subject_prefix+time_modifier
bu gece çamaşır yıka kesin,0,daily_imperative,filler+case_variant+time_modifier
Yatak odanı düzenle,0,daily_imperative,original
ben de yatak odanı düzenle,0,daily_imperative,subject_prefix
Yatak odanı düzenle bu gece,0,daily_imperative,time_modifier
karar verdim yatak odanı düzenle,0,daily_imperative,subject_prefix
sanırım yatak odanı düzenle.,0,daily_imperative,future_tense+subject_prefix+punctuation
bu gece ben de yatak odanı düzenle,0,daily_imperative,subject_prefix+time_modifier+punctuation
valla yatak odanı düzenle,0,daily_imperative,filler
yatak odanı düzenle.,0,daily_imperative,synonym_swap+punctuation+case_variant
yakında yatak odanı düzenle,0,daily_imperative,time_modifier
sanırım yatak odanı düzenle,0,daily_imperative,case_variant+filler
karar verdim yatak odanı düzenle...,0,daily_imperative,subject_prefix+punctuation+future_tense
Yatak odanı düzenle aslında.!,0,daily_imperative,filler+typo+punctuation
Çalışma masanı düzenle,0,daily_imperative,original
Çalışma masanı düzenle bu gece,0,daily_imperative,time_modifier
karar verdim çalışma masanı düzenle az sonra,0,daily_imperative,case_variant+subject_prefix+time_modifier
artık çalışma masanı düzenle,0,daily_imperative,subject_prefix
galiba çalışma masanı düzenle.,0,daily_imperative,punctuation+filler
bence çalışma masanı düzenle,0,daily_imperative,subject_prefix+punctuation+typo
artık çalışma masanı düzenle yakında,0,daily_imperative,subject_prefix+time_modifier
Çalışma masanı düzenle...,0,daily_imperative,case_variant+punctuation
bugün çalışma masanı düzenle,0,daily_imperative,time_modifier
Çalışma masanı düzenle artık.!,0,daily_imperative,filler+punctuation+typo
sanırım çalışma masanı düzenle!,0,daily_imperative,punctuation+synonym_swap+subject_prefix
galiba çalışma masanı düzenle yarın,0,daily_imperative,synonym_swap+filler+time_modifier
E-postalarını yanıtla,0,daily_imperative,original
gece olunca e-postalarını yanıtla,0,daily_imperative,time_modifier
Artık e-postalarını yanıtla,0,daily_imperative,filler+case_variant
E-postalarını yanıtla!,0,daily_imperative,punctuation
sanırım e-postalarını yanıtla akşama,0,daily_imperative,subject_prefix+time_modifier
yani az sonra kararımı verdim e-postalarını yanıtla,0,daily_imperative,subject_prefix+time_modifier+filler
E-postalarını yanıtla...,0,daily_imperative,punctuation
bu gece e-postalarını yanıtla,0,daily_imperative,case_variant+time_modifier
valla e-postalarını yanıtla bu gece,0,daily_imperative,case_variant+time_modifier+filler
ben de e-postalarını yanıtla,0,daily_imperative,subject_prefix
kesin olarak e-postalarını yanıtla yani.!,0,daily_imperative,filler+subject_prefix+punctuation
E-postalarını yanıtla valla,0,daily_imperative,filler
Aileni ara,0,daily_imperative,original
saatler içinde aileni ara,0,daily_imperative,typo+future_tense+time_modifier
Aileni ara! sanırım,0,daily_imperative,punctuation+typo+filler
bence aileni ara,0,daily_imperative,subject_prefix+synonym_swap
Aileni ara yakında,0,daily_imperative,future_tense+time_modifier+case_variant
sanırım aileni ara,0,daily_imperative,case_variant+synonym_swap+filler
yani aileni ara,0,daily_imperative,filler+punctuation
valla aileni ara,0,daily_imperative,filler
ben aileni ara,0,daily_imperative,subject_prefix+typo
saatler içinde aileni ara..,0,daily_imperative,punctuation+time_modifier
ya aileni ara,0,daily_imperative,future_tense+subject_prefix
yarın sabah aileni ara,0,daily_imperative,synonym_swap+time_modifier
Dolaplarını düzenle,0,daily_imperative,original
artık dolaplarını düzenle sabaha,0,daily_imperative,time_modifier+filler+future_tense
Dolaplarını düzenle sanırım,0,daily_imperative,case_variant+future_tense+filler
Bugün dolaplarını düzenle,0,daily_imperative,time_modifier+case_variant
Dolaplarını düzenle..,0,daily_imperative,punctuation
Dolaplarını düzenle sanırım.!,0,daily_imperative,filler+punctuation
karar verdim dolaplarını düzenle.!,0,daily_imperative,subject_prefix+punctuation
Dolaplarını düzenle.,0,daily_imperative,punctuation+future_tense
sanırım dolaplarını düzenle,0,daily_imperative,filler
Dolaplarını düzenle yarın,0,daily_imperative,time_modifier
akşam olunca evet dolaplarını düzenle,0,daily_imperative,subject_prefix+time_modifier
Dolaplarını duzenle,0,daily_imperative,future_tense+typo
Anneanneni ziyaret et,0,social_imperative,original
ben de anneanneni ziyaret et,0,social_imperative,synonym_swap+typo+subject_prefix
valla anneanneni ziyaret et az sonra,0,social_imperative,time_modifier+filler+typo
artık anneanneni ziyaret et,0,social_imperative,subject_prefix+future_tense
galiba anneanneni ziyaret et,0,social_imperative,filler+future_tense+synonym_swap
gece olunca anneanneni ziyaret et galiba,0,social_imperative,future_tense+time_modifier+filler
sanırım anneanneni ziyaret et,0,social_imperative,filler
Anneanneni ziyaret et!,0,social_imperative,synonym_swap+punctuation+future_tense
valla anneanneni Ziyaret et yarın,0,social_imperative,case_variant+filler+time_modifier
Anneanneni ziyaret et yakında,0,social_imperative,future_tense+time_modifier
kararımı verdim anneanneni ziyaret et.,0,social_imperative,subject_prefix+synonym_swap+punctuation
sanırım anneanneni ziyaret et...,0,social_imperative,punctuation+subject_prefix
Annenle alışverişe git,0,social_imperative,original
Annenle alişverişe git,0,social_imperative,typo+future_tense
Annenle alışverişe git yarın...,0,social_imperative,time_modifier+punctuation+synonym_swap
Annenle alışverişe git sabaha,0,social_imperative,synonym_swap+future_tense+time_modifier
Annenle alısverişe git,0,social_imperative,typo
bugün annenle alışverişe git,0,social_imperative,synonym_swap+time_modifier
bugün ben annenle alışverişe Git,0,social_imperative,case_variant+subject_prefix
aslında annenle Alışverişe git,0,social_imperative,case_variant+filler
evet annenle alışverişe git...,0,social_imperative,subject_prefix+punctuation
Ya bugün annenle alışverişe git,0,social_imperative,time_modifier+subject_prefix+case_variant
Annenle alışverişe git kesin,0,social_imperative,filler+punctuation+case_variant
artık annenle alışverişe git,0,social_imperative,future_tense+synonym_swap+filler
Kuzeninle parkta buluş,0,social_imperative,original
galiba kuzeninle parkta buluş,0,social_imperative,filler+typo
sanırım evet kuzeninle parkta buluş yakında,0,social_imperative,subject_prefix+time_modifier+filler
Kuzeninle parkta buluş...,0,social_imperative,punctuation+case_variant
Kuzeninle parkta buluş yakında,0,social_imperative,time_modifier
Kuzeninle parkta buluş sanırım...,0,social_imperative,filler+typo+punctuation
Kuzeninle parkta buluş galiba,0,social_imperative,future_tense+filler+synonym_swap
sanırım kuzeninle parkta buluş,0,social_imperative,subject_prefix
Kuzeninle parkta buluş bugün içinde,0,social_imperative,typo+time_modifier
bence kuzeninle parkta buluş,0,social_imperative,subject_prefix
evet kuzeninle parkta buluş az sonra,0,social_imperative,subject_prefix+time_modifier
Kuzeninle parkta buluş... yarın,0,social_imperative,punctuation+future_tense+time_modifier
Komşunla sohbet et,0,social_imperative,original
komşunla sohbet et valla,0,social_imperative,case_variant+typo+filler
kesin olarak komşunla sohbet et,0,social_imperative,synonym_swap+subject_prefix
aslında komşunla sohbet et,0,social_imperative,future_tense+typo+filler
bugün ben komşunla sohbet et,0,social_imperative,subject_prefix+case_variant
Komşunla sohbet et az sonra,0,social_imperative,synonym_swap+future_tense+time_modifier
yakında komşunla sohbet et.,0,social_imperative,time_modifier+punctuation+case_variant
kararımı verdim komşunla sohbet et,0,social_imperative,synonym_swap+case_variant+subject_prefix
yarın komşunla sohbet et,0,social_imperative,time_modifier
az sonra komşunla sohbet et,0,social_imperative,time_modifier
sanırım komşunla sohbet et!,0,social_imperative,filler+punctuation
Komşunla sohbet et.,0,social_imperative,synonym_swap+future_tense+punctuation
Aileye sürpriz hazırla,0,social_imperative,original
evet aileye sürpriz hazırla,0,social_imperative,subject_prefix
Aileye sürpriz hazirla.!,0,social_imperative,punctuation+typo
gece olunca aileye sürpriz hazırla,0,social_imperative,case_variant+time_modifier+future_tense
bu gece aileye sürpriz hazırla,0,social_imperative,case_variant+time_modifier
az sonra aileye sürpriz hazırla,0,social_imperative,synonym_swap+time_modifier+case_variant
akşam olunca aileye sürpriz hazırla,0,social_imperative,time_modifier
Aileye sürpriz hazırla bu gece,0,social_imperative,time_modifier
Aileye sürpriz hazırla yarın,0,social_imperative,synonym_swap+time_modifier
ya galiba aileye sürpriz hazırla.,0,social_imperative,filler+subject_prefix+punctuation
kesin olarak aileye sürpriz hazırla,0,social_imperative,typo+subject_prefix
artık aileye sürpriz hazırla,0,social_imperative,typo+subject_prefix
Babasının doğum gününü kutla,0,social_imperative,original
galiba babasının doğum gününü kutla,0,social_imperative,future_tense+filler
Babasının doğum gününü kutla sanırım,0,social_imperative,filler
Babasının doğum gününü kutla..,0,social_imperative,punctuation
Babasının doğum gününü kutla bu hafta,0,social_imperative,time_modifier
Babasının doğum gününü kutla yarın,0,social_imperative,time_modifier
bugün ben babasının doğum gününü kutla!,0,social_imperative,subject_prefix+punctuation
artık babasının doğum gününü kutla,0,social_imperative,subject_prefix+case_variant
galiba babasının doğum gününü kutla...,0,social_imperative,filler+synonym_swap+punctuation
Babasının doğum gününü kutla yakında,0,social_imperative,time_modifier
Babasının doğum gününü kutla galiba,0,social_imperative,synonym_swap+case_variant+filler
Babasının doğum gününü kutla...,0,social_imperative,synonym_swap+punctuation
Hasta arkadaşını ziyaret et,0,social_imperative,original
sanırım hasta arkadaşını ziyaret et,0,social_imperative,filler
bu hafta hasta arkadaşını ziyaret et,0,social_imperative,future_tense+synonym_swap+time_modifier
bu akşam hasta arkadaşını ziyaret et,0,social_imperative,time_modifier
kesin hasta arkadaşını ziyaret et,0,social_imperative,punctuation+future_tense+filler
Hasta arkadaşını ziyaret et akşama kesin,0,social_imperative,time_modifier+filler+case_variant
yakında hasta arkadaşını ziyaret et,0,social_imperative,time_modifier+future_tense+typo
Hasta arkadaşını ziyaret et aslında,0,social_imperative,filler
bu gece hasta arkadaşını ziyaret Et,0,social_imperative,time_modifier+future_tense+case_variant
Hasta arkadaşını Ziyaret et.,0,social_imperative,punctuation+case_variant+synonym_swap
Hasta arkadaşını ziyaret et.!,0,social_imperative,punctuation
artık hasta arkadaşını ziyaret et,0,social_imperative,subject_prefix+typo
Kediyle oyun oyna,0,pet_imperative,original
yarın sabah kediyle oyun oyna artık,0,pet_imperative,future_tense+filler+time_modifier
Kediyle oyun oyna!,0,pet_imperative,punctuation+synonym_swap+future_tense
Kediyle oyun oyna...,0,pet_imperative,future_tense+punctuation+synonym_swap
sanırım kediyle oyun oyna bu hafta,0,pet_imperative,synonym_swap+time_modifier+filler
ya kediyle Oyun oyna,0,pet_imperative,case_variant+synonym_swap+subject_prefix
ya kediyle oyun oyna sanırım az sonra,0,pet_imperative,filler+subject_prefix+time_modifier
ben de valla gece olunca kediyle oyun oyna,0,pet_imperative,time_modifier+filler+subject_prefix
sanırım kediyle oyun oyna,0,pet_imperative,case_variant+subject_prefix
Kediyle oyun oyna bugün içinde,0,pet_imperative,time_modifier
Kediyle oyun oyna kesin,0,pet_imperative,typo+filler+synonym_swap
Kediyle oyun oyna.,0,pet_imperative,punctuation+typo
Evcil hayvana banyo yaptır,0,pet_imperative,original
sanırım evcil hayvana banyo yaptır,0,pet_imperative,subject_prefix
artık evcil hayvana banyo yaptır,0,pet_imperative,subject_prefix
bu hafta evcil hayvana banyo yaptır,0,pet_imperative,time_modifier
bu hafta evcil hayvana banyo yaptır yani,0,pet_imperative,case_variant+time_modifier+filler
kesin olarak evcil hayvana banyo yaptır,0,pet_imperative,case_variant+future_tense+subject_prefix
evcil hayvana banyo yaptır yani,0,pet_imperative,future_tense+filler+case_variant
Evcil hayvana banyo yaptır kesin,0,pet_imperative,filler+typo
evet evcil hayvana banyo yaptır,0,pet_imperative,subject_prefix
Evcil hayvana banyo yaptır sabaha,0,pet_imperative,time_modifier+future_tense+synonym_swap
Evcil hayvana banyo yaptır galiba...,0,pet_imperative,filler+punctuation
Evcil hayvana banyo yaptır valla,0,pet_imperative,filler
Yeni bir tarif dene mutfakta,0,cooking_imperative,original
yani yeni bir tarif dene mutfakta,0,cooking_imperative,filler+case_variant
Yeni bir tarif dene mutfakta yakında,0,cooking_imperative,time_modifier
karar verdim yeni bir tarif dene mutfakta.!,0,cooking_imperative,subject_prefix+future_tense+punctuation
ben yeni bir tarif dene mutfakta,0,cooking_imperative,subject_prefix+synonym_swap+case_variant
bence yeni bir tarif dene mutfakta,0,cooking_imperative,synonym_swap+subject_prefix
Yeni bir tarif dene mutfakta kesin yakında,0,cooking_imperative,filler+synonym_swap+time_modifier
şimdi yeni bir tarif dene mutfakta,0,cooking_imperative,time_modifier
Yeni bir tarif dene mutfakta..,0,cooking_imperative,case_variant+punctuation
sanırım yeni bir tarif dene mutfakta,0,cooking_imperative,typo+synonym_swap+subject_prefix
evet yeni bir tarif dene mutfakta,0,cooking_imperative,subject_prefix
Yeni bir tarif dene mutfakta...,0,cooking_imperative,punctuation
Akşam yemeğinde pasta yap,0,cooking_imperative,original
artık akşam yemeğinde pasta yap akşama,0,cooking_imperative,subject_prefix+time_modifier
ben akşam yemeğinde pasta yap...,0,cooking_imperative,future_tense+punctuation+subject_prefix
Akşam yemeğinde pasta yap..,0,cooking_imperative,case_variant+synonym_swap+punctuation
sanırım akşam yemeğinde pasta yap,0,cooking_imperative,filler
Akşam yemeğinde pasta yap!,0,cooking_imperative,future_tense+typo+punctuation
kesin akşam yemeğinde pasta yap,0,cooking_imperative,filler+future_tense+synonym_swap
ya akşam yemeğinde pasta yap akşama,0,cooking_imperative,time_modifier+subject_prefix
yarın akşam yemeğinde pasta yap,0,cooking_imperative,time_modifier+future_tense
Akşam yemeğinde pasta yap valla,0,cooking_imperative,punctuation+filler
yani akşam yemeğinde pasta yap,0,cooking_imperative,synonym_swap+typo+filler
aslında akşam yemeğinde pasta yap,0,cooking_imperative,filler
Omlet yap kahvaltıya,0,cooking_imperative,original
yarın sabah omlet yap kahvaltıya,0,cooking_imperative,time_modifier
Galiba omlet yap kahvaltıya,0,cooking_imperative,typo+filler+case_variant
bugün ben omlet yap kahvaltıya,0,cooking_imperative,subject_prefix
valla omlet yap kahvaltıya,0,cooking_imperative,filler
bugün ben omlet yap kahvaltıya valla,0,cooking_imperative,subject_prefix+future_tense+filler
Omlet yap kahvaltıya kesin az sonra,0,cooking_imperative,filler+time_modifier
az sonra omlet yap kahvaltıya,0,cooking_imperative,time_modifier+typo
galiba omlet yap kahvaltıya.,0,cooking_imperative,punctuation+filler+future_tense
ben de omlet yap kahvaltıya,0,cooking_imperative,subject_prefix
gece olunca yani omlet yap kahvaltıya,0,cooking_imperative,filler+time_modifier+synonym_swap
Omlet yap kahvaltıya kesin,0,cooking_imperative,filler+synonym_swap+future_tense
Yemek tarifi araştır,0,cooking_imperative,original
evet yemek tarifi araştır,0,cooking_imperative,subject_prefix+typo+synonym_swap
artık karar verdim yemek tarifi araştır!,0,cooking_imperative,subject_prefix+punctuation+filler
Yemek tarifi araştır sabaha,0,cooking_imperative,time_modifier+case_variant+synonym_swap
ben de valla yemek tarifi arastır,0,cooking_imperative,typo+filler+subject_prefix
Yemek tarifi araştır akşama... sanırım,0,cooking_imperative,time_modifier+punctuation+filler
Yemek tarifi araştır! sabaha,0,cooking_imperative,punctuation+time_modifier
Yemek tarifi araştır...,0,cooking_imperative,typo+punctuation
ben de yemek tarifi araştır,0,cooking_imperative,subject_prefix
kesin olarak yemek tarifi araştır,0,cooking_imperative,subject_prefix+synonym_swap
yani yemek tarifi araştır,0,cooking_imperative,filler+synonym_swap
Yemek tarifi araştır.!,0,cooking_imperative,punctuation
Sebze yemeği pişir,0,cooking_imperative,original
Sebze yemeği pişir artık,0,cooking_imperative,filler
sebze yemeği pişir galiba,0,cooking_imperative,case_variant+filler+synonym_swap
bu gece sebze yemeği pişir galiba,0,cooking_imperative,time_modifier+filler
Sebze yemeği pişir.,0,cooking_imperative,future_tense+punctuation
bu hafta sebze Yemeği pişir sanırım,0,cooking_imperative,filler+time_modifier+case_variant
Sebze yemeği pişir bugün içinde,0,cooking_imperative,time_modifier+future_tense
Sebze yemeği pişir. aslında,0,cooking_imperative,punctuation+filler+future_tense
ben de sebze yemeği pişir,0,cooking_imperative,subject_prefix
Sebze yemeği pişir..,0,cooking_imperative,punctuation+future_tense
Sebze yemeği pişir bu gece,0,cooking_imperative,case_variant+time_modifier+typo
bence sebze yemeği pişir valla,0,cooking_imperative,synonym_swap+filler+subject_prefix
Salata hazırla,0,cooking_imperative,original
aslında salata hazırla...,0,cooking_imperative,filler+typo+punctuation
az sonra salata hazırla,0,cooking_imperative,time_modifier+future_tense+punctuation
Salata hazırla!,0,cooking_imperative,punctuation
Salata hazırla valla,0,cooking_imperative,filler+case_variant
Salata hazırla..,0,cooking_imperative,punctuation+future_tense+synonym_swap
ben de salata hazırla,0,cooking_imperative,typo+subject_prefix
ben salata hazırla sabaha,0,cooking_imperative,typo+subject_prefix+time_modifier
bence salata hazırla.!,0,cooking_imperative,punctuation+subject_prefix
Salata hazırla bu hafta,0,cooking_imperative,time_modifier
kararımı verdim salata hazırla... bugün içinde,0,cooking_imperative,subject_prefix+punctuation+time_modifier
artık salata hazırla valla,0,cooking_imperative,subject_prefix+filler
Kek yap bugün,0,cooking_imperative,original
Kek yap bugün yarın,0,cooking_imperative,time_modifier+synonym_swap+case_variant
evet kek yap bugün...,0,cooking_imperative,typo+subject_prefix+punctuation
bugün ben kek yap bugün!,0,cooking_imperative,subject_prefix+punctuation+future_tense
kararımı verdim artık kek yap bugün,0,cooking_imperative,filler+subject_prefix
valla kek yap bugün,0,cooking_imperative,filler+synonym_swap+typo
az sonra kek yap bugün,0,cooking_imperative,time_modifier+case_variant
Kek yap bugün sabaha..,0,cooking_imperative,typo+time_modifier+punctuation
Kek yap bugün artık,0,cooking_imperative,punctuation+filler+synonym_swap
Kek yap bugün.!,0,cooking_imperative,punctuation
bugün ben kek yap bugün. az sonra,0,cooking_imperative,punctuation+time_modifier+subject_prefix
ben de kek yap bugün!,0,cooking_imperative,subject_prefix+punctuation+future_tense
Sevgiline çiçek al,0,social_imperative,original
Bence sevgiline çiçek al,0,social_imperative,subject_prefix+case_variant+typo
aslında yakında sevgiline çiçek al,0,social_imperative,time_modifier+punctuation+filler
Sevgiline çiçek al bugün içinde,0,social_imperative,time_modifier+typo
ya sevgiline çiçek al,0,social_imperative,subject_prefix+synonym_swap
bence bu gece sevgiline çiçek al..,0,social_imperative,time_modifier+punctuation+subject_prefix
Sevgiline çiçek al sanırım,0,social_imperative,filler
sevgiline çiçek al kesin,0,social_imperative,typo+case_variant+filler
bu akşam sevgiline çiçek al,0,social_imperative,punctuation+time_modifier+synonym_swap
sanırım sevgiline çiçek al.!,0,social_imperative,punctuation+typo+subject_prefix
evet sevgiline çiçek al,0,social_imperative,subject_prefix+typo
gece olunca sevgiline çiçek al,0,social_imperative,typo+time_modifier+synonym_swap
Eşine kahve götür,0,social_imperative,original
bence eşine kahve götür!,0,social_imperative,punctuation+subject_prefix
bu gece ya eşine kahve götür sanırım,0,social_imperative,filler+subject_prefix+time_modifier
şimdi eşine kahve götür,0,social_imperative,typo+time_modifier
bu hafta eşine kahve götür!,0,social_imperative,time_modifier+punctuation+future_tense
Kesin olarak eşine kahve götür,0,social_imperative,subject_prefix+case_variant
Eşine kahve götür.! yani,0,social_imperative,punctuation+filler+typo
Eşine kahve götür bu gece,0,social_imperative,time_modifier+future_tense
Eşine kahve götür valla,0,social_imperative,filler
ben eşine kahve götür bu hafta,0,social_imperative,subject_prefix+future_tense+time_modifier
Eşine kahve götür galiba,0,social_imperative,filler+synonym_swap+punctuation
Eşine kahve götür..,0,social_imperative,punctuation+typo
Çocuğa kitap oku uyumadan önce,0,daily_imperative,original
Çocuğa kitap oku Uyumadan önce...,0,daily_imperative,synonym_swap+case_variant+punctuation
valla çocuğa kitap oku uyumadan önce,0,daily_imperative,typo+filler
Çocuğa kitap oku uyumadan önce!,0,daily_imperative,punctuation+synonym_swap
bence çocuğa kitap oku uyumadan önce,0,daily_imperative,future_tense+case_variant+subject_prefix
Çocuğa kitap oku uyumadan önce valla,0,daily_imperative,typo+filler
şimdi çocuğa kitap oku uyumadan önce,0,daily_imperative,time_modifier
artık çocuğa kitap oku uyumadan önce,0,daily_imperative,filler
Çocuğa kitap oku uyumadan önce kesin,0,daily_imperative,filler+synonym_swap
Çocuğa kitap oku uyumadan önce sanırım,0,daily_imperative,filler+punctuation+future_tense
Çocuğa kitap oku uyumadan önce bu hafta,0,daily_imperative,time_modifier+future_tense+synonym_swap
sanırım çocuğa kitap oku uyumadan önce bugün içinde,0,daily_imperative,subject_prefix+time_modifier
